999
dxfrw 0.6.3
  0
SECTION
  2
HEADER
  9
$ACADVER
  1
AC1021
  9
$DWGCODEPAGE
  3
ANSI_1252
  9
$INSBASE
 10
0
 20
0
 30
0
  9
$EXTMIN
 10
-1225.778943969016
 20
477.9886441479957
 30
0
  9
$EXTMAX
 10
1024.684002378687
 20
2070.767932841547
 30
0
  9
$LIMMIN
 10
0
 20
0
  9
$LIMMAX
 10
420
 20
297
  9
$ORTHOMODE
 70
    0
  9
$REGENMODE
 70
    1
  9
$FILLMODE
 70
    1
  9
$QTEXTMODE
 70
    0
  9
$MIRRTEXT
 70
    0
  9
$LTSCALE
 40
1
  9
$ATTMODE
 70
    0
  9
$TEXTSIZE
 40
2.5
  9
$TRACEWID
 40
15.68
  9
$TEXTSTYLE
  7
STANDARD
  9
$CLAYER
  8
4 Text
  9
$CELTYPE
  6
BYLAYER
  9
$CECOLOR
 62
  256
  9
$CELTSCALE
 40
1
  9
$DISPSILH
 70
    0
  9
$DIMSCALE
 40
2.5
  9
$DIMASZ
 40
2.5
  9
$DIMEXO
 40
0.625
  9
$DIMDLI
 40
3.75
  9
$DIMRND
 40
0
  9
$DIMDLE
 40
0
  9
$DIMEXE
 40
1.25
  9
$DIMTP
 40
0
  9
$DIMTM
 40
0
  9
$DIMTXT
 40
2.5
  9
$DIMCEN
 40
2.5
  9
$DIMTSZ
 40
0
  9
$DIMTOL
 70
    0
  9
$DIMLIM
 70
    0
  9
$DIMTIH
 70
    0
  9
$DIMTOH
 70
    0
  9
$DIMSE1
 70
    0
  9
$DIMSE2
 70
    0
  9
$DIMTAD
 70
    1
  9
$DIMZIN
 70
    8
  9
$DIMBLK
  1

  9
$DIMASO
 70
    1
  9
$DIMSHO
 70
    1
  9
$DIMPOST
  1

  9
$DIMAPOST
  1

  9
$DIMALT
 70
    0
  9
$DIMALTD
 70
    3
  9
$DIMALTF
 40
0.03937
  9
$DIMLFAC
 40
1
  9
$DIMTOFL
 70
    1
  9
$DIMTVP
 40
0
  9
$DIMTIX
 70
    0
  9
$DIMSOXD
 70
    0
  9
$DIMSAH
 70
    0
  9
$DIMBLK1
  1

  9
$DIMBLK2
  1

  9
$DIMSTYLE
  2
STANDARD
  9
$DIMCLRD
 70
    0
  9
$DIMCLRE
 70
    0
  9
$DIMCLRT
 70
    0
  9
$DIMTFAC
 40
1
  9
$DIMGAP
 40
0.625
  9
$DIMJUST
 70
    0
  9
$DIMSD1
 70
    0
  9
$DIMSD2
 70
    0
  9
$DIMTOLJ
 70
    0
  9
$DIMTZIN
 70
    8
  9
$DIMALTZ
 70
    0
  9
$DIMALTTZ
 70
    0
  9
$DIMUPT
 70
    0
  9
$DIMDEC
 70
    0
  9
$DIMTDEC
 70
    2
  9
$DIMALTU
 70
    2
  9
$DIMALTTD
 70
    3
  9
$DIMTXSTY
  7
standard
  9
$DIMAUNIT
 70
    0
  9
$DIMADEC
 70
    0
  9
$DIMALTRND
 40
0
  9
$DIMAZIN
 70
    0
  9
$DIMDSEP
 70
   44
  9
$DIMATFIT
 70
    3
  9
$DIMFRAC
 70
    0
  9
$DIMLDRBLK
  1
STANDARD
  9
$DIMLUNIT
 70
    2
  9
$DIMLWD
 70
   -2
  9
$DIMLWE
 70
   -2
  9
$DIMTMOVE
 70
    0
  9
$DIMFXL
 40
1
  9
$DIMFXLON
 70
    0
  9
$DIMJOGANG
 40
0.7854
  9
$DIMTFILL
 70
    0
  9
$DIMTFILLCLR
 70
    0
  9
$DIMARCSYM
 70
    0
  9
$DIMLTYPE
  6

  9
$DIMLTEX1
  6

  9
$DIMLTEX2
  6

  9
$LUNITS
 70
    2
  9
$LUPREC
 70
    1
  9
$SKETCHINC
 40
1
  9
$FILLETRAD
 40
0
  9
$AUNITS
 70
    0
  9
$AUPREC
 70
    1
  9
$MENU
  1
.
  9
$ELEVATION
 40
0
  9
$PELEVATION
 40
0
  9
$THICKNESS
 40
0
  9
$LIMCHECK
 70
    0
  9
$CHAMFERA
 40
0
  9
$CHAMFERB
 40
0
  9
$CHAMFERC
 40
0
  9
$CHAMFERD
 40
0
  9
$SKPOLY
 70
    0
  9
$USRTIMER
 70
    1
  9
$ANGBASE
 50
0
  9
$ANGDIR
 70
    0
  9
$PDMODE
 70
   34
  9
$PDSIZE
 40
0
  9
$PLINEWID
 40
0
  9
$SPLFRAME
 70
    0
  9
$SPLINETYPE
 70
    2
  9
$SPLINESEGS
 70
    8
  9
$HANDSEED
  5
20000
  9
$SURFTAB1
 70
    6
  9
$SURFTAB2
 70
    6
  9
$SURFTYPE
 70
    6
  9
$SURFU
 70
    6
  9
$SURFV
 70
    6
  9
$UCSBASE
  2

  9
$UCSNAME
  2

  9
$UCSORG
 10
0
 20
0
 30
0
  9
$UCSXDIR
 10
1
 20
0
 30
0
  9
$UCSYDIR
 10
0
 20
1
 30
0
  9
$UCSORTHOREF
  2

  9
$UCSORTHOVIEW
 70
    0
  9
$UCSORGTOP
 10
0
 20
0
 30
0
  9
$UCSORGBOTTOM
 10
0
 20
0
 30
0
  9
$UCSORGLEFT
 10
0
 20
0
 30
0
  9
$UCSORGRIGHT
 10
0
 20
0
 30
0
  9
$UCSORGFRONT
 10
0
 20
0
 30
0
  9
$UCSORGBACK
 10
0
 20
0
 30
0
  9
$PUCSBASE
  2

  9
$PUCSNAME
  2

  9
$PUCSORG
 10
0
 20
0
 30
0
  9
$PUCSXDIR
 10
1
 20
0
 30
0
  9
$PUCSYDIR
 10
0
 20
1
 30
0
  9
$PUCSORTHOREF
  2

  9
$PUCSORTHOVIEW
 70
    0
  9
$PUCSORGTOP
 10
0
 20
0
 30
0
  9
$PUCSORGBOTTOM
 10
0
 20
0
 30
0
  9
$PUCSORGLEFT
 10
0
 20
0
 30
0
  9
$PUCSORGRIGHT
 10
0
 20
0
 30
0
  9
$PUCSORGFRONT
 10
0
 20
0
 30
0
  9
$PUCSORGBACK
 10
0
 20
0
 30
0
  9
$USERI1
 70
    0
  9
$USERI2
 70
    0
  9
$USERI3
 70
    0
  9
$USERI4
 70
    0
  9
$USERI5
 70
    0
  9
$USERR1
 40
0
  9
$USERR2
 40
0
  9
$USERR3
 40
0
  9
$USERR4
 40
0
  9
$USERR5
 40
0
  9
$WORLDVIEW
 70
    1
  9
$SHADEDGE
 70
    3
  9
$SHADEDIF
 70
   70
  9
$TILEMODE
 70
    1
  9
$MAXACTVP
 70
   64
  9
$PINSBASE
 10
1091.012690261932
 20
-1524.557680643053
 30
0
  9
$PLIMCHECK
 70
    0
  9
$PEXTMIN
 10
0
 20
0
 30
0
  9
$PEXTMAX
 10
0
 20
0
 30
0
  9
$GRIDMODE
 70
    1
  9
$SNAPSTYLE
 70
    0
  9
$GRIDUNIT
 10
0
 20
0
  9
$PLIMMIN
 10
0
 20
0
  9
$PLIMMAX
 10
297
 20
210
  9
$UNITMODE
 70
    0
  9
$VISRETAIN
 70
    1
  9
$PLINEGEN
 70
    0
  9
$PSLTSCALE
 70
    1
  9
$TREEDEPTH
 70
 3020
  9
$CMLSTYLE
  2
Standard
  9
$CMLJUST
 70
    0
  9
$CMLSCALE
 40
20
  9
$PROXYGRAPHICS
 70
    1
  9
$MEASUREMENT
 70
    1
  9
$CELWEIGHT
370
   -1
  9
$ENDCAPS
280
    0
  9
$JOINSTYLE
280
    0
  9
$LWDISPLAY
290
    0
  9
$INSUNITS
 70
    0
  9
$HYPERLINKBASE
  1

  9
$STYLESHEET
  1

  9
$XEDIT
290
    1
  9
$CEPSNTYPE
380
    0
  9
$PSTYLEMODE
290
    1
  9
$EXTNAMES
290
    1
  9
$PSVPSCALE
 40
1
  9
$OLESTARTUP
290
    0
  9
$SORTENTS
280
  127
  9
$INDEXCTL
280
    0
  9
$HIDETEXT
280
    1
  9
$XCLIPFRAME
290
    0
  9
$HALOGAP
280
    0
  9
$OBSCOLOR
 70
  257
  9
$OBSLTYPE
280
    0
  9
$INTERSECTIONDISPLAY
280
    0
  9
$INTERSECTIONCOLOR
 70
  257
  9
$DIMASSOC
280
    1
  9
$PROJECTNAME
  1

  9
$CAMERADISPLAY
290
    0
  9
$LENSLENGTH
 40
50
  9
$CAMERAHEIGHT
 40
0
  9
$STEPSPERSEC
 40
2
  9
$STEPSIZE
 40
50
  9
$3DDWFPREC
 40
2
  9
$PSOLWIDTH
 40
5
  9
$PSOLHEIGHT
 40
80
  9
$LOFTANG1
 40
1.570796326794897
  9
$LOFTANG2
 40
1.570796326794897
  9
$LOFTMAG1
 40
0
  9
$LOFTMAG2
 40
0
  9
$LOFTPARAM
 70
    7
  9
$LOFTNORMALS
280
    1
  9
$LATITUDE
 40
1
  9
$LONGITUDE
 40
1
  9
$NORTHDIRECTION
 40
0
  9
$TIMEZONE
 70
-8000
  9
$LIGHTGLYPHDISPLAY
280
    1
  9
$TILEMODELIGHTSYNCH
280
    1
  9
$SOLIDHIST
280
    1
  9
$SHOWHIST
280
    1
  9
$DWFFRAME
280
    2
  9
$DGNFRAME
280
    0
  9
$REALWORLDSCALE
290
    1
  9
$INTERFERECOLOR
 62
    1
  9
$CSHADOW
280
    0
  9
$SHADOWPLANELOCATION
 40
0
  0
ENDSEC
  0
SECTION
  2
CLASSES
  0
ENDSEC
  0
SECTION
  2
TABLES
  0
TABLE
  2
VPORT
  5
8
330
0
100
AcDbSymbolTable
 70
    1
  0
VPORT
  5
31
330
2
100
AcDbSymbolTableRecord
100
AcDbViewportTableRecord
  2
*ACTIVE
 70
    0
 10
0
 20
0
 11
1
 21
1
 12
744.2491498937175
 22
1158.368974677839
 13
0
 23
0
 14
10
 24
10
 15
10
 25
10
 16
0
 26
0
 36
1
 17
0
 27
0
 37
0
 40
1647.147021394873
 41
2.093484419263456
 42
50
 43
0
 44
0
 50
0
 51
0
 71
    0
 72
  100
 73
    1
 74
    3
 75
    0
 76
    1
 77
    0
 78
    0
281
    0
 65
    1
110
0
120
0
130
0
111
1
121
0
131
0
112
0
122
1
132
0
 79
    0
146
0
348
10020
 60
    7
 61
    5
292
1
282
    1
141
0
142
0
 63
  250
421
3358443
  0
ENDTAB
  0
TABLE
  2
LTYPE
  5
5
330
0
100
AcDbSymbolTable
 70
    4
  0
LTYPE
  5
14
330
5
100
AcDbSymbolTableRecord
100
AcDbLinetypeTableRecord
  2
ByBlock
 70
    0
  3

 72
   65
 73
    0
 40
0
  0
LTYPE
  5
15
330
5
100
AcDbSymbolTableRecord
100
AcDbLinetypeTableRecord
  2
ByLayer
 70
    0
  3

 72
   65
 73
    0
 40
0
  0
LTYPE
  5
16
330
5
100
AcDbSymbolTableRecord
100
AcDbLinetypeTableRecord
  2
Continuous
 70
    0
  3
Solid line
 72
   65
 73
    0
 40
0
  0
LTYPE
  5
32
330
5
100
AcDbSymbolTableRecord
100
AcDbLinetypeTableRecord
  2
DOT
 70
    0
  3
Dot . . . . . . . . . . . . . . . . . . . . . .
 72
   65
 73
    2
 40
6.35
 49
0
 74
    0
 49
-6.35
 74
    0
  0
LTYPE
  5
33
330
5
100
AcDbSymbolTableRecord
100
AcDbLinetypeTableRecord
  2
DOTTINY
 70
    0
  3
Dot (.15x) .....................................
 72
   65
 73
    2
 40
0.9525
 49
0
 74
    0
 49
-0.9525
 74
    0
  0
LTYPE
  5
34
330
5
100
AcDbSymbolTableRecord
100
AcDbLinetypeTableRecord
  2
DOT2
 70
    0
  3
Dot (.5x) .....................................
 72
   65
 73
    2
 40
3.175
 49
0
 74
    0
 49
-3.175
 74
    0
  0
LTYPE
  5
35
330
5
100
AcDbSymbolTableRecord
100
AcDbLinetypeTableRecord
  2
DOTX2
 70
    0
  3
Dot (2x) .  .  .  .  .  .  .  .  .  .  .  .  .
 72
   65
 73
    2
 40
12.7
 49
0
 74
    0
 49
-12.7
 74
    0
  0
LTYPE
  5
36
330
5
100
AcDbSymbolTableRecord
100
AcDbLinetypeTableRecord
  2
DASHED
 70
    0
  3
Dashed _ _ _ _ _ _ _ _ _ _ _ _ _ _ _ _ _
 72
   65
 73
    2
 40
19.05
 49
12.7
 74
    0
 49
-6.35
 74
    0
  0
LTYPE
  5
37
330
5
100
AcDbSymbolTableRecord
100
AcDbLinetypeTableRecord
  2
DASHEDTINY
 70
    0
  3
Dashed (.15x) _ _ _ _ _ _ _ _ _ _ _ _ _ _ _ _ _
 72
   65
 73
    2
 40
2.8575
 49
1.905
 74
    0
 49
-0.9525
 74
    0
  0
LTYPE
  5
38
330
5
100
AcDbSymbolTableRecord
100
AcDbLinetypeTableRecord
  2
DASHED2
 70
    0
  3
Dashed (.5x) _ _ _ _ _ _ _ _ _ _ _ _ _ _ _ _ _
 72
   65
 73
    2
 40
9.524999999999999
 49
6.35
 74
    0
 49
-3.175
 74
    0
  0
LTYPE
  5
39
330
5
100
AcDbSymbolTableRecord
100
AcDbLinetypeTableRecord
  2
DASHEDX2
 70
    0
  3
Dashed (2x) ____  ____  ____  ____  ____  ___
 72
   65
 73
    2
 40
38.09999999999999
 49
25.4
 74
    0
 49
-12.7
 74
    0
  0
LTYPE
  5
3A
330
5
100
AcDbSymbolTableRecord
100
AcDbLinetypeTableRecord
  2
DASHDOT
 70
    0
  3
Dash dot __ . __ . __ . __ . __ . __ . __ . __
 72
   65
 73
    4
 40
25.4
 49
12.7
 74
    0
 49
-6.35
 74
    0
 49
0
 74
    0
 49
-6.35
 74
    0
  0
LTYPE
  5
3B
330
5
100
AcDbSymbolTableRecord
100
AcDbLinetypeTableRecord
  2
DASHDOTTINY
 70
    0
  3
Dash dot (.15x) _._._._._._._._._._._._._._._.
 72
   65
 73
    4
 40
3.81
 49
1.905
 74
    0
 49
-0.9525
 74
    0
 49
0
 74
    0
 49
-0.9525
 74
    0
  0
LTYPE
  5
3C
330
5
100
AcDbSymbolTableRecord
100
AcDbLinetypeTableRecord
  2
DASHDOT2
 70
    0
  3
Dash dot (.5x) _._._._._._._._._._._._._._._.
 72
   65
 73
    4
 40
12.7
 49
6.35
 74
    0
 49
-3.175
 74
    0
 49
0
 74
    0
 49
-3.175
 74
    0
  0
LTYPE
  5
3D
330
5
100
AcDbSymbolTableRecord
100
AcDbLinetypeTableRecord
  2
DASHDOTX2
 70
    0
  3
Dash dot (2x) ____  .  ____  .  ____  .  ___
 72
   65
 73
    4
 40
50.8
 49
25.4
 74
    0
 49
-12.7
 74
    0
 49
0
 74
    0
 49
-12.7
 74
    0
  0
LTYPE
  5
3E
330
5
100
AcDbSymbolTableRecord
100
AcDbLinetypeTableRecord
  2
DIVIDE
 70
    0
  3
Divide ____ . . ____ . . ____ . . ____ . . ____
 72
   65
 73
    6
 40
31.75
 49
12.7
 74
    0
 49
-6.35
 74
    0
 49
0
 74
    0
 49
-6.35
 74
    0
 49
0
 74
    0
 49
-6.35
 74
    0
  0
LTYPE
  5
3F
330
5
100
AcDbSymbolTableRecord
100
AcDbLinetypeTableRecord
  2
DIVIDETINY
 70
    0
  3
Divide (.15x) __..__..__..__..__..__..__..__.._
 72
   65
 73
    6
 40
4.7625
 49
1.905
 74
    0
 49
-0.9525
 74
    0
 49
0
 74
    0
 49
-0.9525
 74
    0
 49
0
 74
    0
 49
-0.9525
 74
    0
  0
LTYPE
  5
40
330
5
100
AcDbSymbolTableRecord
100
AcDbLinetypeTableRecord
  2
DIVIDE2
 70
    0
  3
Divide (.5x) __..__..__..__..__..__..__..__.._
 72
   65
 73
    6
 40
15.875
 49
6.35
 74
    0
 49
-3.175
 74
    0
 49
0
 74
    0
 49
-3.175
 74
    0
 49
0
 74
    0
 49
-3.175
 74
    0
  0
LTYPE
  5
41
330
5
100
AcDbSymbolTableRecord
100
AcDbLinetypeTableRecord
  2
DIVIDEX2
 70
    0
  3
Divide (2x) ________  .  .  ________  .  .  _
 72
   65
 73
    6
 40
63.5
 49
25.4
 74
    0
 49
-12.7
 74
    0
 49
0
 74
    0
 49
-12.7
 74
    0
 49
0
 74
    0
 49
-12.7
 74
    0
  0
LTYPE
  5
42
330
5
100
AcDbSymbolTableRecord
100
AcDbLinetypeTableRecord
  2
BORDER
 70
    0
  3
Border __ __ . __ __ . __ __ . __ __ . __ __ .
 72
   65
 73
    6
 40
44.45
 49
12.7
 74
    0
 49
-6.35
 74
    0
 49
12.7
 74
    0
 49
-6.35
 74
    0
 49
0
 74
    0
 49
-6.35
 74
    0
  0
LTYPE
  5
43
330
5
100
AcDbSymbolTableRecord
100
AcDbLinetypeTableRecord
  2
BORDERTINY
 70
    0
  3
Border (.15x) __.__.__.__.__.__.__.__.__.__.__.
 72
   65
 73
    6
 40
6.6675
 49
1.905
 74
    0
 49
-0.9525
 74
    0
 49
1.905
 74
    0
 49
-0.9525
 74
    0
 49
0
 74
    0
 49
-0.9525
 74
    0
  0
LTYPE
  5
44
330
5
100
AcDbSymbolTableRecord
100
AcDbLinetypeTableRecord
  2
BORDER2
 70
    0
  3
Border (.5x) __.__.__.__.__.__.__.__.__.__.__.
 72
   65
 73
    6
 40
22.225
 49
6.35
 74
    0
 49
-3.175
 74
    0
 49
6.35
 74
    0
 49
-3.175
 74
    0
 49
0
 74
    0
 49
-3.175
 74
    0
  0
LTYPE
  5
45
330
5
100
AcDbSymbolTableRecord
100
AcDbLinetypeTableRecord
  2
BORDERX2
 70
    0
  3
Border (2x) ____  ____  .  ____  ____  .  ___
 72
   65
 73
    6
 40
88.89999999999999
 49
25.4
 74
    0
 49
-12.7
 74
    0
 49
25.4
 74
    0
 49
-12.7
 74
    0
 49
0
 74
    0
 49
-12.7
 74
    0
  0
LTYPE
  5
46
330
5
100
AcDbSymbolTableRecord
100
AcDbLinetypeTableRecord
  2
CENTER
 70
    0
  3
Center ____ _ ____ _ ____ _ ____ _ ____ _ ____
 72
   65
 73
    4
 40
50.8
 49
31.75
 74
    0
 49
-6.35
 74
    0
 49
6.35
 74
    0
 49
-6.35
 74
    0
  0
LTYPE
  5
47
330
5
100
AcDbSymbolTableRecord
100
AcDbLinetypeTableRecord
  2
CENTERTINY
 70
    0
  3
Center (.15x) ___ _ ___ _ ___ _ ___ _ ___ _ ___
 72
   65
 73
    4
 40
7.62
 49
4.7625
 74
    0
 49
-0.9525
 74
    0
 49
0.9525
 74
    0
 49
-0.9525
 74
    0
  0
LTYPE
  5
48
330
5
100
AcDbSymbolTableRecord
100
AcDbLinetypeTableRecord
  2
CENTER2
 70
    0
  3
Center (.5x) ___ _ ___ _ ___ _ ___ _ ___ _ ___
 72
   65
 73
    4
 40
28.575
 49
19.05
 74
    0
 49
-3.175
 74
    0
 49
3.175
 74
    0
 49
-3.175
 74
    0
  0
LTYPE
  5
49
330
5
100
AcDbSymbolTableRecord
100
AcDbLinetypeTableRecord
  2
CENTERX2
 70
    0
  3
Center (2x) ________  __  ________  __  _____
 72
   65
 73
    4
 40
101.6
 49
63.5
 74
    0
 49
-12.7
 74
    0
 49
12.7
 74
    0
 49
-12.7
 74
    0
  0
ENDTAB
  0
TABLE
  2
LAYER
  5
2
330
0
100
AcDbSymbolTable
 70
    1
  0
LAYER
  5
10
330
2
100
AcDbSymbolTableRecord
100
AcDbLayerTableRecord
  2
0
 70
    0
 62
    7
  6
CONTINUOUS
370
    0
390
F
  0
LAYER
  5
4A
330
2
100
AcDbSymbolTableRecord
100
AcDbLayerTableRecord
  2
1 JPG
 70
    5
 62
    7
  6
CONTINUOUS
370
    0
390
F
  0
LAYER
  5
4B
330
2
100
AcDbSymbolTableRecord
100
AcDbLayerTableRecord
  2
2 BaseLine
 70
    4
 62
    7
  6
CONTINUOUS
370
   35
390
F
  0
LAYER
  5
4C
330
2
100
AcDbSymbolTableRecord
100
AcDbLayerTableRecord
  2
3 RefLine
 70
    4
 62
    3
  6
DOTTINY
370
   25
390
F
  0
LAYER
  5
4D
330
2
100
AcDbSymbolTableRecord
100
AcDbLayerTableRecord
  2
4 Text
 70
    0
 62
  131
420
11206655
  6
CONTINUOUS
370
   25
390
F
  0
LAYER
  5
4E
330
2
100
AcDbSymbolTableRecord
100
AcDbLayerTableRecord
  2
5 Aerofoil
 70
    4
 62
    6
  6
CONTINUOUS
370
   25
390
F
  0
LAYER
  5
4F
330
2
100
AcDbSymbolTableRecord
100
AcDbLayerTableRecord
  2
6 Spar
 70
    4
 62
    7
  6
CONTINUOUS
370
   35
390
F
  0
LAYER
  5
50
330
2
100
AcDbSymbolTableRecord
100
AcDbLayerTableRecord
  2
7 Rib
 70
    4
 62
   20
420
16733440
  6
CONTINUOUS
370
   35
390
F
  0
LAYER
  5
51
330
2
100
AcDbSymbolTableRecord
100
AcDbLayerTableRecord
  2
8 Linkage
 70
    4
 62
    4
  6
CONTINUOUS
370
   35
390
F
  0
LAYER
  5
52
330
2
100
AcDbSymbolTableRecord
100
AcDbLayerTableRecord
  2
9 Mecha
 70
    0
 62
  160
420
22015
  6
CONTINUOUS
370
   35
390
F
  0
ENDTAB
  0
TABLE
  2
STYLE
  5
3
330
0
100
AcDbSymbolTable
 70
    3
  0
STYLE
  5
53
330
2
100
AcDbSymbolTableRecord
100
AcDbTextStyleTableRecord
  2
STANDARD
 70
    0
 40
0
 41
1
 50
0
 71
    0
 42
1
  3
STANDARD
  4

  0
ENDTAB
  0
TABLE
  2
VIEW
  5
6
330
0
100
AcDbSymbolTable
 70
    0
  0
ENDTAB
  0
TABLE
  2
UCS
  5
7
330
0
100
AcDbSymbolTable
 70
    0
  0
ENDTAB
  0
TABLE
  2
APPID
  5
9
330
0
100
AcDbSymbolTable
 70
    1
  0
APPID
  5
12
330
9
100
AcDbSymbolTableRecord
100
AcDbRegAppTableRecord
  2
ACAD
 70
    0
  0
APPID
  5
54
330
9
100
AcDbSymbolTableRecord
100
AcDbRegAppTableRecord
  2
LibreCad
 70
    0
  0
ENDTAB
  0
TABLE
  2
DIMSTYLE
  5
A
330
0
100
AcDbSymbolTable
 70
    1
100
AcDbDimStyleTable
 71
    1
  0
DIMSTYLE
105
55
330
A
100
AcDbSymbolTableRecord
100
AcDbDimStyleTableRecord
  2
Standard
 70
    0
 40
2.5
 41
2.5
 42
0.625
 43
0.38
 44
1.25
 45
0
 46
0
 47
0
 48
0
 49
1
140
2.5
141
0.09
142
0
143
25.4
144
1
145
0
146
1
147
0.625
148
0
 71
    0
 72
    0
 73
    0
 74
    1
 75
    0
 76
    0
 77
    0
 78
    8
 79
    0
170
    0
171
    2
172
    0
173
    0
174
    0
175
    0
176
    0
177
    0
178
    0
179
    0
271
    0
272
    4
273
    2
274
    2
275
    0
276
    0
277
    2
278
   44
279
    0
280
    0
281
    0
282
    0
283
    1
284
    0
285
    0
286
    0
288
    0
289
    3
340
standard
341

371
   -2
372
   -2
  0
ENDTAB
  0
TABLE
  2
BLOCK_RECORD
  5
1
330
0
100
AcDbSymbolTable
 70
    2
  0
BLOCK_RECORD
  5
1F
330
1
100
AcDbSymbolTableRecord
100
AcDbBlockTableRecord
  2
*Model_Space
 70
    0
280
    1
281
    0
  0
BLOCK_RECORD
  5
1E
330
1
100
AcDbSymbolTableRecord
100
AcDbBlockTableRecord
  2
*Paper_Space
 70
    0
280
    1
281
    0
  0
BLOCK_RECORD
  5
56
330
1
100
AcDbSymbolTableRecord
100
AcDbBlockTableRecord
  2
*D71
 70
    0
280
    1
281
    0
  0
BLOCK_RECORD
  5
59
330
1
100
AcDbSymbolTableRecord
100
AcDbBlockTableRecord
  2
*D102
 70
    0
280
    1
281
    0
  0
BLOCK_RECORD
  5
5C
330
1
100
AcDbSymbolTableRecord
100
AcDbBlockTableRecord
  2
*D68
 70
    0
280
    1
281
    0
  0
BLOCK_RECORD
  5
5F
330
1
100
AcDbSymbolTableRecord
100
AcDbBlockTableRecord
  2
*D73
 70
    0
280
    1
281
    0
  0
BLOCK_RECORD
  5
62
330
1
100
AcDbSymbolTableRecord
100
AcDbBlockTableRecord
  2
*D122
 70
    0
280
    1
281
    0
  0
BLOCK_RECORD
  5
65
330
1
100
AcDbSymbolTableRecord
100
AcDbBlockTableRecord
  2
*D107
 70
    0
280
    1
281
    0
  0
BLOCK_RECORD
  5
68
330
1
100
AcDbSymbolTableRecord
100
AcDbBlockTableRecord
  2
*D116
 70
    0
280
    1
281
    0
  0
BLOCK_RECORD
  5
6B
330
1
100
AcDbSymbolTableRecord
100
AcDbBlockTableRecord
  2
*D69
 70
    0
280
    1
281
    0
  0
BLOCK_RECORD
  5
6E
330
1
100
AcDbSymbolTableRecord
100
AcDbBlockTableRecord
  2
*D62
 70
    0
280
    1
281
    0
  0
BLOCK_RECORD
  5
71
330
1
100
AcDbSymbolTableRecord
100
AcDbBlockTableRecord
  2
*D123
 70
    0
280
    1
281
    0
  0
BLOCK_RECORD
  5
74
330
1
100
AcDbSymbolTableRecord
100
AcDbBlockTableRecord
  2
*D20
 70
    0
280
    1
281
    0
  0
BLOCK_RECORD
  5
77
330
1
100
AcDbSymbolTableRecord
100
AcDbBlockTableRecord
  2
*D2
 70
    0
280
    1
281
    0
  0
BLOCK_RECORD
  5
7A
330
1
100
AcDbSymbolTableRecord
100
AcDbBlockTableRecord
  2
*D57
 70
    0
280
    1
281
    0
  0
BLOCK_RECORD
  5
7D
330
1
100
AcDbSymbolTableRecord
100
AcDbBlockTableRecord
  2
*D13
 70
    0
280
    1
281
    0
  0
BLOCK_RECORD
  5
80
330
1
100
AcDbSymbolTableRecord
100
AcDbBlockTableRecord
  2
*D80
 70
    0
280
    1
281
    0
  0
BLOCK_RECORD
  5
83
330
1
100
AcDbSymbolTableRecord
100
AcDbBlockTableRecord
  2
*D10
 70
    0
280
    1
281
    0
  0
BLOCK_RECORD
  5
86
330
1
100
AcDbSymbolTableRecord
100
AcDbBlockTableRecord
  2
*D45
 70
    0
280
    1
281
    0
  0
BLOCK_RECORD
  5
89
330
1
100
AcDbSymbolTableRecord
100
AcDbBlockTableRecord
  2
*D52
 70
    0
280
    1
281
    0
  0
BLOCK_RECORD
  5
8C
330
1
100
AcDbSymbolTableRecord
100
AcDbBlockTableRecord
  2
*D65
 70
    0
280
    1
281
    0
  0
BLOCK_RECORD
  5
8F
330
1
100
AcDbSymbolTableRecord
100
AcDbBlockTableRecord
  2
*D9
 70
    0
280
    1
281
    0
  0
BLOCK_RECORD
  5
92
330
1
100
AcDbSymbolTableRecord
100
AcDbBlockTableRecord
  2
*D26
 70
    0
280
    1
281
    0
  0
BLOCK_RECORD
  5
95
330
1
100
AcDbSymbolTableRecord
100
AcDbBlockTableRecord
  2
*D47
 70
    0
280
    1
281
    0
  0
BLOCK_RECORD
  5
98
330
1
100
AcDbSymbolTableRecord
100
AcDbBlockTableRecord
  2
*D39
 70
    0
280
    1
281
    0
  0
BLOCK_RECORD
  5
9B
330
1
100
AcDbSymbolTableRecord
100
AcDbBlockTableRecord
  2
*D88
 70
    0
280
    1
281
    0
  0
BLOCK_RECORD
  5
9E
330
1
100
AcDbSymbolTableRecord
100
AcDbBlockTableRecord
  2
*D98
 70
    0
280
    1
281
    0
  0
BLOCK_RECORD
  5
A1
330
1
100
AcDbSymbolTableRecord
100
AcDbBlockTableRecord
  2
*D117
 70
    0
280
    1
281
    0
  0
BLOCK_RECORD
  5
A4
330
1
100
AcDbSymbolTableRecord
100
AcDbBlockTableRecord
  2
*D50
 70
    0
280
    1
281
    0
  0
BLOCK_RECORD
  5
A7
330
1
100
AcDbSymbolTableRecord
100
AcDbBlockTableRecord
  2
*D51
 70
    0
280
    1
281
    0
  0
BLOCK_RECORD
  5
AA
330
1
100
AcDbSymbolTableRecord
100
AcDbBlockTableRecord
  2
*D1
 70
    0
280
    1
281
    0
  0
BLOCK_RECORD
  5
AD
330
1
100
AcDbSymbolTableRecord
100
AcDbBlockTableRecord
  2
*D35
 70
    0
280
    1
281
    0
  0
BLOCK_RECORD
  5
B0
330
1
100
AcDbSymbolTableRecord
100
AcDbBlockTableRecord
  2
*D93
 70
    0
280
    1
281
    0
  0
BLOCK_RECORD
  5
B3
330
1
100
AcDbSymbolTableRecord
100
AcDbBlockTableRecord
  2
*D30
 70
    0
280
    1
281
    0
  0
BLOCK_RECORD
  5
B6
330
1
100
AcDbSymbolTableRecord
100
AcDbBlockTableRecord
  2
*D3
 70
    0
280
    1
281
    0
  0
BLOCK_RECORD
  5
B9
330
1
100
AcDbSymbolTableRecord
100
AcDbBlockTableRecord
  2
*D28
 70
    0
280
    1
281
    0
  0
BLOCK_RECORD
  5
BC
330
1
100
AcDbSymbolTableRecord
100
AcDbBlockTableRecord
  2
*D115
 70
    0
280
    1
281
    0
  0
BLOCK_RECORD
  5
BF
330
1
100
AcDbSymbolTableRecord
100
AcDbBlockTableRecord
  2
*D8
 70
    0
280
    1
281
    0
  0
BLOCK_RECORD
  5
C2
330
1
100
AcDbSymbolTableRecord
100
AcDbBlockTableRecord
  2
*D49
 70
    0
280
    1
281
    0
  0
BLOCK_RECORD
  5
C5
330
1
100
AcDbSymbolTableRecord
100
AcDbBlockTableRecord
  2
*D87
 70
    0
280
    1
281
    0
  0
BLOCK_RECORD
  5
C8
330
1
100
AcDbSymbolTableRecord
100
AcDbBlockTableRecord
  2
*D108
 70
    0
280
    1
281
    0
  0
BLOCK_RECORD
  5
CB
330
1
100
AcDbSymbolTableRecord
100
AcDbBlockTableRecord
  2
*D7
 70
    0
280
    1
281
    0
  0
BLOCK_RECORD
  5
CE
330
1
100
AcDbSymbolTableRecord
100
AcDbBlockTableRecord
  2
*D125
 70
    0
280
    1
281
    0
  0
BLOCK_RECORD
  5
D1
330
1
100
AcDbSymbolTableRecord
100
AcDbBlockTableRecord
  2
*D60
 70
    0
280
    1
281
    0
  0
BLOCK_RECORD
  5
D4
330
1
100
AcDbSymbolTableRecord
100
AcDbBlockTableRecord
  2
*D6
 70
    0
280
    1
281
    0
  0
BLOCK_RECORD
  5
D7
330
1
100
AcDbSymbolTableRecord
100
AcDbBlockTableRecord
  2
*D94
 70
    0
280
    1
281
    0
  0
BLOCK_RECORD
  5
DA
330
1
100
AcDbSymbolTableRecord
100
AcDbBlockTableRecord
  2
*D58
 70
    0
280
    1
281
    0
  0
BLOCK_RECORD
  5
DD
330
1
100
AcDbSymbolTableRecord
100
AcDbBlockTableRecord
  2
*D16
 70
    0
280
    1
281
    0
  0
BLOCK_RECORD
  5
E0
330
1
100
AcDbSymbolTableRecord
100
AcDbBlockTableRecord
  2
*D79
 70
    0
280
    1
281
    0
  0
BLOCK_RECORD
  5
E3
330
1
100
AcDbSymbolTableRecord
100
AcDbBlockTableRecord
  2
*D64
 70
    0
280
    1
281
    0
  0
BLOCK_RECORD
  5
E6
330
1
100
AcDbSymbolTableRecord
100
AcDbBlockTableRecord
  2
*D120
 70
    0
280
    1
281
    0
  0
BLOCK_RECORD
  5
E9
330
1
100
AcDbSymbolTableRecord
100
AcDbBlockTableRecord
  2
*D124
 70
    0
280
    1
281
    0
  0
BLOCK_RECORD
  5
EC
330
1
100
AcDbSymbolTableRecord
100
AcDbBlockTableRecord
  2
*D77
 70
    0
280
    1
281
    0
  0
BLOCK_RECORD
  5
EF
330
1
100
AcDbSymbolTableRecord
100
AcDbBlockTableRecord
  2
*D37
 70
    0
280
    1
281
    0
  0
BLOCK_RECORD
  5
F2
330
1
100
AcDbSymbolTableRecord
100
AcDbBlockTableRecord
  2
*D12
 70
    0
280
    1
281
    0
  0
BLOCK_RECORD
  5
F5
330
1
100
AcDbSymbolTableRecord
100
AcDbBlockTableRecord
  2
*D112
 70
    0
280
    1
281
    0
  0
BLOCK_RECORD
  5
F8
330
1
100
AcDbSymbolTableRecord
100
AcDbBlockTableRecord
  2
*D119
 70
    0
280
    1
281
    0
  0
BLOCK_RECORD
  5
FB
330
1
100
AcDbSymbolTableRecord
100
AcDbBlockTableRecord
  2
*D63
 70
    0
280
    1
281
    0
  0
BLOCK_RECORD
  5
FE
330
1
100
AcDbSymbolTableRecord
100
AcDbBlockTableRecord
  2
*D11
 70
    0
280
    1
281
    0
  0
BLOCK_RECORD
  5
101
330
1
100
AcDbSymbolTableRecord
100
AcDbBlockTableRecord
  2
*D34
 70
    0
280
    1
281
    0
  0
BLOCK_RECORD
  5
104
330
1
100
AcDbSymbolTableRecord
100
AcDbBlockTableRecord
  2
*D74
 70
    0
280
    1
281
    0
  0
BLOCK_RECORD
  5
107
330
1
100
AcDbSymbolTableRecord
100
AcDbBlockTableRecord
  2
*D109
 70
    0
280
    1
281
    0
  0
BLOCK_RECORD
  5
10A
330
1
100
AcDbSymbolTableRecord
100
AcDbBlockTableRecord
  2
*D105
 70
    0
280
    1
281
    0
  0
BLOCK_RECORD
  5
10D
330
1
100
AcDbSymbolTableRecord
100
AcDbBlockTableRecord
  2
*D29
 70
    0
280
    1
281
    0
  0
BLOCK_RECORD
  5
110
330
1
100
AcDbSymbolTableRecord
100
AcDbBlockTableRecord
  2
*D91
 70
    0
280
    1
281
    0
  0
BLOCK_RECORD
  5
113
330
1
100
AcDbSymbolTableRecord
100
AcDbBlockTableRecord
  2
*D78
 70
    0
280
    1
281
    0
  0
BLOCK_RECORD
  5
116
330
1
100
AcDbSymbolTableRecord
100
AcDbBlockTableRecord
  2
*D4
 70
    0
280
    1
281
    0
  0
BLOCK_RECORD
  5
119
330
1
100
AcDbSymbolTableRecord
100
AcDbBlockTableRecord
  2
*D27
 70
    0
280
    1
281
    0
  0
BLOCK_RECORD
  5
11C
330
1
100
AcDbSymbolTableRecord
100
AcDbBlockTableRecord
  2
*D59
 70
    0
280
    1
281
    0
  0
BLOCK_RECORD
  5
11F
330
1
100
AcDbSymbolTableRecord
100
AcDbBlockTableRecord
  2
*D100
 70
    0
280
    1
281
    0
  0
BLOCK_RECORD
  5
122
330
1
100
AcDbSymbolTableRecord
100
AcDbBlockTableRecord
  2
*D61
 70
    0
280
    1
281
    0
  0
BLOCK_RECORD
  5
125
330
1
100
AcDbSymbolTableRecord
100
AcDbBlockTableRecord
  2
*D70
 70
    0
280
    1
281
    0
  0
BLOCK_RECORD
  5
128
330
1
100
AcDbSymbolTableRecord
100
AcDbBlockTableRecord
  2
*D17
 70
    0
280
    1
281
    0
  0
BLOCK_RECORD
  5
12B
330
1
100
AcDbSymbolTableRecord
100
AcDbBlockTableRecord
  2
*D5
 70
    0
280
    1
281
    0
  0
BLOCK_RECORD
  5
12E
330
1
100
AcDbSymbolTableRecord
100
AcDbBlockTableRecord
  2
*D56
 70
    0
280
    1
281
    0
  0
BLOCK_RECORD
  5
131
330
1
100
AcDbSymbolTableRecord
100
AcDbBlockTableRecord
  2
*D44
 70
    0
280
    1
281
    0
  0
BLOCK_RECORD
  5
134
330
1
100
AcDbSymbolTableRecord
100
AcDbBlockTableRecord
  2
*D40
 70
    0
280
    1
281
    0
  0
BLOCK_RECORD
  5
137
330
1
100
AcDbSymbolTableRecord
100
AcDbBlockTableRecord
  2
*D53
 70
    0
280
    1
281
    0
  0
BLOCK_RECORD
  5
13A
330
1
100
AcDbSymbolTableRecord
100
AcDbBlockTableRecord
  2
*D82
 70
    0
280
    1
281
    0
  0
BLOCK_RECORD
  5
13D
330
1
100
AcDbSymbolTableRecord
100
AcDbBlockTableRecord
  2
*D104
 70
    0
280
    1
281
    0
  0
BLOCK_RECORD
  5
140
330
1
100
AcDbSymbolTableRecord
100
AcDbBlockTableRecord
  2
*D114
 70
    0
280
    1
281
    0
  0
BLOCK_RECORD
  5
143
330
1
100
AcDbSymbolTableRecord
100
AcDbBlockTableRecord
  2
*D126
 70
    0
280
    1
281
    0
  0
BLOCK_RECORD
  5
146
330
1
100
AcDbSymbolTableRecord
100
AcDbBlockTableRecord
  2
*D31
 70
    0
280
    1
281
    0
  0
BLOCK_RECORD
  5
149
330
1
100
AcDbSymbolTableRecord
100
AcDbBlockTableRecord
  2
*D33
 70
    0
280
    1
281
    0
  0
BLOCK_RECORD
  5
14C
330
1
100
AcDbSymbolTableRecord
100
AcDbBlockTableRecord
  2
*D89
 70
    0
280
    1
281
    0
  0
BLOCK_RECORD
  5
14F
330
1
100
AcDbSymbolTableRecord
100
AcDbBlockTableRecord
  2
*D118
 70
    0
280
    1
281
    0
  0
BLOCK_RECORD
  5
152
330
1
100
AcDbSymbolTableRecord
100
AcDbBlockTableRecord
  2
*D15
 70
    0
280
    1
281
    0
  0
BLOCK_RECORD
  5
155
330
1
100
AcDbSymbolTableRecord
100
AcDbBlockTableRecord
  2
*D36
 70
    0
280
    1
281
    0
  0
BLOCK_RECORD
  5
158
330
1
100
AcDbSymbolTableRecord
100
AcDbBlockTableRecord
  2
*D99
 70
    0
280
    1
281
    0
  0
BLOCK_RECORD
  5
15B
330
1
100
AcDbSymbolTableRecord
100
AcDbBlockTableRecord
  2
*D111
 70
    0
280
    1
281
    0
  0
BLOCK_RECORD
  5
15E
330
1
100
AcDbSymbolTableRecord
100
AcDbBlockTableRecord
  2
*D67
 70
    0
280
    1
281
    0
  0
BLOCK_RECORD
  5
161
330
1
100
AcDbSymbolTableRecord
100
AcDbBlockTableRecord
  2
*D14
 70
    0
280
    1
281
    0
  0
BLOCK_RECORD
  5
164
330
1
100
AcDbSymbolTableRecord
100
AcDbBlockTableRecord
  2
*D95
 70
    0
280
    1
281
    0
  0
BLOCK_RECORD
  5
167
330
1
100
AcDbSymbolTableRecord
100
AcDbBlockTableRecord
  2
*D55
 70
    0
280
    1
281
    0
  0
BLOCK_RECORD
  5
16A
330
1
100
AcDbSymbolTableRecord
100
AcDbBlockTableRecord
  2
*D48
 70
    0
280
    1
281
    0
  0
BLOCK_RECORD
  5
16D
330
1
100
AcDbSymbolTableRecord
100
AcDbBlockTableRecord
  2
*D46
 70
    0
280
    1
281
    0
  0
BLOCK_RECORD
  5
170
330
1
100
AcDbSymbolTableRecord
100
AcDbBlockTableRecord
  2
*D41
 70
    0
280
    1
281
    0
  0
BLOCK_RECORD
  5
173
330
1
100
AcDbSymbolTableRecord
100
AcDbBlockTableRecord
  2
*D24
 70
    0
280
    1
281
    0
  0
BLOCK_RECORD
  5
176
330
1
100
AcDbSymbolTableRecord
100
AcDbBlockTableRecord
  2
*D103
 70
    0
280
    1
281
    0
  0
BLOCK_RECORD
  5
179
330
1
100
AcDbSymbolTableRecord
100
AcDbBlockTableRecord
  2
*D75
 70
    0
280
    1
281
    0
  0
BLOCK_RECORD
  5
17C
330
1
100
AcDbSymbolTableRecord
100
AcDbBlockTableRecord
  2
*D54
 70
    0
280
    1
281
    0
  0
BLOCK_RECORD
  5
17F
330
1
100
AcDbSymbolTableRecord
100
AcDbBlockTableRecord
  2
*D86
 70
    0
280
    1
281
    0
  0
BLOCK_RECORD
  5
182
330
1
100
AcDbSymbolTableRecord
100
AcDbBlockTableRecord
  2
*D38
 70
    0
280
    1
281
    0
  0
BLOCK_RECORD
  5
185
330
1
100
AcDbSymbolTableRecord
100
AcDbBlockTableRecord
  2
*D32
 70
    0
280
    1
281
    0
  0
BLOCK_RECORD
  5
188
330
1
100
AcDbSymbolTableRecord
100
AcDbBlockTableRecord
  2
*D23
 70
    0
280
    1
281
    0
  0
BLOCK_RECORD
  5
18B
330
1
100
AcDbSymbolTableRecord
100
AcDbBlockTableRecord
  2
*D21
 70
    0
280
    1
281
    0
  0
BLOCK_RECORD
  5
18E
330
1
100
AcDbSymbolTableRecord
100
AcDbBlockTableRecord
  2
*D81
 70
    0
280
    1
281
    0
  0
BLOCK_RECORD
  5
191
330
1
100
AcDbSymbolTableRecord
100
AcDbBlockTableRecord
  2
*D121
 70
    0
280
    1
281
    0
  0
BLOCK_RECORD
  5
194
330
1
100
AcDbSymbolTableRecord
100
AcDbBlockTableRecord
  2
*D43
 70
    0
280
    1
281
    0
  0
BLOCK_RECORD
  5
197
330
1
100
AcDbSymbolTableRecord
100
AcDbBlockTableRecord
  2
*D92
 70
    0
280
    1
281
    0
  0
BLOCK_RECORD
  5
19A
330
1
100
AcDbSymbolTableRecord
100
AcDbBlockTableRecord
  2
*D76
 70
    0
280
    1
281
    0
  0
BLOCK_RECORD
  5
19D
330
1
100
AcDbSymbolTableRecord
100
AcDbBlockTableRecord
  2
*D19
 70
    0
280
    1
281
    0
  0
BLOCK_RECORD
  5
1A0
330
1
100
AcDbSymbolTableRecord
100
AcDbBlockTableRecord
  2
*D72
 70
    0
280
    1
281
    0
  0
BLOCK_RECORD
  5
1A3
330
1
100
AcDbSymbolTableRecord
100
AcDbBlockTableRecord
  2
*D83
 70
    0
280
    1
281
    0
  0
BLOCK_RECORD
  5
1A6
330
1
100
AcDbSymbolTableRecord
100
AcDbBlockTableRecord
  2
*D84
 70
    0
280
    1
281
    0
  0
BLOCK_RECORD
  5
1A9
330
1
100
AcDbSymbolTableRecord
100
AcDbBlockTableRecord
  2
*D18
 70
    0
280
    1
281
    0
  0
BLOCK_RECORD
  5
1AC
330
1
100
AcDbSymbolTableRecord
100
AcDbBlockTableRecord
  2
*D66
 70
    0
280
    1
281
    0
  0
BLOCK_RECORD
  5
1AF
330
1
100
AcDbSymbolTableRecord
100
AcDbBlockTableRecord
  2
*D96
 70
    0
280
    1
281
    0
  0
BLOCK_RECORD
  5
1B2
330
1
100
AcDbSymbolTableRecord
100
AcDbBlockTableRecord
  2
*D97
 70
    0
280
    1
281
    0
  0
BLOCK_RECORD
  5
1B5
330
1
100
AcDbSymbolTableRecord
100
AcDbBlockTableRecord
  2
*D25
 70
    0
280
    1
281
    0
  0
BLOCK_RECORD
  5
1B8
330
1
100
AcDbSymbolTableRecord
100
AcDbBlockTableRecord
  2
*D42
 70
    0
280
    1
281
    0
  0
BLOCK_RECORD
  5
1BB
330
1
100
AcDbSymbolTableRecord
100
AcDbBlockTableRecord
  2
*D22
 70
    0
280
    1
281
    0
  0
BLOCK_RECORD
  5
1BE
330
1
100
AcDbSymbolTableRecord
100
AcDbBlockTableRecord
  2
*D113
 70
    0
280
    1
281
    0
  0
BLOCK_RECORD
  5
1C1
330
1
100
AcDbSymbolTableRecord
100
AcDbBlockTableRecord
  2
*D101
 70
    0
280
    1
281
    0
  0
BLOCK_RECORD
  5
1C4
330
1
100
AcDbSymbolTableRecord
100
AcDbBlockTableRecord
  2
*D90
 70
    0
280
    1
281
    0
  0
BLOCK_RECORD
  5
1C7
330
1
100
AcDbSymbolTableRecord
100
AcDbBlockTableRecord
  2
*D85
 70
    0
280
    1
281
    0
  0
BLOCK_RECORD
  5
1CA
330
1
100
AcDbSymbolTableRecord
100
AcDbBlockTableRecord
  2
*D106
 70
    0
280
    1
281
    0
  0
BLOCK_RECORD
  5
1CD
330
1
100
AcDbSymbolTableRecord
100
AcDbBlockTableRecord
  2
*D110
 70
    0
280
    1
281
    0
  0
ENDTAB
  0
ENDSEC
  0
SECTION
  2
BLOCKS
  0
BLOCK
  5
20
330
1F
100
AcDbEntity
  8
0
100
AcDbBlockBegin
  2
*Model_Space
 70
    0
 10
0
 20
0
 30
0
  3
*Model_Space
  1

  0
ENDBLK
  5
21
330
1F
100
AcDbEntity
  8
0
100
AcDbBlockEnd
  0
BLOCK
  5
1C
330
1B
100
AcDbEntity
  8
0
100
AcDbBlockBegin
  2
*Paper_Space
 70
    0
 10
0
 20
0
 30
0
  3
*Paper_Space
  1

  0
ENDBLK
  5
1D
330
1F
100
AcDbEntity
  8
0
100
AcDbBlockEnd
  0
BLOCK
  5
57
330
56
100
AcDbEntity
  8
0
100
AcDbBlockBegin
  2
*D71
 70
    1
 10
0
 20
0
  3
*D71
  1

  0
LINE
  5
1D0
100
AcDbEntity
  8
4 Text
  6
ByBlock
 62
    0
370
   -2
100
AcDbLine
 10
-297.4956207662829
 20
1409.295454278888
 11
-297.4956207662829
 21
1436.295454278888
  0
MTEXT
  5
1D1
100
AcDbEntity
  8
4 Text
  6
CONTINUOUS
 62
    0
370
   -2
100
AcDbMText
 10
-302.1831207662829
 20
1426.746843167777
 30
0
 40
6.25
 41
2.777777777777778
 71
    5
 72
    1
  1
2
  7
standard
210
0
220
0
230
1
 50
90
 73
    2
 44
1
  0
SOLID
  5
1D2
100
AcDbEntity
  8
4 Text
  6
ByBlock
 62
    0
370
   -2
100
AcDbTrace
 10
-297.4956207662829
 20
1421.795454278888
 30
0
 11
-296.4549091218508
 21
1415.545454278888
 31
0
 12
-298.536332410715
 22
1415.545454278888
 32
0
 13
-298.536332410715
 23
1415.545454278888
 33
0
  0
SOLID
  5
1D3
100
AcDbEntity
  8
4 Text
  6
ByBlock
 62
    0
370
   -2
100
AcDbTrace
 10
-297.4956207662829
 20
1423.795454278888
 30
0
 11
-298.536332410715
 21
1430.045454278888
 31
0
 12
-296.4549091218508
 22
1430.045454278888
 32
0
 13
-296.4549091218508
 23
1430.045454278888
 33
0
  0
LINE
  5
1D4
100
AcDbEntity
  8
4 Text
  6
ByBlock
 62
    0
370
   -2
100
AcDbLine
 10
-305.2488072420105
 20
1421.795454278888
 11
-294.3706207662829
 21
1421.795454278888
  0
LINE
  5
1D5
100
AcDbEntity
  8
4 Text
  6
ByBlock
 62
    0
370
   -2
100
AcDbLine
 10
-305.3039296471923
 20
1423.795454278888
 11
-294.3706207662829
 21
1423.795454278888
  0
ENDBLK
  5
58
330
56
100
AcDbEntity
  8
0
100
AcDbBlockEnd
  0
BLOCK
  5
5A
330
59
100
AcDbEntity
  8
0
100
AcDbBlockBegin
  2
*D102
 70
    1
 10
0
 20
0
  3
*D102
  1

  0
LINE
  5
1D6
100
AcDbEntity
  8
4 Text
  6
ByBlock
 62
    0
370
   -2
100
AcDbLine
 10
642.4553126366358
 20
1913.338226216805
 11
666.5839435781252
 21
1913.338226216805
  0
MTEXT
  5
1D7
100
AcDbEntity
  8
4 Text
  6
CONTINUOUS
 62
    0
370
   -2
100
AcDbMText
 10
654.5196281073804
 20
1918.025726216805
 30
0
 40
6.25
 41
8.333333333333332
 71
    5
 72
    1
  1
24
  7
standard
210
0
220
0
230
1
 50
0
 73
    2
 44
1
  0
SOLID
  5
1D8
100
AcDbEntity
  8
4 Text
  6
ByBlock
 62
    0
370
   -2
100
AcDbTrace
 10
642.4553126366358
 20
1913.338226216805
 30
0
 11
648.7053126366358
 21
1914.378937861237
 31
0
 12
648.7053126366358
 22
1912.297514572373
 32
0
 13
648.7053126366358
 23
1912.297514572373
 33
0
  0
SOLID
  5
1D9
100
AcDbEntity
  8
4 Text
  6
ByBlock
 62
    0
370
   -2
100
AcDbTrace
 10
666.5839435781252
 20
1913.338226216805
 30
0
 11
660.3339435781252
 21
1912.297514572373
 31
0
 12
660.3339435781252
 22
1914.378937861237
 32
0
 13
660.3339435781252
 23
1914.378937861237
 33
0
  0
LINE
  5
1DA
100
AcDbEntity
  8
4 Text
  6
ByBlock
 62
    0
370
   -2
100
AcDbLine
 10
642.4553126366358
 20
1868.932538015853
 11
642.4553126366358
 21
1916.463226216805
  0
LINE
  5
1DB
100
AcDbEntity
  8
4 Text
  6
ByBlock
 62
    0
370
   -2
100
AcDbLine
 10
666.5839435781252
 20
1818.978020000479
 11
666.5839435781252
 21
1916.463226216805
  0
ENDBLK
  5
5B
330
59
100
AcDbEntity
  8
0
100
AcDbBlockEnd
  0
BLOCK
  5
5D
330
5C
100
AcDbEntity
  8
0
100
AcDbBlockBegin
  2
*D68
 70
    1
 10
0
 20
0
  3
*D68
  1

  0
LINE
  5
1DC
100
AcDbEntity
  8
4 Text
  6
ByBlock
 62
    0
370
   -2
100
AcDbLine
 10
-454.005630734792
 20
1368.049352542225
 11
-412.005630734792
 21
1368.049352542225
  0
MTEXT
  5
1DD
100
AcDbEntity
  8
4 Text
  6
CONTINUOUS
 62
    0
370
   -2
100
AcDbMText
 10
-433.005630734792
 20
1372.736852542225
 30
0
 40
6.25
 41
8.333333333333332
 71
    5
 72
    1
  1
42
  7
standard
210
0
220
0
230
1
 50
0
 73
    2
 44
1
  0
SOLID
  5
1DE
100
AcDbEntity
  8
4 Text
  6
ByBlock
 62
    0
370
   -2
100
AcDbTrace
 10
-454.005630734792
 20
1368.049352542225
 30
0
 11
-447.755630734792
 21
1369.090064186657
 31
0
 12
-447.755630734792
 22
1367.008640897793
 32
0
 13
-447.755630734792
 23
1367.008640897793
 33
0
  0
SOLID
  5
1DF
100
AcDbEntity
  8
4 Text
  6
ByBlock
 62
    0
370
   -2
100
AcDbTrace
 10
-412.005630734792
 20
1368.049352542225
 30
0
 11
-418.255630734792
 21
1367.008640897793
 31
0
 12
-418.255630734792
 22
1369.090064186657
 32
0
 13
-418.255630734792
 23
1369.090064186657
 33
0
  0
LINE
  5
1E0
100
AcDbEntity
  8
4 Text
  6
ByBlock
 62
    0
370
   -2
100
AcDbLine
 10
-454.005630734792
 20
1378.493475859986
 11
-454.005630734792
 21
1364.924352542225
  0
LINE
  5
1E1
100
AcDbEntity
  8
4 Text
  6
ByBlock
 62
    0
370
   -2
100
AcDbLine
 10
-412.005630734792
 20
1378.493475859986
 11
-412.005630734792
 21
1364.924352542225
  0
ENDBLK
  5
5E
330
5C
100
AcDbEntity
  8
0
100
AcDbBlockEnd
  0
BLOCK
  5
60
330
5F
100
AcDbEntity
  8
0
100
AcDbBlockBegin
  2
*D73
 70
    1
 10
0
 20
0
  3
*D73
  1

  0
LINE
  5
1E2
100
AcDbEntity
  8
4 Text
  6
ByBlock
 62
    0
370
   -2
100
AcDbLine
 10
-722.1221708906183
 20
1592.830301293049
 11
-692.1221708906183
 21
1592.830301293049
  0
MTEXT
  5
1E3
100
AcDbEntity
  8
4 Text
  6
CONTINUOUS
 62
    0
370
   -2
100
AcDbMText
 10
-707.1221708906183
 20
1597.517801293049
 30
0
 40
6.25
 41
2.777777777778165
 71
    5
 72
    1
  1
5
  7
standard
210
0
220
0
230
1
 50
0
 73
    2
 44
1
  0
SOLID
  5
1E4
100
AcDbEntity
  8
4 Text
  6
ByBlock
 62
    0
370
   -2
100
AcDbTrace
 10
-709.6221708906183
 20
1592.830301293049
 30
0
 11
-715.8721708906183
 21
1591.789589648617
 31
0
 12
-715.8721708906183
 22
1593.871012937481
 32
0
 13
-715.8721708906183
 23
1593.871012937481
 33
0
  0
SOLID
  5
1E5
100
AcDbEntity
  8
4 Text
  6
ByBlock
 62
    0
370
   -2
100
AcDbTrace
 10
-704.6221708906183
 20
1592.830301293049
 30
0
 11
-698.3721708906183
 21
1593.871012937481
 31
0
 12
-698.3721708906183
 22
1591.789589648617
 32
0
 13
-698.3721708906183
 23
1591.789589648617
 33
0
  0
LINE
  5
1E6
100
AcDbEntity
  8
4 Text
  6
ByBlock
 62
    0
370
   -2
100
AcDbLine
 10
-709.6221708906183
 20
1593.028134024224
 11
-709.6221708906183
 21
1589.705301293049
  0
LINE
  5
1E7
100
AcDbEntity
  8
4 Text
  6
ByBlock
 62
    0
370
   -2
100
AcDbLine
 10
-704.6221708906183
 20
1591.53862171323
 11
-704.6221708906183
 21
1589.705301293049
  0
ENDBLK
  5
61
330
5F
100
AcDbEntity
  8
0
100
AcDbBlockEnd
  0
BLOCK
  5
63
330
62
100
AcDbEntity
  8
0
100
AcDbBlockBegin
  2
*D122
 70
    1
 10
0
 20
0
  3
*D122
  1

  0
LINE
  5
1E8
100
AcDbEntity
  8
4 Text
  6
ByBlock
 62
    0
370
   -2
100
AcDbLine
 10
-336.733683196731
 20
1885.676062939764
 11
-307.7088786074041
 21
1885.676062939764
  0
MTEXT
  5
1E9
100
AcDbEntity
  8
4 Text
  6
CONTINUOUS
 62
    0
370
   -2
100
AcDbMText
 10
-322.2212809020675
 20
1890.363562939764
 30
0
 40
6.25
 41
3.472222222222222
 71
    5
 72
    1
  1
4
  7
standard
210
0
220
0
230
1
 50
0
 73
    2
 44
1
  0
SOLID
  5
1EA
100
AcDbEntity
  8
4 Text
  6
ByBlock
 62
    0
370
   -2
100
AcDbTrace
 10
-324.233683196731
 20
1885.676062939764
 30
0
 11
-330.483683196731
 21
1884.635351295332
 31
0
 12
-330.483683196731
 22
1886.716774584196
 32
0
 13
-330.483683196731
 23
1886.716774584196
 33
0
  0
SOLID
  5
1EB
100
AcDbEntity
  8
4 Text
  6
ByBlock
 62
    0
370
   -2
100
AcDbTrace
 10
-320.2088786074041
 20
1885.676062939764
 30
0
 11
-313.9588786074041
 21
1886.716774584196
 31
0
 12
-313.9588786074041
 22
1884.635351295332
 32
0
 13
-313.9588786074041
 23
1884.635351295332
 33
0
  0
LINE
  5
1EC
100
AcDbEntity
  8
4 Text
  6
ByBlock
 62
    0
370
   -2
100
AcDbLine
 10
-324.233683196731
 20
1882.352921156954
 11
-324.233683196731
 21
1888.801062939764
  0
LINE
  5
1ED
100
AcDbEntity
  8
4 Text
  6
ByBlock
 62
    0
370
   -2
100
AcDbLine
 10
-320.2088786074041
 20
1882.321731271207
 11
-320.2088786074041
 21
1888.801062939764
  0
ENDBLK
  5
64
330
62
100
AcDbEntity
  8
0
100
AcDbBlockEnd
  0
BLOCK
  5
66
330
65
100
AcDbEntity
  8
0
100
AcDbBlockBegin
  2
*D107
 70
    1
 10
0
 20
0
  3
*D107
  1

  0
LINE
  5
1EE
100
AcDbEntity
  8
4 Text
  6
ByBlock
 62
    0
370
   -2
100
AcDbLine
 10
-453.7450407980209
 20
1503.298249654289
 11
-404.3121725275877
 21
1503.298249654289
  0
MTEXT
  5
1EF
100
AcDbEntity
  8
4 Text
  6
CONTINUOUS
 62
    0
370
   -2
100
AcDbMText
 10
-429.0286066628043
 20
1507.985749654289
 30
0
 40
6.25
 41
8.333333333333332
 71
    5
 72
    1
  1
49
  7
standard
210
0
220
0
230
1
 50
0
 73
    2
 44
1
  0
SOLID
  5
1F0
100
AcDbEntity
  8
4 Text
  6
ByBlock
 62
    0
370
   -2
100
AcDbTrace
 10
-453.7450407980209
 20
1503.298249654289
 30
0
 11
-447.4950407980209
 21
1504.338961298721
 31
0
 12
-447.4950407980209
 22
1502.257538009857
 32
0
 13
-447.4950407980209
 23
1502.257538009857
 33
0
  0
SOLID
  5
1F1
100
AcDbEntity
  8
4 Text
  6
ByBlock
 62
    0
370
   -2
100
AcDbTrace
 10
-404.3121725275877
 20
1503.298249654289
 30
0
 11
-410.5621725275877
 21
1502.257538009857
 31
0
 12
-410.5621725275877
 22
1504.338961298721
 32
0
 13
-410.5621725275877
 23
1504.338961298721
 33
0
  0
LINE
  5
1F2
100
AcDbEntity
  8
4 Text
  6
ByBlock
 62
    0
370
   -2
100
AcDbLine
 10
-453.7450407980209
 20
1483.250123067107
 11
-453.7450407980209
 21
1506.423249654289
  0
LINE
  5
1F3
100
AcDbEntity
  8
4 Text
  6
ByBlock
 62
    0
370
   -2
100
AcDbLine
 10
-404.3121725275877
 20
1483.250123067107
 11
-404.3121725275877
 21
1506.423249654289
  0
ENDBLK
  5
67
330
65
100
AcDbEntity
  8
0
100
AcDbBlockEnd
  0
BLOCK
  5
69
330
68
100
AcDbEntity
  8
0
100
AcDbBlockBegin
  2
*D116
 70
    1
 10
0
 20
0
  3
*D116
  1

  0
LINE
  5
1F4
100
AcDbEntity
  8
1 JPG
  6
ByBlock
 62
    0
370
   -2
100
AcDbLine
 10
-323.8321349293255
 20
1216.192712532001
 11
401.9267012306099
 21
1216.192712532001
  0
MTEXT
  5
1F5
100
AcDbEntity
  8
1 JPG
  6
CONTINUOUS
 62
    0
370
   -2
100
AcDbMText
 10
39.04728315064222
 20
1220.880212532001
 30
0
 40
6.25
 41
12.50000000000039
 71
    5
 72
    1
  1
726
  7
standard
210
0
220
0
230
1
 50
0
 73
    2
 44
1
  0
SOLID
  5
1F6
100
AcDbEntity
  8
1 JPG
  6
ByBlock
 62
    0
370
   -2
100
AcDbTrace
 10
-323.8321349293255
 20
1216.192712532001
 30
0
 11
-317.5821349293255
 21
1217.233424176433
 31
0
 12
-317.5821349293255
 22
1215.152000887569
 32
0
 13
-317.5821349293255
 23
1215.152000887569
 33
0
  0
SOLID
  5
1F7
100
AcDbEntity
  8
1 JPG
  6
ByBlock
 62
    0
370
   -2
100
AcDbTrace
 10
401.9267012306099
 20
1216.192712532001
 30
0
 11
395.6767012306099
 21
1215.152000887569
 31
0
 12
395.6767012306099
 22
1217.233424176433
 32
0
 13
395.6767012306099
 23
1217.233424176433
 33
0
  0
LINE
  5
1F8
100
AcDbEntity
  8
1 JPG
  6
ByBlock
 62
    0
370
   -2
100
AcDbLine
 10
-323.8321349293256
 20
1707.146610672101
 11
-323.8321349293255
 21
1213.067712532001
  0
LINE
  5
1F9
100
AcDbEntity
  8
1 JPG
  6
ByBlock
 62
    0
370
   -2
100
AcDbLine
 10
401.9267012306099
 20
1814.396481725865
 11
401.9267012306099
 21
1213.067712532001
  0
ENDBLK
  5
6A
330
68
100
AcDbEntity
  8
0
100
AcDbBlockEnd
  0
BLOCK
  5
6C
330
6B
100
AcDbEntity
  8
0
100
AcDbBlockBegin
  2
*D69
 70
    1
 10
0
 20
0
  3
*D69
  1

  0
LINE
  5
1FA
100
AcDbEntity
  8
4 Text
  6
ByBlock
 62
    0
370
   -2
100
AcDbLine
 10
-469.5271898085662
 20
1380.055975859986
 11
-469.5271898085662
 21
1422.433665716511
  0
MTEXT
  5
1FB
100
AcDbEntity
  8
4 Text
  6
CONTINUOUS
 62
    0
370
   -2
100
AcDbMText
 10
-474.2146898085662
 20
1401.244820788248
 30
0
 40
6.25
 41
8.333333333333332
 71
    5
 72
    1
  1
42
  7
standard
210
0
220
0
230
1
 50
90
 73
    2
 44
1
  0
SOLID
  5
1FC
100
AcDbEntity
  8
4 Text
  6
ByBlock
 62
    0
370
   -2
100
AcDbTrace
 10
-469.5271898085662
 20
1380.055975859986
 30
0
 11
-470.5679014529983
 21
1386.305975859986
 31
0
 12
-468.4864781641341
 22
1386.305975859986
 32
0
 13
-468.4864781641341
 23
1386.305975859986
 33
0
  0
SOLID
  5
1FD
100
AcDbEntity
  8
4 Text
  6
ByBlock
 62
    0
370
   -2
100
AcDbTrace
 10
-469.5271898085662
 20
1422.433665716511
 30
0
 11
-468.4864781641341
 21
1416.183665716511
 31
0
 12
-470.5679014529983
 22
1416.183665716511
 32
0
 13
-470.5679014529983
 23
1416.183665716511
 33
0
  0
LINE
  5
1FE
100
AcDbEntity
  8
4 Text
  6
ByBlock
 62
    0
370
   -2
100
AcDbLine
 10
-455.568130734792
 20
1380.055975859986
 11
-472.6521898085662
 21
1380.055975859986
  0
LINE
  5
1FF
100
AcDbEntity
  8
4 Text
  6
ByBlock
 62
    0
370
   -2
100
AcDbLine
 10
-434.5374280793515
 20
1422.433665716511
 11
-472.6521898085662
 21
1422.433665716511
  0
ENDBLK
  5
6D
330
6B
100
AcDbEntity
  8
0
100
AcDbBlockEnd
  0
BLOCK
  5
6F
330
6E
100
AcDbEntity
  8
0
100
AcDbBlockBegin
  2
*D62
 70
    1
 10
0
 20
0
  3
*D62
  1

  0
LINE
  5
200
100
AcDbEntity
  8
4 Text
  6
ByBlock
 62
    0
370
   -2
100
AcDbLine
 10
-542.1221708906183
 20
1467.824533389659
 11
-505.1221708906183
 21
1467.824533389659
  0
MTEXT
  5
201
100
AcDbEntity
  8
4 Text
  6
CONTINUOUS
 62
    0
370
   -2
100
AcDbMText
 10
-523.6221708906183
 20
1472.512033389659
 30
0
 40
6.25
 41
6.25
 71
    5
 72
    1
  1
12
  7
standard
210
0
220
0
230
1
 50
0
 73
    2
 44
1
  0
SOLID
  5
202
100
AcDbEntity
  8
4 Text
  6
ByBlock
 62
    0
370
   -2
100
AcDbTrace
 10
-529.6221708906183
 20
1467.824533389659
 30
0
 11
-535.8721708906183
 21
1466.783821745227
 31
0
 12
-535.8721708906183
 22
1468.865245034091
 32
0
 13
-535.8721708906183
 23
1468.865245034091
 33
0
  0
SOLID
  5
203
100
AcDbEntity
  8
4 Text
  6
ByBlock
 62
    0
370
   -2
100
AcDbTrace
 10
-517.6221708906183
 20
1467.824533389659
 30
0
 11
-511.3721708906183
 21
1468.865245034091
 31
0
 12
-511.3721708906183
 22
1466.783821745227
 32
0
 13
-511.3721708906183
 23
1466.783821745227
 33
0
  0
LINE
  5
204
100
AcDbEntity
  8
4 Text
  6
ByBlock
 62
    0
370
   -2
100
AcDbLine
 10
-529.6221708906183
 20
1478.796414242925
 11
-529.6221708906183
 21
1464.699533389659
  0
LINE
  5
205
100
AcDbEntity
  8
4 Text
  6
ByBlock
 62
    0
370
   -2
100
AcDbLine
 10
-517.6221708906183
 20
1478.796414242925
 11
-517.6221708906183
 21
1464.699533389659
  0
ENDBLK
  5
70
330
6E
100
AcDbEntity
  8
0
100
AcDbBlockEnd
  0
BLOCK
  5
72
330
71
100
AcDbEntity
  8
0
100
AcDbBlockBegin
  2
*D123
 70
    1
 10
0
 20
0
  3
*D123
  1

  0
LINE
  5
206
100
AcDbEntity
  8
3 RefLine
  6
ByBlock
 62
    0
370
   -2
100
AcDbLine
 10
-97.16261541153764
 20
1617.049304154496
 11
-82.41241522700516
 21
1617.049304154496
  0
LINE
  5
207
100
AcDbEntity
  8
3 RefLine
  6
ByBlock
 62
    0
370
   -2
100
AcDbLine
 10
-97.87350698844702
 20
1622.357397166767
 11
-82.71949830531427
 21
1623.749414665844
  0
ARC
  5
208
100
AcDbEntity
  8
3 RefLine
  6
ByBlock
 62
    0
370
   -2
100
AcDbCircle
 10
-155.659337735668
 20
1617.049304154496
 40
70.12192250866288
100
AcDbArc
 50
0
 51
5.248349256500835
  0
SOLID
  5
209
100
AcDbEntity
  8
3 RefLine
  6
ByBlock
 62
    0
370
   -2
100
AcDbTrace
 10
-85.53741522700516
 20
1617.049304154496
 30
0
 11
-84.49670358257305
 21
1610.799304154496
 31
0
 12
-86.57812687143726
 22
1610.799304154496
 32
0
 13
-86.57812687143726
 23
1610.799304154496
 33
0
  0
SOLID
  5
20A
100
AcDbEntity
  8
3 RefLine
  6
ByBlock
 62
    0
370
   -2
100
AcDbTrace
 10
-85.83139694095863
 20
1623.463561764031
 30
0
 11
-87.43945127143472
 21
1629.592162093396
 31
0
 12
-85.36675421773396
 22
1629.782555977244
 32
0
 13
-85.36675421773396
 23
1629.782555977244
 33
0
  0
MTEXT
  5
20B
100
AcDbEntity
  8
3 RefLine
  6
CONTINUOUS
 62
    0
370
   -2
100
AcDbMText
 10
-84.05008774120445
 20
1620.331337918934
 30
0
 40
6.25
 41
6.944444444444832
 71
    8
 72
    1
  1
5%%D
  7
standard
210
0
220
0
230
1
 50
272.6241746282505
 73
    2
 44
1
  0
ENDBLK
  5
73
330
71
100
AcDbEntity
  8
0
100
AcDbBlockEnd
  0
BLOCK
  5
75
330
74
100
AcDbEntity
  8
0
100
AcDbBlockBegin
  2
*D20
 70
    1
 10
0
 20
0
  3
*D20
  1

  0
LINE
  5
20C
100
AcDbEntity
  8
4 Text
  6
ByBlock
 62
    0
370
   -2
100
AcDbLine
 10
195.9265559056681
 20
1427.445669873878
 11
195.9265559056681
 21
1400.261974857623
  0
MTEXT
  5
20D
100
AcDbEntity
  8
4 Text
  6
CONTINUOUS
 62
    0
370
   -2
100
AcDbMText
 10
191.2390559056681
 20
1413.853822365751
 30
0
 40
6.25
 41
7.638888888888888
 71
    5
 72
    1
  1
27
  7
standard
210
0
220
0
230
1
 50
90
 73
    2
 44
1
  0
SOLID
  5
20E
100
AcDbEntity
  8
4 Text
  6
ByBlock
 62
    0
370
   -2
100
AcDbTrace
 10
195.9265559056681
 20
1427.445669873878
 30
0
 11
196.9672675501002
 21
1421.195669873878
 31
0
 12
194.885844261236
 22
1421.195669873878
 32
0
 13
194.885844261236
 23
1421.195669873878
 33
0
  0
SOLID
  5
20F
100
AcDbEntity
  8
4 Text
  6
ByBlock
 62
    0
370
   -2
100
AcDbTrace
 10
195.9265559056681
 20
1400.261974857623
 30
0
 11
194.885844261236
 21
1406.511974857623
 31
0
 12
196.9672675501002
 22
1406.511974857623
 32
0
 13
196.9672675501002
 23
1406.511974857623
 33
0
  0
LINE
  5
210
100
AcDbEntity
  8
4 Text
  6
ByBlock
 62
    0
370
   -2
100
AcDbLine
 10
220.030234144196
 20
1427.445669873878
 11
192.8015559056681
 21
1427.445669873878
  0
LINE
  5
211
100
AcDbEntity
  8
4 Text
  6
ByBlock
 62
    0
370
   -2
100
AcDbLine
 10
220.030234144196
 20
1400.261974857623
 11
192.8015559056681
 21
1400.261974857623
  0
ENDBLK
  5
76
330
74
100
AcDbEntity
  8
0
100
AcDbBlockEnd
  0
BLOCK
  5
78
330
77
100
AcDbEntity
  8
0
100
AcDbBlockBegin
  2
*D2
 70
    1
 10
0
 20
0
  3
*D2
  1

  0
LINE
  5
212
100
AcDbEntity
  8
4 Text
  6
ByBlock
 62
    0
370
   -2
100
AcDbLine
 10
-639.9313354598416
 20
1063.37202398156
 11
-608.6910268424722
 21
1063.37202398156
  0
MTEXT
  5
213
100
AcDbEntity
  8
4 Text
  6
CONTINUOUS
 62
    0
370
   -2
100
AcDbMText
 10
-624.3111811511569
 20
1068.05952398156
 30
0
 40
6.25
 41
6.250000000000387
 71
    5
 72
    1
  1
31
  7
standard
210
0
220
0
230
1
 50
0
 73
    2
 44
1
  0
SOLID
  5
214
100
AcDbEntity
  8
4 Text
  6
ByBlock
 62
    0
370
   -2
100
AcDbTrace
 10
-639.9313354598416
 20
1063.37202398156
 30
0
 11
-633.6813354598416
 21
1064.412735625992
 31
0
 12
-633.6813354598416
 22
1062.331312337128
 32
0
 13
-633.6813354598416
 23
1062.331312337128
 33
0
  0
SOLID
  5
215
100
AcDbEntity
  8
4 Text
  6
ByBlock
 62
    0
370
   -2
100
AcDbTrace
 10
-608.6910268424722
 20
1063.37202398156
 30
0
 11
-614.9410268424722
 21
1062.331312337128
 31
0
 12
-614.9410268424722
 22
1064.412735625992
 32
0
 13
-614.9410268424722
 23
1064.412735625992
 33
0
  0
LINE
  5
216
100
AcDbEntity
  8
4 Text
  6
ByBlock
 62
    0
370
   -2
100
AcDbLine
 10
-639.9313354598416
 20
1098.863822899337
 11
-639.9313354598416
 21
1060.24702398156
  0
LINE
  5
217
100
AcDbEntity
  8
4 Text
  6
ByBlock
 62
    0
370
   -2
100
AcDbLine
 10
-608.6910268424722
 20
1098.938382108448
 11
-608.6910268424722
 21
1060.24702398156
  0
ENDBLK
  5
79
330
77
100
AcDbEntity
  8
0
100
AcDbBlockEnd
  0
BLOCK
  5
7B
330
7A
100
AcDbEntity
  8
0
100
AcDbBlockBegin
  2
*D57
 70
    1
 10
0
 20
0
  3
*D57
  1

  0
LINE
  5
218
100
AcDbEntity
  8
4 Text
  6
ByBlock
 62
    0
370
   -2
100
AcDbLine
 10
-68.18855245498787
 20
1554.695577400717
 11
-68.18855245498787
 21
1513.330622104238
  0
MTEXT
  5
219
100
AcDbEntity
  8
4 Text
  6
CONTINUOUS
 62
    0
370
   -2
100
AcDbMText
 10
-72.87605245498787
 20
1534.013099752478
 30
0
 40
6.25
 41
6.944444444444445
 71
    5
 72
    1
  1
41
  7
standard
210
0
220
0
230
1
 50
90
 73
    2
 44
1
  0
SOLID
  5
21A
100
AcDbEntity
  8
4 Text
  6
ByBlock
 62
    0
370
   -2
100
AcDbTrace
 10
-68.18855245498787
 20
1554.695577400717
 30
0
 11
-67.14784081055576
 21
1548.445577400717
 31
0
 12
-69.22926409941998
 22
1548.445577400717
 32
0
 13
-69.22926409941998
 23
1548.445577400717
 33
0
  0
SOLID
  5
21B
100
AcDbEntity
  8
4 Text
  6
ByBlock
 62
    0
370
   -2
100
AcDbTrace
 10
-68.18855245498787
 20
1513.330622104238
 30
0
 11
-69.22926409941996
 21
1519.580622104238
 31
0
 12
-67.14784081055576
 22
1519.580622104238
 32
0
 13
-67.14784081055576
 23
1519.580622104238
 33
0
  0
LINE
  5
21C
100
AcDbEntity
  8
4 Text
  6
ByBlock
 62
    0
370
   -2
100
AcDbLine
 10
-64.1113263422525
 20
1554.695577400717
 11
-71.31355245498787
 21
1554.695577400717
  0
LINE
  5
21D
100
AcDbEntity
  8
4 Text
  6
ByBlock
 62
    0
370
   -2
100
AcDbLine
 10
-64.1113263422525
 20
1513.330622104238
 11
-71.31355245498787
 21
1513.330622104238
  0
ENDBLK
  5
7C
330
7A
100
AcDbEntity
  8
0
100
AcDbBlockEnd
  0
BLOCK
  5
7E
330
7D
100
AcDbEntity
  8
0
100
AcDbBlockBegin
  2
*D13
 70
    1
 10
0
 20
0
  3
*D13
  1

  0
LINE
  5
21E
100
AcDbEntity
  8
4 Text
  6
ByBlock
 62
    0
370
   -2
100
AcDbLine
 10
128.3575422186467
 20
1627.147997098627
 11
179.6775235508573
 21
1627.147997098627
  0
MTEXT
  5
21F
100
AcDbEntity
  8
4 Text
  6
CONTINUOUS
 62
    0
370
   -2
100
AcDbMText
 10
154.017532884752
 20
1631.835497098627
 30
0
 40
6.25
 41
6.250000000000387
 71
    5
 72
    1
  1
51
  7
standard
210
0
220
0
230
1
 50
0
 73
    2
 44
1
  0
SOLID
  5
220
100
AcDbEntity
  8
4 Text
  6
ByBlock
 62
    0
370
   -2
100
AcDbTrace
 10
128.3575422186467
 20
1627.147997098627
 30
0
 11
134.6075422186467
 21
1628.188708743059
 31
0
 12
134.6075422186467
 22
1626.107285454195
 32
0
 13
134.6075422186467
 23
1626.107285454195
 33
0
  0
SOLID
  5
221
100
AcDbEntity
  8
4 Text
  6
ByBlock
 62
    0
370
   -2
100
AcDbTrace
 10
179.6775235508573
 20
1627.147997098627
 30
0
 11
173.4275235508573
 21
1626.107285454195
 31
0
 12
173.4275235508573
 22
1628.188708743059
 32
0
 13
173.4275235508573
 23
1628.188708743059
 33
0
  0
LINE
  5
222
100
AcDbEntity
  8
4 Text
  6
ByBlock
 62
    0
370
   -2
100
AcDbLine
 10
128.3575422186467
 20
1615.415321123001
 11
128.3575422186467
 21
1630.272997098627
  0
LINE
  5
223
100
AcDbEntity
  8
4 Text
  6
ByBlock
 62
    0
370
   -2
100
AcDbLine
 10
179.6775235508573
 20
1615.412211748514
 11
179.6775235508573
 21
1630.272997098627
  0
ENDBLK
  5
7F
330
7D
100
AcDbEntity
  8
0
100
AcDbBlockEnd
  0
BLOCK
  5
81
330
80
100
AcDbEntity
  8
0
100
AcDbBlockBegin
  2
*D80
 70
    1
 10
0
 20
0
  3
*D80
  1

  0
LINE
  5
224
100
AcDbEntity
  8
4 Text
  6
ByBlock
 62
    0
370
   -2
100
AcDbLine
 10
-223.8122238385781
 20
1443.494611993184
 11
-223.8122238385781
 21
1412.501576188476
  0
MTEXT
  5
225
100
AcDbEntity
  8
4 Text
  6
CONTINUOUS
 62
    0
370
   -2
100
AcDbMText
 10
-228.4997238385781
 20
1427.99809409083
 30
0
 40
6.25
 41
2.777777777778165
 71
    5
 72
    1
  1
6
  7
standard
210
0
220
0
230
1
 50
90
 73
    2
 44
1
  0
SOLID
  5
226
100
AcDbEntity
  8
4 Text
  6
ByBlock
 62
    0
370
   -2
100
AcDbTrace
 10
-223.8122238385781
 20
1430.994611993184
 30
0
 11
-224.8529354830102
 21
1437.244611993184
 31
0
 12
-222.771512194146
 22
1437.244611993184
 32
0
 13
-222.771512194146
 23
1437.244611993184
 33
0
  0
SOLID
  5
227
100
AcDbEntity
  8
4 Text
  6
ByBlock
 62
    0
370
   -2
100
AcDbTrace
 10
-223.8122238385781
 20
1425.001576188476
 30
0
 11
-222.771512194146
 21
1418.751576188476
 31
0
 12
-224.8529354830102
 22
1418.751576188476
 32
0
 13
-224.8529354830102
 23
1418.751576188476
 33
0
  0
LINE
  5
228
100
AcDbEntity
  8
4 Text
  6
ByBlock
 62
    0
370
   -2
100
AcDbLine
 10
-246.5122088972751
 20
1430.994611993184
 11
-220.6872238385781
 21
1430.994611993184
  0
LINE
  5
229
100
AcDbEntity
  8
4 Text
  6
ByBlock
 62
    0
370
   -2
100
AcDbLine
 10
-246.7697435142979
 20
1425.001576188476
 11
-220.6872238385781
 21
1425.001576188476
  0
ENDBLK
  5
82
330
80
100
AcDbEntity
  8
0
100
AcDbBlockEnd
  0
BLOCK
  5
84
330
83
100
AcDbEntity
  8
0
100
AcDbBlockBegin
  2
*D10
 70
    1
 10
0
 20
0
  3
*D10
  1

  0
LINE
  5
22A
100
AcDbEntity
  8
4 Text
  6
ByBlock
 62
    0
370
   -2
100
AcDbLine
 10
411.0520371827874
 20
1694.996599158397
 11
411.0520371827874
 21
1607.810189797771
  0
MTEXT
  5
22B
100
AcDbEntity
  8
4 Text
  6
CONTINUOUS
 62
    0
370
   -2
100
AcDbMText
 10
406.3645371827874
 20
1651.403394478084
 30
0
 40
6.25
 41
7.638888888888888
 71
    5
 72
    1
  1
87
  7
standard
210
0
220
0
230
1
 50
90
 73
    2
 44
1
  0
SOLID
  5
22C
100
AcDbEntity
  8
4 Text
  6
ByBlock
 62
    0
370
   -2
100
AcDbTrace
 10
411.0520371827874
 20
1694.996599158397
 30
0
 11
412.0927488272195
 21
1688.746599158397
 31
0
 12
410.0113255383553
 22
1688.746599158397
 32
0
 13
410.0113255383553
 23
1688.746599158397
 33
0
  0
SOLID
  5
22D
100
AcDbEntity
  8
4 Text
  6
ByBlock
 62
    0
370
   -2
100
AcDbTrace
 10
411.0520371827874
 20
1607.810189797771
 30
0
 11
410.0113255383553
 21
1614.060189797771
 31
0
 12
412.0927488272195
 22
1614.060189797771
 32
0
 13
412.0927488272195
 23
1614.060189797771
 33
0
  0
LINE
  5
22E
100
AcDbEntity
  8
4 Text
  6
ByBlock
 62
    0
370
   -2
100
AcDbLine
 10
341.0594548571342
 20
1694.996599158397
 11
414.1770371827874
 21
1694.996599158397
  0
LINE
  5
22F
100
AcDbEntity
  8
4 Text
  6
ByBlock
 62
    0
370
   -2
100
AcDbLine
 10
341.0594548571342
 20
1607.810189797771
 11
414.1770371827874
 21
1607.810189797771
  0
ENDBLK
  5
85
330
83
100
AcDbEntity
  8
0
100
AcDbBlockEnd
  0
BLOCK
  5
87
330
86
100
AcDbEntity
  8
0
100
AcDbBlockBegin
  2
*D45
 70
    1
 10
0
 20
0
  3
*D45
  1

  0
LINE
  5
230
100
AcDbEntity
  8
4 Text
  6
ByBlock
 62
    0
370
   -2
100
AcDbLine
 10
-717.5345725244364
 20
1639.358914242925
 11
-717.5345725244364
 21
1573.358914242925
  0
MTEXT
  5
231
100
AcDbEntity
  8
4 Text
  6
CONTINUOUS
 62
    0
370
   -2
100
AcDbMText
 10
-722.2220725244364
 20
1606.358914242925
 30
0
 40
6.25
 41
7.638888888889664
 71
    5
 72
    1
  1
66
  7
standard
210
0
220
0
230
1
 50
90
 73
    2
 44
1
  0
SOLID
  5
232
100
AcDbEntity
  8
4 Text
  6
ByBlock
 62
    0
370
   -2
100
AcDbTrace
 10
-717.5345725244364
 20
1639.358914242925
 30
0
 11
-716.4938608800043
 21
1633.108914242925
 31
0
 12
-718.5752841688685
 22
1633.108914242925
 32
0
 13
-718.5752841688685
 23
1633.108914242925
 33
0
  0
SOLID
  5
233
100
AcDbEntity
  8
4 Text
  6
ByBlock
 62
    0
370
   -2
100
AcDbTrace
 10
-717.5345725244364
 20
1573.358914242925
 30
0
 11
-718.5752841688685
 21
1579.608914242925
 31
0
 12
-716.4938608800043
 22
1579.608914242925
 32
0
 13
-716.4938608800043
 23
1579.608914242925
 33
0
  0
LINE
  5
234
100
AcDbEntity
  8
4 Text
  6
ByBlock
 62
    0
370
   -2
100
AcDbLine
 10
-711.1846708906183
 20
1639.358914242925
 11
-720.6595725244364
 21
1639.358914242925
  0
LINE
  5
235
100
AcDbEntity
  8
4 Text
  6
ByBlock
 62
    0
370
   -2
100
AcDbLine
 10
-711.1846708906183
 20
1573.358914242925
 11
-720.6595725244364
 21
1573.358914242925
  0
ENDBLK
  5
88
330
86
100
AcDbEntity
  8
0
100
AcDbBlockEnd
  0
BLOCK
  5
8A
330
89
100
AcDbEntity
  8
0
100
AcDbBlockBegin
  2
*D52
 70
    1
 10
0
 20
0
  3
*D52
  1

  0
LINE
  5
236
100
AcDbEntity
  8
4 Text
  6
ByBlock
 62
    0
370
   -2
100
AcDbLine
 10
-717.8374385570568
 20
1560.484246942408
 11
-717.8374385570568
 21
1480.358914242925
  0
MTEXT
  5
237
100
AcDbEntity
  8
4 Text
  6
CONTINUOUS
 62
    0
370
   -2
100
AcDbMText
 10
-722.5249385570568
 20
1520.421580592666
 30
0
 40
6.25
 41
7.638888888888888
 71
    5
 72
    1
  1
80
  7
standard
210
0
220
0
230
1
 50
90
 73
    2
 44
1
  0
SOLID
  5
238
100
AcDbEntity
  8
4 Text
  6
ByBlock
 62
    0
370
   -2
100
AcDbTrace
 10
-717.8374385570568
 20
1560.484246942408
 30
0
 11
-716.7967269126246
 21
1554.234246942408
 31
0
 12
-718.8781502014889
 22
1554.234246942408
 32
0
 13
-718.8781502014889
 23
1554.234246942408
 33
0
  0
SOLID
  5
239
100
AcDbEntity
  8
4 Text
  6
ByBlock
 62
    0
370
   -2
100
AcDbTrace
 10
-717.8374385570568
 20
1480.358914242925
 30
0
 11
-718.8781502014889
 21
1486.608914242925
 31
0
 12
-716.7967269126246
 22
1486.608914242925
 32
0
 13
-716.7967269126246
 23
1486.608914242925
 33
0
  0
LINE
  5
23A
100
AcDbEntity
  8
4 Text
  6
ByBlock
 62
    0
370
   -2
100
AcDbLine
 10
-711.2301891764013
 20
1560.484246942408
 11
-720.9624385570568
 21
1560.484246942408
  0
LINE
  5
23B
100
AcDbEntity
  8
4 Text
  6
ByBlock
 62
    0
370
   -2
100
AcDbLine
 10
-711.1846708906183
 20
1480.358914242925
 11
-720.9624385570568
 21
1480.358914242925
  0
ENDBLK
  5
8B
330
89
100
AcDbEntity
  8
0
100
AcDbBlockEnd
  0
BLOCK
  5
8D
330
8C
100
AcDbEntity
  8
0
100
AcDbBlockBegin
  2
*D65
 70
    1
 10
0
 20
0
  3
*D65
  1

  0
LINE
  5
23C
100
AcDbEntity
  8
4 Text
  6
CONTINUOUS
 62
    7
370
    0
100
AcDbLine
 10
232.8794336886756
 20
1397.7041653518
 11
230.527835980069
 21
1392.288364568342
  0
SOLID
  5
23D
100
AcDbEntity
  8
4 Text
  6
CONTINUOUS
 62
    7
370
    0
100
AcDbTrace
 10
232.8794336886756
 20
1397.7041653518
 30
0
 11
231.3447591191703
 21
1391.556779346954
 31
0
 12
229.435548984665
 22
1392.385778484305
 32
0
 13
229.435548984665
 23
1392.385778484305
 33
0
  0
ENDBLK
  5
8E
330
8C
100
AcDbEntity
  8
0
100
AcDbBlockEnd
  0
BLOCK
  5
90
330
8F
100
AcDbEntity
  8
0
100
AcDbBlockBegin
  2
*D9
 70
    1
 10
0
 20
0
  3
*D9
  1

  0
LINE
  5
23E
100
AcDbEntity
  8
4 Text
  6
ByBlock
 62
    0
370
   -2
100
AcDbLine
 10
-37.8698327792232
 20
1569.246154760085
 11
345.9048973283175
 21
1569.246154760085
  0
MTEXT
  5
23F
100
AcDbEntity
  8
4 Text
  6
CONTINUOUS
 62
    0
370
   -2
100
AcDbMText
 10
154.0175322745471
 20
1573.933654760085
 30
0
 40
6.25
 41
13.19444444444483
 71
    5
 72
    1
  1
384
  7
standard
210
0
220
0
230
1
 50
0
 73
    2
 44
1
  0
SOLID
  5
240
100
AcDbEntity
  8
4 Text
  6
ByBlock
 62
    0
370
   -2
100
AcDbTrace
 10
-37.8698327792232
 20
1569.246154760085
 30
0
 11
-31.6198327792232
 21
1570.286866404517
 31
0
 12
-31.6198327792232
 22
1568.205443115653
 32
0
 13
-31.6198327792232
 23
1568.205443115653
 33
0
  0
SOLID
  5
241
100
AcDbEntity
  8
4 Text
  6
ByBlock
 62
    0
370
   -2
100
AcDbTrace
 10
345.9048973283175
 20
1569.246154760085
 30
0
 11
339.6548973283175
 21
1568.205443115653
 31
0
 12
339.6548973283175
 22
1570.286866404517
 32
0
 13
339.6548973283175
 23
1570.286866404517
 33
0
  0
LINE
  5
242
100
AcDbEntity
  8
4 Text
  6
ByBlock
 62
    0
370
   -2
100
AcDbLine
 10
-37.8698327792232
 20
1612.290321123001
 11
-37.8698327792232
 21
1566.121154760085
  0
LINE
  5
243
100
AcDbEntity
  8
4 Text
  6
ByBlock
 62
    0
370
   -2
100
AcDbLine
 10
345.9048973283175
 20
1612.2670689837
 11
345.9048973283175
 21
1566.121154760085
  0
ENDBLK
  5
91
330
8F
100
AcDbEntity
  8
0
100
AcDbBlockEnd
  0
BLOCK
  5
93
330
92
100
AcDbEntity
  8
0
100
AcDbBlockBegin
  2
*D26
 70
    1
 10
0
 20
0
  3
*D26
  1

  0
LINE
  5
244
100
AcDbEntity
  8
4 Text
  6
ByBlock
 62
    0
370
   -2
100
AcDbLine
 10
-240.5594186233879
 20
1462.117335807492
 11
-240.5594186233879
 21
1422.117335807492
  0
MTEXT
  5
245
100
AcDbEntity
  8
4 Text
  6
CONTINUOUS
 62
    0
370
   -2
100
AcDbMText
 10
-245.2469186233879
 20
1442.117335807492
 30
0
 40
6.25
 41
6.250000000000387
 71
    5
 72
    1
  1
15
  7
standard
210
0
220
0
230
1
 50
90
 73
    2
 44
1
  0
SOLID
  5
246
100
AcDbEntity
  8
4 Text
  6
ByBlock
 62
    0
370
   -2
100
AcDbTrace
 10
-240.5594186233879
 20
1449.617335807492
 30
0
 11
-241.60013026782
 21
1455.867335807492
 31
0
 12
-239.5187069789558
 22
1455.867335807492
 32
0
 13
-239.5187069789558
 23
1455.867335807492
 33
0
  0
SOLID
  5
247
100
AcDbEntity
  8
4 Text
  6
ByBlock
 62
    0
370
   -2
100
AcDbTrace
 10
-240.5594186233879
 20
1434.617335807492
 30
0
 11
-239.5187069789558
 21
1428.367335807492
 31
0
 12
-241.60013026782
 22
1428.367335807492
 32
0
 13
-241.60013026782
 23
1428.367335807492
 33
0
  0
LINE
  5
248
100
AcDbEntity
  8
4 Text
  6
ByBlock
 62
    0
370
   -2
100
AcDbLine
 10
-256.1516778082066
 20
1449.617335807492
 11
-237.4344186233879
 21
1449.617335807492
  0
LINE
  5
249
100
AcDbEntity
  8
4 Text
  6
ByBlock
 62
    0
370
   -2
100
AcDbLine
 10
-256.1516778082066
 20
1434.617335807492
 11
-237.4344186233879
 21
1434.617335807492
  0
ENDBLK
  5
94
330
92
100
AcDbEntity
  8
0
100
AcDbBlockEnd
  0
BLOCK
  5
96
330
95
100
AcDbEntity
  8
0
100
AcDbBlockBegin
  2
*D47
 70
    1
 10
0
 20
0
  3
*D47
  1

  0
LINE
  5
24A
100
AcDbEntity
  8
4 Text
  6
ByBlock
 62
    0
370
   -2
100
AcDbLine
 10
-585.5525437448545
 20
1638.514769041275
 11
-585.5525437448545
 21
1533.514769041275
  0
MTEXT
  5
24B
100
AcDbEntity
  8
4 Text
  6
CONTINUOUS
 62
    0
370
   -2
100
AcDbMText
 10
-590.2400437448545
 20
1586.014769041275
 30
0
 40
6.25
 41
11.1111111111115
 71
    5
 72
    1
  1
105
  7
standard
210
0
220
0
230
1
 50
90
 73
    2
 44
1
  0
SOLID
  5
24C
100
AcDbEntity
  8
4 Text
  6
ByBlock
 62
    0
370
   -2
100
AcDbTrace
 10
-585.5525437448545
 20
1638.514769041275
 30
0
 11
-584.5118321004223
 21
1632.264769041275
 31
0
 12
-586.5932553892866
 22
1632.264769041275
 32
0
 13
-586.5932553892866
 23
1632.264769041275
 33
0
  0
SOLID
  5
24D
100
AcDbEntity
  8
4 Text
  6
ByBlock
 62
    0
370
   -2
100
AcDbTrace
 10
-585.5525437448545
 20
1533.514769041275
 30
0
 11
-586.5932553892866
 21
1539.764769041275
 31
0
 12
-584.5118321004223
 22
1539.764769041275
 32
0
 13
-584.5118321004223
 23
1539.764769041275
 33
0
  0
LINE
  5
24E
100
AcDbEntity
  8
4 Text
  6
ByBlock
 62
    0
370
   -2
100
AcDbLine
 10
-581.1846708906183
 20
1638.514769041275
 11
-588.6775437448545
 21
1638.514769041275
  0
LINE
  5
24F
100
AcDbEntity
  8
4 Text
  6
ByBlock
 62
    0
370
   -2
100
AcDbLine
 10
-581.1846708906183
 20
1533.514769041275
 11
-588.6775437448545
 21
1533.514769041275
  0
ENDBLK
  5
97
330
95
100
AcDbEntity
  8
0
100
AcDbBlockEnd
  0
BLOCK
  5
99
330
98
100
AcDbEntity
  8
0
100
AcDbBlockBegin
  2
*D39
 70
    1
 10
0
 20
0
  3
*D39
  1

  0
LINE
  5
250
100
AcDbEntity
  8
4 Text
  6
ByBlock
 62
    0
370
   -2
100
AcDbLine
 10
-709.6221708906183
 20
1643.4297222133
 11
-671.6221708906183
 21
1643.4297222133
  0
MTEXT
  5
251
100
AcDbEntity
  8
4 Text
  6
CONTINUOUS
 62
    0
370
   -2
100
AcDbMText
 10
-690.6221708906183
 20
1648.1172222133
 30
0
 40
6.25
 41
7.638888888889277
 71
    5
 72
    1
  1
38
  7
standard
210
0
220
0
230
1
 50
0
 73
    2
 44
1
  0
SOLID
  5
252
100
AcDbEntity
  8
4 Text
  6
ByBlock
 62
    0
370
   -2
100
AcDbTrace
 10
-709.6221708906183
 20
1643.4297222133
 30
0
 11
-703.3721708906183
 21
1644.470433857732
 31
0
 12
-703.3721708906183
 22
1642.389010568868
 32
0
 13
-703.3721708906183
 23
1642.389010568868
 33
0
  0
SOLID
  5
253
100
AcDbEntity
  8
4 Text
  6
ByBlock
 62
    0
370
   -2
100
AcDbTrace
 10
-671.6221708906183
 20
1643.4297222133
 30
0
 11
-677.8721708906183
 21
1642.389010568868
 31
0
 12
-677.8721708906183
 22
1644.470433857732
 32
0
 13
-677.8721708906183
 23
1644.470433857732
 33
0
  0
LINE
  5
254
100
AcDbEntity
  8
4 Text
  6
ByBlock
 62
    0
370
   -2
100
AcDbLine
 10
-709.6221708906183
 20
1640.921414242925
 11
-709.6221708906183
 21
1646.5547222133
  0
LINE
  5
255
100
AcDbEntity
  8
4 Text
  6
ByBlock
 62
    0
370
   -2
100
AcDbLine
 10
-671.6221708906183
 20
1640.921414242925
 11
-671.6221708906183
 21
1646.5547222133
  0
ENDBLK
  5
9A
330
98
100
AcDbEntity
  8
0
100
AcDbBlockEnd
  0
BLOCK
  5
9C
330
9B
100
AcDbEntity
  8
0
100
AcDbBlockBegin
  2
*D88
 70
    1
 10
0
 20
0
  3
*D88
  1

  0
LINE
  5
256
100
AcDbEntity
  8
4 Text
  6
ByBlock
 62
    0
370
   -2
100
AcDbLine
 10
575.945059643573
 20
1602.187121533417
 11
575.945059643573
 21
1543.888847563479
  0
MTEXT
  5
257
100
AcDbEntity
  8
4 Text
  6
CONTINUOUS
 62
    0
370
   -2
100
AcDbMText
 10
571.257559643573
 20
1573.037984548448
 30
0
 40
6.25
 41
7.638888888889277
 71
    5
 72
    1
  1
58
  7
standard
210
0
220
0
230
1
 50
90
 73
    2
 44
1
  0
SOLID
  5
258
100
AcDbEntity
  8
4 Text
  6
ByBlock
 62
    0
370
   -2
100
AcDbTrace
 10
575.945059643573
 20
1602.187121533417
 30
0
 11
576.9857712880051
 21
1595.937121533417
 31
0
 12
574.9043479991409
 22
1595.937121533417
 32
0
 13
574.9043479991409
 23
1595.937121533417
 33
0
  0
SOLID
  5
259
100
AcDbEntity
  8
4 Text
  6
ByBlock
 62
    0
370
   -2
100
AcDbTrace
 10
575.945059643573
 20
1543.888847563479
 30
0
 11
574.9043479991409
 21
1550.138847563479
 31
0
 12
576.9857712880051
 22
1550.138847563479
 32
0
 13
576.9857712880051
 23
1550.138847563479
 33
0
  0
LINE
  5
25A
100
AcDbEntity
  8
4 Text
  6
ByBlock
 62
    0
370
   -2
100
AcDbLine
 10
530.0836947594998
 20
1602.187121533417
 11
579.070059643573
 21
1602.187121533417
  0
LINE
  5
25B
100
AcDbEntity
  8
4 Text
  6
ByBlock
 62
    0
370
   -2
100
AcDbLine
 10
530.2106964828905
 20
1543.888847563479
 11
579.070059643573
 21
1543.888847563479
  0
ENDBLK
  5
9D
330
9B
100
AcDbEntity
  8
0
100
AcDbBlockEnd
  0
BLOCK
  5
9F
330
9E
100
AcDbEntity
  8
0
100
AcDbBlockBegin
  2
*D98
 70
    1
 10
0
 20
0
  3
*D98
  1

  0
LINE
  5
25C
100
AcDbEntity
  8
4 Text
  6
ByBlock
 62
    0
370
   -2
100
AcDbLine
 10
824.6601427658541
 20
1781.740932611918
 11
1024.575361215578
 21
1781.740932611918
  0
MTEXT
  5
25D
100
AcDbEntity
  8
4 Text
  6
CONTINUOUS
 62
    0
370
   -2
100
AcDbMText
 10
924.617751990716
 20
1786.428432611918
 30
0
 40
6.25
 41
12.5
 71
    5
 72
    1
  1
200
  7
standard
210
0
220
0
230
1
 50
0
 73
    2
 44
1
  0
SOLID
  5
25E
100
AcDbEntity
  8
4 Text
  6
ByBlock
 62
    0
370
   -2
100
AcDbTrace
 10
824.6601427658541
 20
1781.740932611918
 30
0
 11
830.9101427658541
 21
1782.78164425635
 31
0
 12
830.9101427658541
 22
1780.700220967486
 32
0
 13
830.9101427658541
 23
1780.700220967486
 33
0
  0
SOLID
  5
25F
100
AcDbEntity
  8
4 Text
  6
ByBlock
 62
    0
370
   -2
100
AcDbTrace
 10
1024.575361215578
 20
1781.740932611918
 30
0
 11
1018.325361215578
 21
1780.700220967486
 31
0
 12
1018.325361215578
 22
1782.78164425635
 32
0
 13
1018.325361215578
 23
1782.78164425635
 33
0
  0
LINE
  5
260
100
AcDbEntity
  8
4 Text
  6
ByBlock
 62
    0
370
   -2
100
AcDbLine
 10
824.6601427658541
 20
1810.028382717459
 11
824.6601427658541
 21
1778.615932611918
  0
LINE
  5
261
100
AcDbEntity
  8
4 Text
  6
ByBlock
 62
    0
370
   -2
100
AcDbLine
 10
1024.575361215578
 20
1806.290811821925
 11
1024.575361215578
 21
1778.615932611918
  0
ENDBLK
  5
A0
330
9E
100
AcDbEntity
  8
0
100
AcDbBlockEnd
  0
BLOCK
  5
A2
330
A1
100
AcDbEntity
  8
0
100
AcDbBlockBegin
  2
*D117
 70
    1
 10
0
 20
0
  3
*D117
  1

  0
LINE
  5
262
100
AcDbEntity
  8
4 Text
  6
ByBlock
 62
    0
370
   -2
100
AcDbLine
 10
293.0913627536011
 20
1920.30048138418
 11
322.0913627536011
 21
1920.30048138418
  0
MTEXT
  5
263
100
AcDbEntity
  8
4 Text
  6
CONTINUOUS
 62
    0
370
   -2
100
AcDbMText
 10
307.5913627536011
 20
1924.98798138418
 30
0
 40
6.25
 41
3.472222222222222
 71
    5
 72
    1
  1
4
  7
standard
210
0
220
0
230
1
 50
0
 73
    2
 44
1
  0
SOLID
  5
264
100
AcDbEntity
  8
4 Text
  6
ByBlock
 62
    0
370
   -2
100
AcDbTrace
 10
305.5913627536011
 20
1920.30048138418
 30
0
 11
299.3413627536011
 21
1919.259769739748
 31
0
 12
299.3413627536011
 22
1921.341193028612
 32
0
 13
299.3413627536011
 23
1921.341193028612
 33
0
  0
SOLID
  5
265
100
AcDbEntity
  8
4 Text
  6
ByBlock
 62
    0
370
   -2
100
AcDbTrace
 10
309.5913627536011
 20
1920.30048138418
 30
0
 11
315.8413627536011
 21
1921.341193028612
 31
0
 12
315.8413627536011
 22
1919.259769739748
 32
0
 13
315.8413627536011
 23
1919.259769739748
 33
0
  0
LINE
  5
266
100
AcDbEntity
  8
4 Text
  6
ByBlock
 62
    0
370
   -2
100
AcDbLine
 10
305.5913627536011
 20
1882.321731271207
 11
305.5913627536011
 21
1923.42548138418
  0
LINE
  5
267
100
AcDbEntity
  8
4 Text
  6
ByBlock
 62
    0
370
   -2
100
AcDbLine
 10
309.5913627536011
 20
1882.321731271207
 11
309.5913627536011
 21
1923.42548138418
  0
ENDBLK
  5
A3
330
A1
100
AcDbEntity
  8
0
100
AcDbBlockEnd
  0
BLOCK
  5
A5
330
A4
100
AcDbEntity
  8
0
100
AcDbBlockBegin
  2
*D50
 70
    1
 10
0
 20
0
  3
*D50
  1

  0
LINE
  5
268
100
AcDbEntity
  8
4 Text
  6
ByBlock
 62
    0
370
   -2
100
AcDbLine
 10
-535.9198423345503
 20
1507.358914242925
 11
-535.9198423345503
 21
1480.358914242925
  0
MTEXT
  5
269
100
AcDbEntity
  8
4 Text
  6
CONTINUOUS
 62
    0
370
   -2
100
AcDbMText
 10
-540.6073423345503
 20
1493.858914242925
 30
0
 40
6.25
 41
7.638888888888888
 71
    5
 72
    1
  1
27
  7
standard
210
0
220
0
230
1
 50
90
 73
    2
 44
1
  0
SOLID
  5
26A
100
AcDbEntity
  8
4 Text
  6
ByBlock
 62
    0
370
   -2
100
AcDbTrace
 10
-535.9198423345503
 20
1507.358914242925
 30
0
 11
-534.8791306901181
 21
1501.108914242925
 31
0
 12
-536.9605539789824
 22
1501.108914242925
 32
0
 13
-536.9605539789824
 23
1501.108914242925
 33
0
  0
SOLID
  5
26B
100
AcDbEntity
  8
4 Text
  6
ByBlock
 62
    0
370
   -2
100
AcDbTrace
 10
-535.9198423345503
 20
1480.358914242925
 30
0
 11
-536.9605539789824
 21
1486.608914242925
 31
0
 12
-534.8791306901181
 22
1486.608914242925
 32
0
 13
-534.8791306901181
 23
1486.608914242925
 33
0
  0
LINE
  5
26C
100
AcDbEntity
  8
4 Text
  6
ByBlock
 62
    0
370
   -2
100
AcDbLine
 10
-531.1846708906183
 20
1507.358914242925
 11
-539.0448423345503
 21
1507.358914242925
  0
LINE
  5
26D
100
AcDbEntity
  8
4 Text
  6
ByBlock
 62
    0
370
   -2
100
AcDbLine
 10
-531.1846708906183
 20
1480.358914242925
 11
-539.0448423345503
 21
1480.358914242925
  0
ENDBLK
  5
A6
330
A4
100
AcDbEntity
  8
0
100
AcDbBlockEnd
  0
BLOCK
  5
A8
330
A7
100
AcDbEntity
  8
0
100
AcDbBlockBegin
  2
*D51
 70
    1
 10
0
 20
0
  3
*D51
  1

  0
LINE
  5
26E
100
AcDbEntity
  8
4 Text
  6
ByBlock
 62
    0
370
   -2
100
AcDbLine
 10
-66.87627629308274
 20
1449.617335807492
 11
-66.87627629308274
 21
1369.461034334219
  0
MTEXT
  5
26F
100
AcDbEntity
  8
4 Text
  6
CONTINUOUS
 62
    0
370
   -2
100
AcDbMText
 10
-71.56377629308274
 20
1409.539185070856
 30
0
 40
6.25
 41
7.638888888888888
 71
    5
 72
    1
  1
80
  7
standard
210
0
220
0
230
1
 50
90
 73
    2
 44
1
  0
SOLID
  5
270
100
AcDbEntity
  8
4 Text
  6
ByBlock
 62
    0
370
   -2
100
AcDbTrace
 10
-66.87627629308274
 20
1449.617335807492
 30
0
 11
-65.83556464865063
 21
1443.367335807492
 31
0
 12
-67.91698793751485
 22
1443.367335807492
 32
0
 13
-67.91698793751485
 23
1443.367335807492
 33
0
  0
SOLID
  5
271
100
AcDbEntity
  8
4 Text
  6
ByBlock
 62
    0
370
   -2
100
AcDbTrace
 10
-66.87627629308274
 20
1369.461034334219
 30
0
 11
-67.91698793751483
 21
1375.711034334219
 31
0
 12
-65.83556464865063
 22
1375.711034334219
 32
0
 13
-65.83556464865063
 23
1375.711034334219
 33
0
  0
LINE
  5
272
100
AcDbEntity
  8
4 Text
  6
ByBlock
 62
    0
370
   -2
100
AcDbLine
 10
-64.29531465212729
 20
1449.617335807492
 11
-70.00127629308274
 21
1449.617335807492
  0
LINE
  5
273
100
AcDbEntity
  8
4 Text
  6
ByBlock
 62
    0
370
   -2
100
AcDbLine
 10
-64.29531465212729
 20
1369.461034334219
 11
-70.00127629308274
 21
1369.461034334219
  0
ENDBLK
  5
A9
330
A7
100
AcDbEntity
  8
0
100
AcDbBlockEnd
  0
BLOCK
  5
AB
330
AA
100
AcDbEntity
  8
0
100
AcDbBlockBegin
  2
*D1
 70
    1
 10
0
 20
0
  3
*D1
  1

  0
LINE
  5
274
100
AcDbEntity
  8
4 Text
  6
ByBlock
 62
    0
370
   -2
100
AcDbLine
 10
-324.233683196731
 20
2048.334783918738
 11
375.766316803269
 21
2048.334783918738
  0
MTEXT
  5
275
100
AcDbEntity
  8
4 Text
  6
CONTINUOUS
 62
    0
370
   -2
100
AcDbMText
 10
25.76631680326898
 20
2053.022283918738
 30
0
 40
6.25
 41
12.5
 71
    5
 72
    1
  1
700
  7
standard
210
0
220
0
230
1
 50
0
 73
    2
 44
1
  0
SOLID
  5
276
100
AcDbEntity
  8
4 Text
  6
ByBlock
 62
    0
370
   -2
100
AcDbTrace
 10
-324.233683196731
 20
2048.334783918738
 30
0
 11
-317.983683196731
 21
2049.37549556317
 31
0
 12
-317.983683196731
 22
2047.294072274306
 32
0
 13
-317.983683196731
 23
2047.294072274306
 33
0
  0
SOLID
  5
277
100
AcDbEntity
  8
4 Text
  6
ByBlock
 62
    0
370
   -2
100
AcDbTrace
 10
375.766316803269
 20
2048.334783918738
 30
0
 11
369.516316803269
 21
2047.294072274306
 31
0
 12
369.516316803269
 22
2049.37549556317
 32
0
 13
369.516316803269
 23
2049.37549556317
 33
0
  0
LINE
  5
278
100
AcDbEntity
  8
4 Text
  6
ByBlock
 62
    0
370
   -2
100
AcDbLine
 10
-324.233683196731
 20
1882.352921156954
 11
-324.233683196731
 21
2051.459783918738
  0
LINE
  5
279
100
AcDbEntity
  8
4 Text
  6
ByBlock
 62
    0
370
   -2
100
AcDbLine
 10
375.766316803269
 20
1882.352921156954
 11
375.766316803269
 21
2051.459783918738
  0
ENDBLK
  5
AC
330
AA
100
AcDbEntity
  8
0
100
AcDbBlockEnd
  0
BLOCK
  5
AE
330
AD
100
AcDbEntity
  8
0
100
AcDbBlockBegin
  2
*D35
 70
    1
 10
0
 20
0
  3
*D35
  1

  0
LINE
  5
27A
100
AcDbEntity
  8
4 Text
  6
ByBlock
 62
    0
370
   -2
100
AcDbLine
 10
-204.2232800441345
 20
1525.18589917894
 11
-204.2232800441345
 21
1495.18589917894
  0
MTEXT
  5
27B
100
AcDbEntity
  8
4 Text
  6
CONTINUOUS
 62
    0
370
   -2
100
AcDbMText
 10
-208.9107800441345
 20
1510.18589917894
 30
0
 40
6.25
 41
2.777777777778165
 71
    5
 72
    1
  1
5
  7
standard
210
0
220
0
230
1
 50
90
 73
    2
 44
1
  0
SOLID
  5
27C
100
AcDbEntity
  8
4 Text
  6
ByBlock
 62
    0
370
   -2
100
AcDbTrace
 10
-204.2232800441345
 20
1512.68589917894
 30
0
 11
-205.2639916885666
 21
1518.93589917894
 31
0
 12
-203.1825683997024
 22
1518.93589917894
 32
0
 13
-203.1825683997024
 23
1518.93589917894
 33
0
  0
SOLID
  5
27D
100
AcDbEntity
  8
4 Text
  6
ByBlock
 62
    0
370
   -2
100
AcDbTrace
 10
-204.2232800441345
 20
1507.68589917894
 30
0
 11
-203.1825683997024
 21
1501.43589917894
 31
0
 12
-205.2639916885666
 22
1501.43589917894
 32
0
 13
-205.2639916885666
 23
1501.43589917894
 33
0
  0
LINE
  5
27E
100
AcDbEntity
  8
4 Text
  6
ByBlock
 62
    0
370
   -2
100
AcDbLine
 10
-171.4271852899282
 20
1512.68589917894
 11
-207.3482800441345
 21
1512.68589917894
  0
LINE
  5
27F
100
AcDbEntity
  8
4 Text
  6
ByBlock
 62
    0
370
   -2
100
AcDbLine
 10
-172.8295769125489
 20
1507.68589917894
 11
-207.3482800441345
 21
1507.68589917894
  0
ENDBLK
  5
AF
330
AD
100
AcDbEntity
  8
0
100
AcDbBlockEnd
  0
BLOCK
  5
B1
330
B0
100
AcDbEntity
  8
0
100
AcDbBlockBegin
  2
*D93
 70
    1
 10
0
 20
0
  3
*D93
  1

  0
LINE
  5
280
100
AcDbEntity
  8
4 Text
  6
ByBlock
 62
    0
370
   -2
100
AcDbLine
 10
635.7976873035356
 20
1893.283971978271
 11
635.7976873035356
 21
1858.283971978271
  0
MTEXT
  5
281
100
AcDbEntity
  8
4 Text
  6
CONTINUOUS
 62
    0
370
   -2
100
AcDbMText
 10
631.1101873035356
 20
1875.783971978271
 30
0
 40
6.25
 41
6.25
 71
    5
 72
    1
  1
10
  7
standard
210
0
220
0
230
1
 50
90
 73
    2
 44
1
  0
SOLID
  5
282
100
AcDbEntity
  8
4 Text
  6
ByBlock
 62
    0
370
   -2
100
AcDbTrace
 10
635.7976873035356
 20
1880.783971978271
 30
0
 11
634.7569756591034
 21
1887.033971978271
 31
0
 12
636.8383989479677
 22
1887.033971978271
 32
0
 13
636.8383989479677
 23
1887.033971978271
 33
0
  0
SOLID
  5
283
100
AcDbEntity
  8
4 Text
  6
ByBlock
 62
    0
370
   -2
100
AcDbTrace
 10
635.7976873035356
 20
1870.783971978271
 30
0
 11
636.8383989479677
 21
1864.533971978271
 31
0
 12
634.7569756591034
 22
1864.533971978271
 32
0
 13
634.7569756591034
 23
1864.533971978271
 33
0
  0
LINE
  5
284
100
AcDbEntity
  8
4 Text
  6
ByBlock
 62
    0
370
   -2
100
AcDbLine
 10
652.775199467777
 20
1880.783971978271
 11
632.6726873035356
 21
1880.783971978271
  0
LINE
  5
285
100
AcDbEntity
  8
4 Text
  6
ByBlock
 62
    0
370
   -2
100
AcDbLine
 10
652.775199467777
 20
1870.783971978271
 11
632.6726873035356
 21
1870.783971978271
  0
ENDBLK
  5
B2
330
B0
100
AcDbEntity
  8
0
100
AcDbBlockEnd
  0
BLOCK
  5
B4
330
B3
100
AcDbEntity
  8
0
100
AcDbBlockBegin
  2
*D30
 70
    1
 10
0
 20
0
  3
*D30
  1

  0
LINE
  5
286
100
AcDbEntity
  8
4 Text
  6
ByBlock
 62
    0
370
   -2
100
AcDbLine
 10
246.1248433313796
 20
1373.623897342109
 11
332.0966969125667
 21
1373.623897342109
  0
MTEXT
  5
287
100
AcDbEntity
  8
4 Text
  6
CONTINUOUS
 62
    0
370
   -2
100
AcDbMText
 10
289.1107701219731
 20
1378.311397342109
 30
0
 40
6.25
 41
7.638888888889277
 71
    5
 72
    1
  1
86
  7
standard
210
0
220
0
230
1
 50
0
 73
    2
 44
1
  0
SOLID
  5
288
100
AcDbEntity
  8
4 Text
  6
ByBlock
 62
    0
370
   -2
100
AcDbTrace
 10
246.1248433313796
 20
1373.623897342109
 30
0
 11
252.3748433313796
 21
1374.664608986541
 31
0
 12
252.3748433313796
 22
1372.583185697677
 32
0
 13
252.3748433313796
 23
1372.583185697677
 33
0
  0
SOLID
  5
289
100
AcDbEntity
  8
4 Text
  6
ByBlock
 62
    0
370
   -2
100
AcDbTrace
 10
332.0966969125667
 20
1373.623897342109
 30
0
 11
325.8466969125667
 21
1372.583185697677
 31
0
 12
325.8466969125667
 22
1374.664608986541
 32
0
 13
325.8466969125667
 23
1374.664608986541
 33
0
  0
LINE
  5
28A
100
AcDbEntity
  8
4 Text
  6
ByBlock
 62
    0
370
   -2
100
AcDbLine
 10
246.1248433313796
 20
1421.110029929023
 11
246.1248433313796
 21
1370.498897342109
  0
LINE
  5
28B
100
AcDbEntity
  8
4 Text
  6
ByBlock
 62
    0
370
   -2
100
AcDbLine
 10
332.0966969125667
 20
1421.491197412143
 11
332.0966969125667
 21
1370.498897342109
  0
ENDBLK
  5
B5
330
B3
100
AcDbEntity
  8
0
100
AcDbBlockEnd
  0
BLOCK
  5
B7
330
B6
100
AcDbEntity
  8
0
100
AcDbBlockBegin
  2
*D3
 70
    1
 10
0
 20
0
  3
*D3
  1

  0
LINE
  5
28C
100
AcDbEntity
  8
4 Text
  6
ByBlock
 62
    0
370
   -2
100
AcDbLine
 10
-317.2766016483961
 20
1378.493475859986
 11
-317.2766016483961
 21
1356.759915323962
  0
LINE
  5
28D
100
AcDbEntity
  8
4 Text
  6
ByBlock
 62
    0
370
   -2
100
AcDbLine
 10
-237.2766016483961
 20
1378.493475859986
 11
-237.2766016483961
 21
1356.759915323962
  0
LINE
  5
28E
100
AcDbEntity
  8
4 Text
  6
ByBlock
 62
    0
370
   -2
100
AcDbLine
 10
-317.2766016483961
 20
1359.884915323962
 11
-237.2766016483961
 21
1359.884915323962
  0
MTEXT
  5
28F
100
AcDbEntity
  8
4 Text
  6
CONTINUOUS
 62
    0
370
   -2
100
AcDbMText
 10
-277.2766016483961
 20
1364.572415323962
 30
0
 40
6.25
 41
7.638888888888888
 71
    5
 72
    1
  1
80
  7
standard
210
0
220
0
230
1
 50
0
 73
    2
 44
1
  0
SOLID
  5
290
100
AcDbEntity
  8
4 Text
  6
ByBlock
 62
    0
370
   -2
100
AcDbTrace
 10
-317.2766016483961
 20
1359.884915323962
 30
0
 11
-311.0266016483961
 21
1360.925626968394
 31
0
 12
-311.0266016483961
 22
1358.84420367953
 32
0
 13
-311.0266016483961
 23
1358.84420367953
 33
0
  0
SOLID
  5
291
100
AcDbEntity
  8
4 Text
  6
ByBlock
 62
    0
370
   -2
100
AcDbTrace
 10
-237.2766016483961
 20
1359.884915323962
 30
0
 11
-243.5266016483961
 21
1358.84420367953
 31
0
 12
-243.5266016483961
 22
1360.925626968394
 32
0
 13
-243.5266016483961
 23
1360.925626968394
 33
0
  0
ENDBLK
  5
B8
330
B6
100
AcDbEntity
  8
0
100
AcDbBlockEnd
  0
BLOCK
  5
BA
330
B9
100
AcDbEntity
  8
0
100
AcDbBlockBegin
  2
*D28
 70
    1
 10
0
 20
0
  3
*D28
  1

  0
LINE
  5
292
100
AcDbEntity
  8
4 Text
  6
ByBlock
 62
    0
370
   -2
100
AcDbLine
 10
-650.7097128957816
 20
1085.887277122757
 11
-650.7097128957816
 21
1116.680230485463
  0
MTEXT
  5
293
100
AcDbEntity
  8
4 Text
  6
CONTINUOUS
 62
    0
370
   -2
100
AcDbMText
 10
-655.3972128957816
 20
1101.28375380411
 30
0
 40
6.25
 41
6.250000000000387
 71
    5
 72
    1
  1
31
  7
standard
210
0
220
0
230
1
 50
90
 73
    2
 44
1
  0
SOLID
  5
294
100
AcDbEntity
  8
4 Text
  6
ByBlock
 62
    0
370
   -2
100
AcDbTrace
 10
-650.7097128957816
 20
1085.887277122757
 30
0
 11
-651.7504245402138
 21
1092.137277122757
 31
0
 12
-649.6690012513495
 22
1092.137277122757
 32
0
 13
-649.6690012513495
 23
1092.137277122757
 33
0
  0
SOLID
  5
295
100
AcDbEntity
  8
4 Text
  6
ByBlock
 62
    0
370
   -2
100
AcDbTrace
 10
-650.7097128957816
 20
1116.680230485463
 30
0
 11
-649.6690012513495
 21
1110.430230485463
 31
0
 12
-651.7504245402138
 22
1110.430230485463
 32
0
 13
-651.7504245402138
 23
1110.430230485463
 33
0
  0
LINE
  5
296
100
AcDbEntity
  8
4 Text
  6
ByBlock
 62
    0
370
   -2
100
AcDbLine
 10
-637.9149934225296
 20
1085.887277122757
 11
-653.8347128957816
 21
1085.887277122757
  0
LINE
  5
297
100
AcDbEntity
  8
4 Text
  6
ByBlock
 62
    0
370
   -2
100
AcDbLine
 10
-631.4283422299017
 20
1116.680230485463
 11
-653.8347128957816
 21
1116.680230485463
  0
ENDBLK
  5
BB
330
B9
100
AcDbEntity
  8
0
100
AcDbBlockEnd
  0
BLOCK
  5
BD
330
BC
100
AcDbEntity
  8
0
100
AcDbBlockBegin
  2
*D115
 70
    1
 10
0
 20
0
  3
*D115
  1

  0
LINE
  5
298
100
AcDbEntity
  8
1 JPG
  6
ByBlock
 62
    0
370
   -2
100
AcDbLine
 10
-400.2031717814276
 20
1250.978335591373
 11
389.2136110002442
 21
1250.978335591373
  0
MTEXT
  5
299
100
AcDbEntity
  8
1 JPG
  6
CONTINUOUS
 62
    0
370
   -2
100
AcDbMText
 10
-5.4947803905917
 20
1255.665835591373
 30
0
 40
6.25
 41
12.5
 71
    5
 72
    1
  1
789
  7
standard
210
0
220
0
230
1
 50
0
 73
    2
 44
1
  0
SOLID
  5
29A
100
AcDbEntity
  8
1 JPG
  6
ByBlock
 62
    0
370
   -2
100
AcDbTrace
 10
-400.2031717814276
 20
1250.978335591373
 30
0
 11
-393.9531717814276
 21
1252.019047235805
 31
0
 12
-393.9531717814276
 22
1249.937623946941
 32
0
 13
-393.9531717814276
 23
1249.937623946941
 33
0
  0
SOLID
  5
29B
100
AcDbEntity
  8
1 JPG
  6
ByBlock
 62
    0
370
   -2
100
AcDbTrace
 10
389.2136110002442
 20
1250.978335591373
 30
0
 11
382.9636110002442
 21
1249.937623946941
 31
0
 12
382.9636110002442
 22
1252.019047235805
 32
0
 13
382.9636110002442
 23
1252.019047235805
 33
0
  0
LINE
  5
29C
100
AcDbEntity
  8
1 JPG
  6
ByBlock
 62
    0
370
   -2
100
AcDbLine
 10
-400.2031717814276
 20
1402.353889796175
 11
-400.2031717814276
 21
1247.853335591373
  0
LINE
  5
29D
100
AcDbEntity
  8
1 JPG
  6
ByBlock
 62
    0
370
   -2
100
AcDbLine
 10
389.2136110002442
 20
1442.648945993847
 11
389.2136110002442
 21
1247.853335591373
  0
ENDBLK
  5
BE
330
BC
100
AcDbEntity
  8
0
100
AcDbBlockEnd
  0
BLOCK
  5
C0
330
BF
100
AcDbEntity
  8
0
100
AcDbBlockBegin
  2
*D8
 70
    1
 10
0
 20
0
  3
*D8
  1

  0
LINE
  5
29E
100
AcDbEntity
  8
4 Text
  6
ByBlock
 62
    0
370
   -2
100
AcDbLine
 10
-266.128293835464
 20
1555.16068016112
 11
-266.128293835464
 21
1512.68589917894
  0
MTEXT
  5
29F
100
AcDbEntity
  8
4 Text
  6
CONTINUOUS
 62
    0
370
   -2
100
AcDbMText
 10
-270.815793835464
 20
1533.92328967003
 30
0
 40
6.25
 41
8.333333333333332
 71
    5
 72
    1
  1
42
  7
standard
210
0
220
0
230
1
 50
90
 73
    2
 44
1
  0
SOLID
  5
2A0
100
AcDbEntity
  8
4 Text
  6
ByBlock
 62
    0
370
   -2
100
AcDbTrace
 10
-266.128293835464
 20
1555.16068016112
 30
0
 11
-265.0875821910319
 21
1548.91068016112
 31
0
 12
-267.1690054798961
 22
1548.91068016112
 32
0
 13
-267.1690054798961
 23
1548.91068016112
 33
0
  0
SOLID
  5
2A1
100
AcDbEntity
  8
4 Text
  6
ByBlock
 62
    0
370
   -2
100
AcDbTrace
 10
-266.128293835464
 20
1512.68589917894
 30
0
 11
-267.1690054798961
 21
1518.93589917894
 31
0
 12
-265.0875821910319
 22
1518.93589917894
 32
0
 13
-265.0875821910319
 23
1518.93589917894
 33
0
  0
LINE
  5
2A2
100
AcDbEntity
  8
4 Text
  6
ByBlock
 62
    0
370
   -2
100
AcDbLine
 10
-259.6025585614797
 20
1555.16068016112
 11
-269.253293835464
 21
1555.16068016112
  0
LINE
  5
2A3
100
AcDbEntity
  8
4 Text
  6
ByBlock
 62
    0
370
   -2
100
AcDbLine
 10
-259.6025585614797
 20
1512.68589917894
 11
-269.253293835464
 21
1512.68589917894
  0
ENDBLK
  5
C1
330
BF
100
AcDbEntity
  8
0
100
AcDbBlockEnd
  0
BLOCK
  5
C3
330
C2
100
AcDbEntity
  8
0
100
AcDbBlockBegin
  2
*D49
 70
    1
 10
0
 20
0
  3
*D49
  1

  0
LINE
  5
2A4
100
AcDbEntity
  8
4 Text
  6
ByBlock
 62
    0
370
   -2
100
AcDbLine
 10
-585.5525437448545
 20
1515.358914242925
 11
-585.5525437448545
 21
1480.358914242925
  0
MTEXT
  5
2A5
100
AcDbEntity
  8
4 Text
  6
CONTINUOUS
 62
    0
370
   -2
100
AcDbMText
 10
-590.2400437448545
 20
1497.858914242925
 30
0
 40
6.25
 41
7.638888888889664
 71
    5
 72
    1
  1
35
  7
standard
210
0
220
0
230
1
 50
90
 73
    2
 44
1
  0
SOLID
  5
2A6
100
AcDbEntity
  8
4 Text
  6
ByBlock
 62
    0
370
   -2
100
AcDbTrace
 10
-585.5525437448545
 20
1515.358914242925
 30
0
 11
-584.5118321004223
 21
1509.108914242925
 31
0
 12
-586.5932553892866
 22
1509.108914242925
 32
0
 13
-586.5932553892866
 23
1509.108914242925
 33
0
  0
SOLID
  5
2A7
100
AcDbEntity
  8
4 Text
  6
ByBlock
 62
    0
370
   -2
100
AcDbTrace
 10
-585.5525437448545
 20
1480.358914242925
 30
0
 11
-586.5932553892866
 21
1486.608914242925
 31
0
 12
-584.5118321004223
 22
1486.608914242925
 32
0
 13
-584.5118321004223
 23
1486.608914242925
 33
0
  0
LINE
  5
2A8
100
AcDbEntity
  8
4 Text
  6
ByBlock
 62
    0
370
   -2
100
AcDbLine
 10
-581.1846708906183
 20
1515.358914242925
 11
-588.6775437448545
 21
1515.358914242925
  0
LINE
  5
2A9
100
AcDbEntity
  8
4 Text
  6
ByBlock
 62
    0
370
   -2
100
AcDbLine
 10
-581.1846708906183
 20
1480.358914242925
 11
-588.6775437448545
 21
1480.358914242925
  0
ENDBLK
  5
C4
330
C2
100
AcDbEntity
  8
0
100
AcDbBlockEnd
  0
BLOCK
  5
C6
330
C5
100
AcDbEntity
  8
0
100
AcDbBlockBegin
  2
*D87
 70
    1
 10
0
 20
0
  3
*D87
  1

  0
LINE
  5
2AA
100
AcDbEntity
  8
4 Text
  6
ByBlock
 62
    0
370
   -2
100
AcDbLine
 10
545.432326244485
 20
1614.687121533417
 11
545.432326244485
 21
1584.442580745413
  0
MTEXT
  5
2AB
100
AcDbEntity
  8
4 Text
  6
CONTINUOUS
 62
    0
370
   -2
100
AcDbMText
 10
540.744826244485
 20
1599.564851139415
 30
0
 40
6.25
 41
2.777777777778165
 71
    5
 72
    1
  1
5
  7
standard
210
0
220
0
230
1
 50
90
 73
    2
 44
1
  0
SOLID
  5
2AC
100
AcDbEntity
  8
4 Text
  6
ByBlock
 62
    0
370
   -2
100
AcDbTrace
 10
545.432326244485
 20
1602.187121533417
 30
0
 11
544.3916146000529
 21
1608.437121533417
 31
0
 12
546.4730378889171
 22
1608.437121533417
 32
0
 13
546.4730378889171
 23
1608.437121533417
 33
0
  0
SOLID
  5
2AD
100
AcDbEntity
  8
4 Text
  6
ByBlock
 62
    0
370
   -2
100
AcDbTrace
 10
545.432326244485
 20
1596.942580745413
 30
0
 11
546.4730378889171
 21
1590.692580745413
 31
0
 12
544.3916146000529
 22
1590.692580745413
 32
0
 13
544.3916146000529
 23
1590.692580745413
 33
0
  0
LINE
  5
2AE
100
AcDbEntity
  8
4 Text
  6
ByBlock
 62
    0
370
   -2
100
AcDbLine
 10
530.0836947594998
 20
1602.187121533417
 11
548.557326244485
 21
1602.187121533417
  0
LINE
  5
2AF
100
AcDbEntity
  8
4 Text
  6
ByBlock
 62
    0
370
   -2
100
AcDbLine
 10
530.0836947594998
 20
1596.942580745413
 11
548.557326244485
 21
1596.942580745413
  0
ENDBLK
  5
C7
330
C5
100
AcDbEntity
  8
0
100
AcDbBlockEnd
  0
BLOCK
  5
C9
330
C8
100
AcDbEntity
  8
0
100
AcDbBlockBegin
  2
*D108
 70
    1
 10
0
 20
0
  3
*D108
  1

  0
LINE
  5
2B0
100
AcDbEntity
  8
4 Text
  6
ByBlock
 62
    0
370
   -2
100
AcDbLine
 10
-453.7450407980209
 20
1479.468049382559
 11
-406.2645631231427
 21
1479.468049382559
  0
MTEXT
  5
2B1
100
AcDbEntity
  8
4 Text
  6
CONTINUOUS
 62
    0
370
   -2
100
AcDbMText
 10
-430.0048019605818
 20
1484.155549382559
 30
0
 40
6.25
 41
8.333333333333332
 71
    5
 72
    1
  1
47
  7
standard
210
0
220
0
230
1
 50
0
 73
    2
 44
1
  0
SOLID
  5
2B2
100
AcDbEntity
  8
4 Text
  6
ByBlock
 62
    0
370
   -2
100
AcDbTrace
 10
-453.7450407980209
 20
1479.468049382559
 30
0
 11
-447.4950407980209
 21
1480.508761026991
 31
0
 12
-447.4950407980209
 22
1478.427337738127
 32
0
 13
-447.4950407980209
 23
1478.427337738127
 33
0
  0
SOLID
  5
2B3
100
AcDbEntity
  8
4 Text
  6
ByBlock
 62
    0
370
   -2
100
AcDbTrace
 10
-406.2645631231427
 20
1479.468049382559
 30
0
 11
-412.5145631231427
 21
1478.427337738127
 31
0
 12
-412.5145631231427
 22
1480.508761026991
 32
0
 13
-412.5145631231427
 23
1480.508761026991
 33
0
  0
LINE
  5
2B4
100
AcDbEntity
  8
4 Text
  6
ByBlock
 62
    0
370
   -2
100
AcDbLine
 10
-453.7450407980209
 20
1461.529592019648
 11
-453.7450407980209
 21
1482.593049382559
  0
LINE
  5
2B5
100
AcDbEntity
  8
4 Text
  6
ByBlock
 62
    0
370
   -2
100
AcDbLine
 10
-406.2645631231427
 20
1461.529592019648
 11
-406.2645631231427
 21
1482.593049382559
  0
ENDBLK
  5
CA
330
C8
100
AcDbEntity
  8
0
100
AcDbBlockEnd
  0
BLOCK
  5
CC
330
CB
100
AcDbEntity
  8
0
100
AcDbBlockBegin
  2
*D7
 70
    1
 10
0
 20
0
  3
*D7
  1

  0
LINE
  5
2B6
100
AcDbEntity
  8
4 Text
  6
ByBlock
 62
    0
370
   -2
100
AcDbLine
 10
-3.66415916451306
 20
1551.984419066248
 11
-3.664159164513062
 21
1515.731101421385
  0
MTEXT
  5
2B7
100
AcDbEntity
  8
4 Text
  6
CONTINUOUS
 62
    0
370
   -2
100
AcDbMText
 10
-8.351659164513061
 20
1533.857760243816
 30
0
 40
6.25
 41
7.638888888889664
 71
    5
 72
    1
  1
36
  7
standard
210
0
220
0
230
1
 50
90
 73
    2
 44
1
  0
SOLID
  5
2B8
100
AcDbEntity
  8
4 Text
  6
ByBlock
 62
    0
370
   -2
100
AcDbTrace
 10
-3.66415916451306
 20
1551.984419066248
 30
0
 11
-2.623447520080959
 21
1545.734419066248
 31
0
 12
-4.704870808945161
 22
1545.734419066248
 32
0
 13
-4.704870808945161
 23
1545.734419066248
 33
0
  0
SOLID
  5
2B9
100
AcDbEntity
  8
4 Text
  6
ByBlock
 62
    0
370
   -2
100
AcDbTrace
 10
-3.664159164513062
 20
1515.731101421385
 30
0
 11
-4.704870808945162
 21
1521.981101421385
 31
0
 12
-2.62344752008096
 22
1521.981101421385
 32
0
 13
-2.62344752008096
 23
1521.981101421385
 33
0
  0
LINE
  5
2BA
100
AcDbEntity
  8
4 Text
  6
ByBlock
 62
    0
370
   -2
100
AcDbLine
 10
11.40684533313049
 20
1551.984419066248
 11
-6.78915916451306
 21
1551.984419066248
  0
LINE
  5
2BB
100
AcDbEntity
  8
4 Text
  6
ByBlock
 62
    0
370
   -2
100
AcDbLine
 10
11.40684533313049
 20
1515.731101421385
 11
-6.789159164513062
 21
1515.731101421385
  0
ENDBLK
  5
CD
330
CB
100
AcDbEntity
  8
0
100
AcDbBlockEnd
  0
BLOCK
  5
CF
330
CE
100
AcDbEntity
  8
0
100
AcDbBlockBegin
  2
*D125
 70
    1
 10
0
 20
0
  3
*D125
  1

  0
LINE
  5
2BC
100
AcDbEntity
  8
4 Text
  6
ByBlock
 62
    0
370
   -2
100
AcDbLine
 10
-578.7936540800235
 20
1910.591383291371
 11
-578.7936540800235
 21
1880.802140327352
  0
MTEXT
  5
2BD
100
AcDbEntity
  8
4 Text
  6
CONTINUOUS
 62
    0
370
   -2
100
AcDbMText
 10
-583.4811540800235
 20
1895.696761809362
 30
0
 40
6.25
 41
7.638888888889277
 71
    5
 72
    1
  1
30
  7
standard
210
0
220
0
230
1
 50
90
 73
    2
 44
1
  0
SOLID
  5
2BE
100
AcDbEntity
  8
4 Text
  6
ByBlock
 62
    0
370
   -2
100
AcDbTrace
 10
-578.7936540800235
 20
1910.591383291371
 30
0
 11
-577.7529424355914
 21
1904.341383291371
 31
0
 12
-579.8343657244557
 22
1904.341383291371
 32
0
 13
-579.8343657244557
 23
1904.341383291371
 33
0
  0
SOLID
  5
2BF
100
AcDbEntity
  8
4 Text
  6
ByBlock
 62
    0
370
   -2
100
AcDbTrace
 10
-578.7936540800235
 20
1880.802140327352
 30
0
 11
-579.8343657244557
 21
1887.052140327352
 31
0
 12
-577.7529424355914
 22
1887.052140327352
 32
0
 13
-577.7529424355914
 23
1887.052140327352
 33
0
  0
LINE
  5
2C0
100
AcDbEntity
  8
4 Text
  6
ByBlock
 62
    0
370
   -2
100
AcDbLine
 10
-577.2674754697837
 20
1910.591383291371
 11
-581.9186540800235
 21
1910.591383291371
  0
LINE
  5
2C1
100
AcDbEntity
  8
4 Text
  6
ByBlock
 62
    0
370
   -2
100
AcDbLine
 10
-577.2674754697837
 20
1880.802140327352
 11
-581.9186540800235
 21
1880.802140327352
  0
ENDBLK
  5
D0
330
CE
100
AcDbEntity
  8
0
100
AcDbBlockEnd
  0
BLOCK
  5
D2
330
D1
100
AcDbEntity
  8
0
100
AcDbBlockBegin
  2
*D60
 70
    1
 10
0
 20
0
  3
*D60
  1

  0
LINE
  5
2C2
100
AcDbEntity
  8
4 Text
  6
ByBlock
 62
    0
370
   -2
100
AcDbLine
 10
384.4416379546427
 20
1038.088953941559
 11
384.4416379546427
 21
1010.13222157436
  0
MTEXT
  5
2C3
100
AcDbEntity
  8
4 Text
  6
CONTINUOUS
 62
    0
370
   -2
100
AcDbMText
 10
379.7541379546427
 20
1024.11058775796
 30
0
 40
6.25
 41
7.638888888888888
 71
    5
 72
    1
  1
28
  7
standard
210
0
220
0
230
1
 50
90
 73
    2
 44
1
  0
SOLID
  5
2C4
100
AcDbEntity
  8
4 Text
  6
ByBlock
 62
    0
370
   -2
100
AcDbTrace
 10
384.4416379546427
 20
1038.088953941559
 30
0
 11
385.4823495990748
 21
1031.838953941559
 31
0
 12
383.4009263102106
 22
1031.838953941559
 32
0
 13
383.4009263102106
 23
1031.838953941559
 33
0
  0
SOLID
  5
2C5
100
AcDbEntity
  8
4 Text
  6
ByBlock
 62
    0
370
   -2
100
AcDbTrace
 10
384.4416379546427
 20
1010.13222157436
 30
0
 11
383.4009263102106
 21
1016.38222157436
 31
0
 12
385.4823495990748
 22
1016.38222157436
 32
0
 13
385.4823495990748
 23
1016.38222157436
 33
0
  0
LINE
  5
2C6
100
AcDbEntity
  8
4 Text
  6
ByBlock
 62
    0
370
   -2
100
AcDbLine
 10
349.2073612341142
 20
1038.088953941559
 11
387.5666379546427
 21
1038.088953941559
  0
LINE
  5
2C7
100
AcDbEntity
  8
4 Text
  6
ByBlock
 62
    0
370
   -2
100
AcDbLine
 10
349.2073612341142
 20
1010.13222157436
 11
387.5666379546427
 21
1010.13222157436
  0
ENDBLK
  5
D3
330
D1
100
AcDbEntity
  8
0
100
AcDbBlockEnd
  0
BLOCK
  5
D5
330
D4
100
AcDbEntity
  8
0
100
AcDbBlockBegin
  2
*D6
 70
    1
 10
0
 20
0
  3
*D6
  1

  0
LINE
  5
2C8
100
AcDbEntity
  8
4 Text
  6
ByBlock
 62
    0
370
   -2
100
AcDbLine
 10
80.94460699787948
 20
1547.889753466048
 11
80.94460699787948
 21
1520.42672168241
  0
MTEXT
  5
2C9
100
AcDbEntity
  8
4 Text
  6
CONTINUOUS
 62
    0
370
   -2
100
AcDbMText
 10
76.25710699787948
 20
1534.158237574229
 30
0
 40
6.25
 41
7.638888888888888
 71
    5
 72
    1
  1
27
  7
standard
210
0
220
0
230
1
 50
90
 73
    2
 44
1
  0
SOLID
  5
2CA
100
AcDbEntity
  8
4 Text
  6
ByBlock
 62
    0
370
   -2
100
AcDbTrace
 10
80.94460699787948
 20
1547.889753466048
 30
0
 11
81.98531864231158
 21
1541.639753466048
 31
0
 12
79.90389535344737
 22
1541.639753466048
 32
0
 13
79.90389535344737
 23
1541.639753466048
 33
0
  0
SOLID
  5
2CB
100
AcDbEntity
  8
4 Text
  6
ByBlock
 62
    0
370
   -2
100
AcDbTrace
 10
80.94460699787948
 20
1520.42672168241
 30
0
 11
79.90389535344738
 21
1526.67672168241
 31
0
 12
81.98531864231158
 22
1526.67672168241
 32
0
 13
81.98531864231158
 23
1526.67672168241
 33
0
  0
LINE
  5
2CC
100
AcDbEntity
  8
4 Text
  6
ByBlock
 62
    0
370
   -2
100
AcDbLine
 10
98.7983853142123
 20
1547.889753466048
 11
77.81960699787948
 21
1547.889753466048
  0
LINE
  5
2CD
100
AcDbEntity
  8
4 Text
  6
ByBlock
 62
    0
370
   -2
100
AcDbLine
 10
98.7983853142123
 20
1520.42672168241
 11
77.81960699787948
 21
1520.42672168241
  0
ENDBLK
  5
D6
330
D4
100
AcDbEntity
  8
0
100
AcDbBlockEnd
  0
BLOCK
  5
D8
330
D7
100
AcDbEntity
  8
0
100
AcDbBlockBegin
  2
*D94
 70
    1
 10
0
 20
0
  3
*D94
  1

  0
LINE
  5
2CE
100
AcDbEntity
  8
4 Text
  6
ByBlock
 62
    0
370
   -2
100
AcDbLine
 10
631.837699467777
 20
1893.07344656849
 11
666.837699467777
 21
1893.07344656849
  0
MTEXT
  5
2CF
100
AcDbEntity
  8
4 Text
  6
CONTINUOUS
 62
    0
370
   -2
100
AcDbMText
 10
649.337699467777
 20
1897.76094656849
 30
0
 40
6.25
 41
6.25
 71
    5
 72
    1
  1
10
  7
standard
210
0
220
0
230
1
 50
0
 73
    2
 44
1
  0
SOLID
  5
2D0
100
AcDbEntity
  8
4 Text
  6
ByBlock
 62
    0
370
   -2
100
AcDbTrace
 10
644.337699467777
 20
1893.07344656849
 30
0
 11
638.087699467777
 21
1892.032734924058
 31
0
 12
638.087699467777
 22
1894.114158212922
 32
0
 13
638.087699467777
 23
1894.114158212922
 33
0
  0
SOLID
  5
2D1
100
AcDbEntity
  8
4 Text
  6
ByBlock
 62
    0
370
   -2
100
AcDbTrace
 10
654.337699467777
 20
1893.07344656849
 30
0
 11
660.587699467777
 21
1894.114158212922
 31
0
 12
660.587699467777
 22
1892.032734924058
 32
0
 13
660.587699467777
 23
1892.032734924058
 33
0
  0
LINE
  5
2D2
100
AcDbEntity
  8
4 Text
  6
ByBlock
 62
    0
370
   -2
100
AcDbLine
 10
644.337699467777
 20
1882.346471978271
 11
644.337699467777
 21
1896.19844656849
  0
LINE
  5
2D3
100
AcDbEntity
  8
4 Text
  6
ByBlock
 62
    0
370
   -2
100
AcDbLine
 10
654.337699467777
 20
1882.346471978271
 11
654.337699467777
 21
1896.19844656849
  0
ENDBLK
  5
D9
330
D7
100
AcDbEntity
  8
0
100
AcDbBlockEnd
  0
BLOCK
  5
DB
330
DA
100
AcDbEntity
  8
0
100
AcDbBlockBegin
  2
*D58
 70
    1
 10
0
 20
0
  3
*D58
  1

  0
LINE
  5
2D4
100
AcDbEntity
  8
4 Text
  6
ByBlock
 62
    0
370
   -2
100
AcDbLine
 10
-153.9614088724921
 20
1555.16068016112
 11
-153.9614088724921
 21
1512.68589917894
  0
MTEXT
  5
2D5
100
AcDbEntity
  8
4 Text
  6
CONTINUOUS
 62
    0
370
   -2
100
AcDbMText
 10
-158.6489088724921
 20
1533.92328967003
 30
0
 40
6.25
 41
8.333333333333332
 71
    5
 72
    1
  1
42
  7
standard
210
0
220
0
230
1
 50
90
 73
    2
 44
1
  0
SOLID
  5
2D6
100
AcDbEntity
  8
4 Text
  6
ByBlock
 62
    0
370
   -2
100
AcDbTrace
 10
-153.9614088724921
 20
1555.16068016112
 30
0
 11
-152.92069722806
 21
1548.91068016112
 31
0
 12
-155.0021205169242
 22
1548.91068016112
 32
0
 13
-155.0021205169242
 23
1548.91068016112
 33
0
  0
SOLID
  5
2D7
100
AcDbEntity
  8
4 Text
  6
ByBlock
 62
    0
370
   -2
100
AcDbTrace
 10
-153.9614088724921
 20
1512.68589917894
 30
0
 11
-155.0021205169242
 21
1518.93589917894
 31
0
 12
-152.92069722806
 22
1518.93589917894
 32
0
 13
-152.92069722806
 23
1518.93589917894
 33
0
  0
LINE
  5
2D8
100
AcDbEntity
  8
4 Text
  6
ByBlock
 62
    0
370
   -2
100
AcDbLine
 10
-144.4202716451004
 20
1555.16068016112
 11
-157.0864088724921
 21
1555.16068016112
  0
LINE
  5
2D9
100
AcDbEntity
  8
4 Text
  6
ByBlock
 62
    0
370
   -2
100
AcDbLine
 10
-143.8786308047398
 20
1512.68589917894
 11
-157.0864088724921
 21
1512.68589917894
  0
ENDBLK
  5
DC
330
DA
100
AcDbEntity
  8
0
100
AcDbBlockEnd
  0
BLOCK
  5
DE
330
DD
100
AcDbEntity
  8
0
100
AcDbBlockBegin
  2
*D16
 70
    1
 10
0
 20
0
  3
*D16
  1

  0
LINE
  5
2DA
100
AcDbEntity
  8
4 Text
  6
CONTINUOUS
 62
    7
370
    0
100
AcDbLine
 10
-12.35091585701673
 20
1639.685409123242
 11
-15.51532995320737
 21
1637.852976351855
  0
SOLID
  5
2DB
100
AcDbEntity
  8
4 Text
  6
CONTINUOUS
 62
    7
370
    0
100
AcDbTrace
 10
-12.35091585701673
 20
1639.685409123242
 30
0
 11
-17.23801072887641
 21
1635.652806435114
 31
0
 12
-18.2810513300108
 22
1637.454025247977
 32
0
 13
-18.2810513300108
 23
1637.454025247977
 33
0
  0
ENDBLK
  5
DF
330
DD
100
AcDbEntity
  8
0
100
AcDbBlockEnd
  0
BLOCK
  5
E1
330
E0
100
AcDbEntity
  8
0
100
AcDbBlockBegin
  2
*D79
 70
    1
 10
0
 20
0
  3
*D79
  1

  0
LINE
  5
2DC
100
AcDbEntity
  8
4 Text
  6
ByBlock
 62
    0
370
   -2
100
AcDbLine
 10
-705.8891477518029
 20
1321.318105073101
 11
-555.6382856520903
 21
1321.318105073101
  0
MTEXT
  5
2DD
100
AcDbEntity
  8
4 Text
  6
CONTINUOUS
 62
    0
370
   -2
100
AcDbMText
 10
-630.7637167019466
 20
1326.005605073101
 30
0
 40
6.25
 41
11.1111111111115
 71
    5
 72
    1
  1
150
  7
standard
210
0
220
0
230
1
 50
0
 73
    2
 44
1
  0
SOLID
  5
2DE
100
AcDbEntity
  8
4 Text
  6
ByBlock
 62
    0
370
   -2
100
AcDbTrace
 10
-705.8891477518029
 20
1321.318105073101
 30
0
 11
-699.6391477518029
 21
1322.358816717533
 31
0
 12
-699.6391477518029
 22
1320.277393428669
 32
0
 13
-699.6391477518029
 23
1320.277393428669
 33
0
  0
SOLID
  5
2DF
100
AcDbEntity
  8
4 Text
  6
ByBlock
 62
    0
370
   -2
100
AcDbTrace
 10
-555.6382856520903
 20
1321.318105073101
 30
0
 11
-561.8882856520903
 21
1320.277393428669
 31
0
 12
-561.8882856520903
 22
1322.358816717533
 32
0
 13
-561.8882856520903
 23
1322.358816717533
 33
0
  0
LINE
  5
2E0
100
AcDbEntity
  8
4 Text
  6
ByBlock
 62
    0
370
   -2
100
AcDbLine
 10
-705.8891477518029
 20
1361.322228445112
 11
-705.8891477518029
 21
1318.193105073101
  0
LINE
  5
2E1
100
AcDbEntity
  8
4 Text
  6
ByBlock
 62
    0
370
   -2
100
AcDbLine
 10
-555.6382856520903
 20
1355.772083724105
 11
-555.6382856520903
 21
1318.193105073101
  0
ENDBLK
  5
E2
330
E0
100
AcDbEntity
  8
0
100
AcDbBlockEnd
  0
BLOCK
  5
E4
330
E3
100
AcDbEntity
  8
0
100
AcDbBlockBegin
  2
*D64
 70
    1
 10
0
 20
0
  3
*D64
  1

  0
LINE
  5
2E2
100
AcDbEntity
  8
4 Text
  6
ByBlock
 62
    0
370
   -2
100
AcDbLine
 10
-266.733683196731
 20
1890.934624635111
 11
-239.733683196731
 21
1890.934624635111
  0
MTEXT
  5
2E3
100
AcDbEntity
  8
4 Text
  6
CONTINUOUS
 62
    0
370
   -2
100
AcDbMText
 10
-249.2822943078421
 20
1895.622124635111
 30
0
 40
6.25
 41
2.777777777777778
 71
    5
 72
    1
  1
2
  7
standard
210
0
220
0
230
1
 50
0
 73
    2
 44
1
  0
SOLID
  5
2E4
100
AcDbEntity
  8
4 Text
  6
ByBlock
 62
    0
370
   -2
100
AcDbTrace
 10
-254.233683196731
 20
1890.934624635111
 30
0
 11
-260.483683196731
 21
1889.893912990679
 31
0
 12
-260.483683196731
 22
1891.975336279543
 32
0
 13
-260.483683196731
 23
1891.975336279543
 33
0
  0
SOLID
  5
2E5
100
AcDbEntity
  8
4 Text
  6
ByBlock
 62
    0
370
   -2
100
AcDbTrace
 10
-252.233683196731
 20
1890.934624635111
 30
0
 11
-245.983683196731
 21
1891.975336279543
 31
0
 12
-245.983683196731
 22
1889.893912990679
 32
0
 13
-245.983683196731
 23
1889.893912990679
 33
0
  0
LINE
  5
2E6
100
AcDbEntity
  8
4 Text
  6
ByBlock
 62
    0
370
   -2
100
AcDbLine
 10
-254.233683196731
 20
1882.352921156954
 11
-254.233683196731
 21
1894.059624635111
  0
LINE
  5
2E7
100
AcDbEntity
  8
4 Text
  6
ByBlock
 62
    0
370
   -2
100
AcDbLine
 10
-252.233683196731
 20
1882.352921156954
 11
-252.233683196731
 21
1894.059624635111
  0
ENDBLK
  5
E5
330
E3
100
AcDbEntity
  8
0
100
AcDbBlockEnd
  0
BLOCK
  5
E7
330
E6
100
AcDbEntity
  8
0
100
AcDbBlockBegin
  2
*D120
 70
    1
 10
0
 20
0
  3
*D120
  1

  0
LINE
  5
2E8
100
AcDbEntity
  8
4 Text
  6
ByBlock
 62
    0
370
   -2
100
AcDbLine
 10
516.3833326986078
 20
1910.42684307229
 11
537.5615128177111
 21
1910.42684307229
  0
MTEXT
  5
2E9
100
AcDbEntity
  8
4 Text
  6
CONTINUOUS
 62
    0
370
   -2
100
AcDbMText
 10
526.9724227581594
 20
1915.11434307229
 30
0
 40
6.25
 41
6.25
 71
    5
 72
    1
  1
21
  7
standard
210
0
220
0
230
1
 50
0
 73
    2
 44
1
  0
SOLID
  5
2EA
100
AcDbEntity
  8
4 Text
  6
ByBlock
 62
    0
370
   -2
100
AcDbTrace
 10
516.3833326986078
 20
1910.42684307229
 30
0
 11
522.6333326986078
 21
1911.467554716722
 31
0
 12
522.6333326986078
 22
1909.386131427858
 32
0
 13
522.6333326986078
 23
1909.386131427858
 33
0
  0
SOLID
  5
2EB
100
AcDbEntity
  8
4 Text
  6
ByBlock
 62
    0
370
   -2
100
AcDbTrace
 10
537.5615128177111
 20
1910.42684307229
 30
0
 11
531.3115128177111
 21
1909.386131427858
 31
0
 12
531.3115128177111
 22
1911.467554716722
 32
0
 13
531.3115128177111
 23
1911.467554716722
 33
0
  0
LINE
  5
2EC
100
AcDbEntity
  8
4 Text
  6
ByBlock
 62
    0
370
   -2
100
AcDbLine
 10
516.3833326986078
 20
1872.157615247673
 11
516.3833326986078
 21
1913.55184307229
  0
LINE
  5
2ED
100
AcDbEntity
  8
4 Text
  6
ByBlock
 62
    0
370
   -2
100
AcDbLine
 10
537.5615128177111
 20
1816.966261899239
 11
537.5615128177111
 21
1913.55184307229
  0
ENDBLK
  5
E8
330
E6
100
AcDbEntity
  8
0
100
AcDbBlockEnd
  0
BLOCK
  5
EA
330
E9
100
AcDbEntity
  8
0
100
AcDbBlockBegin
  2
*D124
 70
    1
 10
0
 20
0
  3
*D124
  1

  0
LINE
  5
2EE
100
AcDbEntity
  8
4 Text
  6
ByBlock
 62
    0
370
   -2
100
AcDbLine
 10
467.2780546747687
 20
1508.191872164249
 11
526.5359489112113
 21
1508.191872164249
  0
MTEXT
  5
2EF
100
AcDbEntity
  8
4 Text
  6
CONTINUOUS
 62
    0
370
   -2
100
AcDbMText
 10
496.9070017929901
 20
1512.879372164249
 30
0
 40
6.25
 41
7.638888888889277
 71
    5
 72
    1
  1
59
  7
standard
210
0
220
0
230
1
 50
0
 73
    2
 44
1
  0
SOLID
  5
2F0
100
AcDbEntity
  8
4 Text
  6
ByBlock
 62
    0
370
   -2
100
AcDbTrace
 10
467.2780546747687
 20
1508.191872164249
 30
0
 11
473.5280546747687
 21
1509.232583808681
 31
0
 12
473.5280546747687
 22
1507.151160519817
 32
0
 13
473.5280546747687
 23
1507.151160519817
 33
0
  0
SOLID
  5
2F1
100
AcDbEntity
  8
4 Text
  6
ByBlock
 62
    0
370
   -2
100
AcDbTrace
 10
526.5359489112113
 20
1508.191872164249
 30
0
 11
520.2859489112113
 21
1507.151160519817
 31
0
 12
520.2859489112113
 22
1509.232583808681
 32
0
 13
520.2859489112113
 23
1509.232583808681
 33
0
  0
LINE
  5
2F2
100
AcDbEntity
  8
4 Text
  6
ByBlock
 62
    0
370
   -2
100
AcDbLine
 10
467.2780546747687
 20
1451.502984367465
 11
467.2780546747687
 21
1511.316872164249
  0
LINE
  5
2F3
100
AcDbEntity
  8
4 Text
  6
ByBlock
 62
    0
370
   -2
100
AcDbLine
 10
526.5359489112113
 20
1438.85903588185
 11
526.5359489112113
 21
1511.316872164249
  0
ENDBLK
  5
EB
330
E9
100
AcDbEntity
  8
0
100
AcDbBlockEnd
  0
BLOCK
  5
ED
330
EC
100
AcDbEntity
  8
0
100
AcDbBlockBegin
  2
*D77
 70
    1
 10
0
 20
0
  3
*D77
  1

  0
LINE
  5
2F4
100
AcDbEntity
  8
4 Text
  6
ByBlock
 62
    0
370
   -2
100
AcDbLine
 10
-629.4094344163523
 20
1403.366604171638
 11
-629.4094344163523
 21
1363.366604171638
  0
MTEXT
  5
2F5
100
AcDbEntity
  8
4 Text
  6
CONTINUOUS
 62
    0
370
   -2
100
AcDbMText
 10
-634.0969344163523
 20
1383.366604171638
 30
0
 40
6.25
 41
6.250000000000387
 71
    5
 72
    1
  1
15
  7
standard
210
0
220
0
230
1
 50
90
 73
    2
 44
1
  0
SOLID
  5
2F6
100
AcDbEntity
  8
4 Text
  6
ByBlock
 62
    0
370
   -2
100
AcDbTrace
 10
-629.4094344163523
 20
1390.866604171638
 30
0
 11
-630.4501460607844
 21
1397.116604171638
 31
0
 12
-628.3687227719201
 22
1397.116604171638
 32
0
 13
-628.3687227719201
 23
1397.116604171638
 33
0
  0
SOLID
  5
2F7
100
AcDbEntity
  8
4 Text
  6
ByBlock
 62
    0
370
   -2
100
AcDbTrace
 10
-629.4094344163523
 20
1375.866604171638
 30
0
 11
-628.3687227719201
 21
1369.616604171638
 31
0
 12
-630.4501460607844
 22
1369.616604171638
 32
0
 13
-630.4501460607844
 23
1369.616604171638
 33
0
  0
LINE
  5
2F8
100
AcDbEntity
  8
4 Text
  6
ByBlock
 62
    0
370
   -2
100
AcDbLine
 10
-618.2007856520903
 20
1390.866604171638
 11
-632.5344344163523
 21
1390.866604171638
  0
LINE
  5
2F9
100
AcDbEntity
  8
4 Text
  6
ByBlock
 62
    0
370
   -2
100
AcDbLine
 10
-618.2007856520903
 20
1375.866604171638
 11
-632.5344344163523
 21
1375.866604171638
  0
ENDBLK
  5
EE
330
EC
100
AcDbEntity
  8
0
100
AcDbBlockEnd
  0
BLOCK
  5
F0
330
EF
100
AcDbEntity
  8
0
100
AcDbBlockBegin
  2
*D37
 70
    1
 10
0
 20
0
  3
*D37
  1

  0
LINE
  5
2FA
100
AcDbEntity
  8
4 Text
  6
ByBlock
 62
    0
370
   -2
100
AcDbLine
 10
7.177218997404099
 20
1430.915158215025
 11
7.177218997404095
 21
1380.705876549462
  0
MTEXT
  5
2FB
100
AcDbEntity
  8
4 Text
  6
CONTINUOUS
 62
    0
370
   -2
100
AcDbMText
 10
2.489718997404097
 20
1405.810517382243
 30
0
 40
6.25
 41
7.638888888889277
 71
    5
 72
    1
  1
50
  7
standard
210
0
220
0
230
1
 50
90
 73
    2
 44
1
  0
SOLID
  5
2FC
100
AcDbEntity
  8
4 Text
  6
ByBlock
 62
    0
370
   -2
100
AcDbTrace
 10
7.177218997404099
 20
1430.915158215025
 30
0
 11
8.217930641836199
 21
1424.665158215025
 31
0
 12
6.136507352971997
 22
1424.665158215025
 32
0
 13
6.136507352971997
 23
1424.665158215025
 33
0
  0
SOLID
  5
2FD
100
AcDbEntity
  8
4 Text
  6
ByBlock
 62
    0
370
   -2
100
AcDbTrace
 10
7.177218997404095
 20
1380.705876549462
 30
0
 11
6.136507352971996
 21
1386.955876549462
 31
0
 12
8.217930641836197
 22
1386.955876549462
 32
0
 13
8.217930641836197
 23
1386.955876549462
 33
0
  0
LINE
  5
2FE
100
AcDbEntity
  8
4 Text
  6
ByBlock
 62
    0
370
   -2
100
AcDbLine
 10
11.36680990117704
 20
1430.915158215025
 11
4.052218997404099
 21
1430.915158215025
  0
LINE
  5
2FF
100
AcDbEntity
  8
4 Text
  6
ByBlock
 62
    0
370
   -2
100
AcDbLine
 10
11.40684533313049
 20
1380.705876549462
 11
4.052218997404095
 21
1380.705876549462
  0
ENDBLK
  5
F1
330
EF
100
AcDbEntity
  8
0
100
AcDbBlockEnd
  0
BLOCK
  5
F3
330
F2
100
AcDbEntity
  8
0
100
AcDbBlockBegin
  2
*D12
 70
    1
 10
0
 20
0
  3
*D12
  1

  0
LINE
  5
300
100
AcDbEntity
  8
4 Text
  6
ByBlock
 62
    0
370
   -2
100
AcDbLine
 10
119.0101208239425
 20
1557.421453470706
 11
189.0236557391422
 21
1557.421453470706
  0
MTEXT
  5
301
100
AcDbEntity
  8
4 Text
  6
CONTINUOUS
 62
    0
370
   -2
100
AcDbMText
 10
154.0168882815424
 20
1562.108953470706
 30
0
 40
6.25
 41
7.638888888888888
 71
    5
 72
    1
  1
70
  7
standard
210
0
220
0
230
1
 50
0
 73
    2
 44
1
  0
SOLID
  5
302
100
AcDbEntity
  8
4 Text
  6
ByBlock
 62
    0
370
   -2
100
AcDbTrace
 10
119.0101208239425
 20
1557.421453470706
 30
0
 11
125.2601208239425
 21
1558.462165115138
 31
0
 12
125.2601208239425
 22
1556.380741826274
 32
0
 13
125.2601208239425
 23
1556.380741826274
 33
0
  0
SOLID
  5
303
100
AcDbEntity
  8
4 Text
  6
ByBlock
 62
    0
370
   -2
100
AcDbTrace
 10
189.0236557391422
 20
1557.421453470706
 30
0
 11
182.7736557391422
 21
1556.380741826274
 31
0
 12
182.7736557391422
 22
1558.462165115138
 32
0
 13
182.7736557391422
 23
1558.462165115138
 33
0
  0
LINE
  5
304
100
AcDbEntity
  8
4 Text
  6
ByBlock
 62
    0
370
   -2
100
AcDbLine
 10
119.0101208239425
 20
1601.651762157044
 11
119.0101208239425
 21
1554.296453470706
  0
LINE
  5
305
100
AcDbEntity
  8
4 Text
  6
ByBlock
 62
    0
370
   -2
100
AcDbLine
 10
189.0236557391422
 20
1601.647520177728
 11
189.0236557391422
 21
1554.296453470706
  0
ENDBLK
  5
F4
330
F2
100
AcDbEntity
  8
0
100
AcDbBlockEnd
  0
BLOCK
  5
F6
330
F5
100
AcDbEntity
  8
0
100
AcDbBlockBegin
  2
*D112
 70
    1
 10
0
 20
0
  3
*D112
  1

  0
LINE
  5
306
100
AcDbEntity
  8
4 Text
  6
ByBlock
 62
    0
370
   -2
100
AcDbLine
 10
-324.233683196731
 20
1897.980365622948
 11
307.766316803269
 21
1897.980365622948
  0
MTEXT
  5
307
100
AcDbEntity
  8
4 Text
  6
CONTINUOUS
 62
    0
370
   -2
100
AcDbMText
 10
-8.233683196731022
 20
1902.667865622948
 30
0
 40
6.25
 41
12.50000000000077
 71
    5
 72
    1
  1
632
  7
standard
210
0
220
0
230
1
 50
0
 73
    2
 44
1
  0
SOLID
  5
308
100
AcDbEntity
  8
4 Text
  6
ByBlock
 62
    0
370
   -2
100
AcDbTrace
 10
-324.233683196731
 20
1897.980365622948
 30
0
 11
-317.983683196731
 21
1899.02107726738
 31
0
 12
-317.983683196731
 22
1896.939653978516
 32
0
 13
-317.983683196731
 23
1896.939653978516
 33
0
  0
SOLID
  5
309
100
AcDbEntity
  8
4 Text
  6
ByBlock
 62
    0
370
   -2
100
AcDbTrace
 10
307.766316803269
 20
1897.980365622948
 30
0
 11
301.516316803269
 21
1896.939653978516
 31
0
 12
301.516316803269
 22
1899.02107726738
 32
0
 13
301.516316803269
 23
1899.02107726738
 33
0
  0
LINE
  5
30A
100
AcDbEntity
  8
4 Text
  6
ByBlock
 62
    0
370
   -2
100
AcDbLine
 10
-324.233683196731
 20
1882.352921156954
 11
-324.233683196731
 21
1901.105365622948
  0
LINE
  5
30B
100
AcDbEntity
  8
4 Text
  6
ByBlock
 62
    0
370
   -2
100
AcDbLine
 10
307.766316803269
 20
1882.352921156954
 11
307.766316803269
 21
1901.105365622948
  0
ENDBLK
  5
F7
330
F5
100
AcDbEntity
  8
0
100
AcDbBlockEnd
  0
BLOCK
  5
F9
330
F8
100
AcDbEntity
  8
0
100
AcDbBlockBegin
  2
*D119
 70
    1
 10
0
 20
0
  3
*D119
  1

  0
LINE
  5
30C
100
AcDbEntity
  8
4 Text
  6
ByBlock
 62
    0
370
   -2
100
AcDbLine
 10
654.7210036218324
 20
1730.311274590706
 11
672.4125620081236
 21
1724.611481286558
  0
LINE
  5
30D
100
AcDbEntity
  8
4 Text
  6
ByBlock
 62
    0
370
   -2
100
AcDbLine
 10
645.6374589597395
 20
1702.116908204312
 11
663.3290173460307
 21
1696.417114900163
  0
LINE
  5
30E
100
AcDbEntity
  8
4 Text
  6
ByBlock
 62
    0
370
   -2
100
AcDbLine
 10
669.4381210064876
 20
1725.569774419052
 11
660.3545763443947
 21
1697.375408032657
  0
MTEXT
  5
30F
100
AcDbEntity
  8
4 Text
  6
CONTINUOUS
 62
    0
370
   -2
100
AcDbMText
 10
660.434687172987
 20
1712.910030924597
 30
0
 40
6.25
 41
7.638888888889277
 71
    5
 72
    1
  1
30
  7
standard
210
0
220
0
230
1
 50
72.14231168017383
 73
    2
 44
1
  0
SOLID
  5
310
100
AcDbEntity
  8
4 Text
  6
ByBlock
 62
    0
370
   -2
100
AcDbTrace
 10
669.4381210064876
 20
1725.569774419052
 30
0
 11
668.5121060650434
 21
1719.301754232815
 31
0
 12
666.530963417953
 22
1719.940030598746
 32
0
 13
666.530963417953
 23
1719.940030598746
 33
0
  0
SOLID
  5
311
100
AcDbEntity
  8
4 Text
  6
ByBlock
 62
    0
370
   -2
100
AcDbTrace
 10
660.3545763443947
 20
1697.375408032657
 30
0
 11
661.2805912858388
 21
1703.643428218895
 31
0
 12
663.2617339329292
 22
1703.005151852964
 32
0
 13
663.2617339329292
 23
1703.005151852964
 33
0
  0
ENDBLK
  5
FA
330
F8
100
AcDbEntity
  8
0
100
AcDbBlockEnd
  0
BLOCK
  5
FC
330
FB
100
AcDbEntity
  8
0
100
AcDbBlockBegin
  2
*D63
 70
    1
 10
0
 20
0
  3
*D63
  1

  0
LINE
  5
312
100
AcDbEntity
  8
4 Text
  6
ByBlock
 62
    0
370
   -2
100
AcDbLine
 10
-386.9305282784908
 20
1303.193933973255
 11
389.7989124676593
 21
1303.193933973255
  0
MTEXT
  5
313
100
AcDbEntity
  8
4 Text
  6
CONTINUOUS
 62
    0
370
   -2
100
AcDbMText
 10
1.434192094584262
 20
1307.881433973255
 30
0
 40
6.25
 41
12.5
 71
    5
 72
    1
  1
777
  7
standard
210
0
220
0
230
1
 50
0
 73
    2
 44
1
  0
SOLID
  5
314
100
AcDbEntity
  8
4 Text
  6
ByBlock
 62
    0
370
   -2
100
AcDbTrace
 10
-386.9305282784908
 20
1303.193933973255
 30
0
 11
-380.6805282784908
 21
1304.234645617687
 31
0
 12
-380.6805282784908
 22
1302.153222328823
 32
0
 13
-380.6805282784908
 23
1302.153222328823
 33
0
  0
SOLID
  5
315
100
AcDbEntity
  8
4 Text
  6
ByBlock
 62
    0
370
   -2
100
AcDbTrace
 10
389.7989124676593
 20
1303.193933973255
 30
0
 11
383.5489124676593
 21
1302.153222328823
 31
0
 12
383.5489124676593
 22
1304.234645617687
 32
0
 13
383.5489124676593
 23
1304.234645617687
 33
0
  0
LINE
  5
316
100
AcDbEntity
  8
4 Text
  6
ByBlock
 62
    0
370
   -2
100
AcDbLine
 10
-386.9305282784908
 20
1423.572088357192
 11
-386.9305282784908
 21
1300.068933973255
  0
LINE
  5
317
100
AcDbEntity
  8
4 Text
  6
ByBlock
 62
    0
370
   -2
100
AcDbLine
 10
389.7989124676593
 20
1445.855601296014
 11
389.7989124676593
 21
1300.068933973255
  0
ENDBLK
  5
FD
330
FB
100
AcDbEntity
  8
0
100
AcDbBlockEnd
  0
BLOCK
  5
FF
330
FE
100
AcDbEntity
  8
0
100
AcDbBlockBegin
  2
*D11
 70
    1
 10
0
 20
0
  3
*D11
  1

  0
LINE
  5
318
100
AcDbEntity
  8
4 Text
  6
ByBlock
 62
    0
370
   -2
100
AcDbLine
 10
165.527298948636
 20
1577.83340707207
 11
165.527298948636
 21
1613.849532447195
  0
MTEXT
  5
319
100
AcDbEntity
  8
4 Text
  6
CONTINUOUS
 62
    0
370
   -2
100
AcDbMText
 10
160.839798948636
 20
1595.841469759633
 30
0
 40
6.25
 41
7.638888888889664
 71
    5
 72
    1
  1
36
  7
standard
210
0
220
0
230
1
 50
90
 73
    2
 44
1
  0
SOLID
  5
31A
100
AcDbEntity
  8
4 Text
  6
ByBlock
 62
    0
370
   -2
100
AcDbTrace
 10
165.527298948636
 20
1577.83340707207
 30
0
 11
164.4865873042039
 21
1584.08340707207
 31
0
 12
166.5680105930681
 22
1584.08340707207
 32
0
 13
166.5680105930681
 23
1584.08340707207
 33
0
  0
SOLID
  5
31B
100
AcDbEntity
  8
4 Text
  6
ByBlock
 62
    0
370
   -2
100
AcDbTrace
 10
165.527298948636
 20
1613.849532447195
 30
0
 11
166.5680105930681
 21
1607.599532447195
 31
0
 12
164.4865873042039
 22
1607.599532447195
 32
0
 13
164.4865873042039
 23
1607.599532447195
 33
0
  0
LINE
  5
31C
100
AcDbEntity
  8
4 Text
  6
ByBlock
 62
    0
370
   -2
100
AcDbLine
 10
181.1741757020567
 20
1577.83340707207
 11
162.402298948636
 21
1577.83340707207
  0
LINE
  5
31D
100
AcDbEntity
  8
4 Text
  6
ByBlock
 62
    0
370
   -2
100
AcDbLine
 10
181.1741757020567
 20
1613.849532447195
 11
162.402298948636
 21
1613.849532447195
  0
ENDBLK
  5
100
330
FE
100
AcDbEntity
  8
0
100
AcDbBlockEnd
  0
BLOCK
  5
102
330
101
100
AcDbEntity
  8
0
100
AcDbBlockBegin
  2
*D34
 70
    1
 10
0
 20
0
  3
*D34
  1

  0
LINE
  5
31E
100
AcDbEntity
  8
2 BaseLine
  6
ByBlock
 62
    0
370
   -2
100
AcDbLine
 10
338.7450935141298
 20
1373.550195856477
 11
389.8115847494612
 21
1373.550195856477
  0
MTEXT
  5
31F
100
AcDbEntity
  8
2 BaseLine
  6
CONTINUOUS
 62
    0
370
   -2
100
AcDbMText
 10
364.2783391317955
 20
1378.237695856477
 30
0
 40
6.25
 41
6.250000000000387
 71
    5
 72
    1
  1
51
  7
standard
210
0
220
0
230
1
 50
0
 73
    2
 44
1
  0
SOLID
  5
320
100
AcDbEntity
  8
2 BaseLine
  6
ByBlock
 62
    0
370
   -2
100
AcDbTrace
 10
338.7450935141298
 20
1373.550195856477
 30
0
 11
344.9950935141298
 21
1374.590907500909
 31
0
 12
344.9950935141298
 22
1372.509484212045
 32
0
 13
344.9950935141298
 23
1372.509484212045
 33
0
  0
SOLID
  5
321
100
AcDbEntity
  8
2 BaseLine
  6
ByBlock
 62
    0
370
   -2
100
AcDbTrace
 10
389.8115847494612
 20
1373.550195856477
 30
0
 11
383.5615847494612
 21
1372.509484212045
 31
0
 12
383.5615847494612
 22
1374.590907500909
 32
0
 13
383.5615847494612
 23
1374.590907500909
 33
0
  0
LINE
  5
322
100
AcDbEntity
  8
2 BaseLine
  6
ByBlock
 62
    0
370
   -2
100
AcDbLine
 10
338.7450935141298
 20
1404.717751566381
 11
338.7450935141298
 21
1370.425195856477
  0
LINE
  5
323
100
AcDbEntity
  8
2 BaseLine
  6
ByBlock
 62
    0
370
   -2
100
AcDbLine
 10
389.8115847494612
 20
1446.42079716734
 11
389.8115847494612
 21
1370.425195856477
  0
ENDBLK
  5
103
330
101
100
AcDbEntity
  8
0
100
AcDbBlockEnd
  0
BLOCK
  5
105
330
104
100
AcDbEntity
  8
0
100
AcDbBlockBegin
  2
*D74
 70
    1
 10
0
 20
0
  3
*D74
  1

  0
LINE
  5
324
100
AcDbEntity
  8
4 Text
  6
ByBlock
 62
    0
370
   -2
100
AcDbLine
 10
-197.0702625442305
 20
1331.459683341682
 11
-167.0702625442305
 21
1331.459683341682
  0
MTEXT
  5
325
100
AcDbEntity
  8
4 Text
  6
CONTINUOUS
 62
    0
370
   -2
100
AcDbMText
 10
-182.0702625442305
 20
1336.147183341682
 30
0
 40
6.25
 41
2.777777777778165
 71
    5
 72
    1
  1
5
  7
standard
210
0
220
0
230
1
 50
0
 73
    2
 44
1
  0
SOLID
  5
326
100
AcDbEntity
  8
4 Text
  6
ByBlock
 62
    0
370
   -2
100
AcDbTrace
 10
-184.5702625442305
 20
1331.459683341682
 30
0
 11
-190.8202625442305
 21
1330.41897169725
 31
0
 12
-190.8202625442305
 22
1332.500394986114
 32
0
 13
-190.8202625442305
 23
1332.500394986114
 33
0
  0
SOLID
  5
327
100
AcDbEntity
  8
4 Text
  6
ByBlock
 62
    0
370
   -2
100
AcDbTrace
 10
-179.5702625442305
 20
1331.459683341682
 30
0
 11
-173.3202625442305
 21
1332.500394986114
 31
0
 12
-173.3202625442305
 22
1330.41897169725
 32
0
 13
-173.3202625442305
 23
1330.41897169725
 33
0
  0
LINE
  5
328
100
AcDbEntity
  8
4 Text
  6
ByBlock
 62
    0
370
   -2
100
AcDbLine
 10
-184.5702625442305
 20
1342.920723723193
 11
-184.5702625442305
 21
1328.334683341682
  0
LINE
  5
329
100
AcDbEntity
  8
4 Text
  6
ByBlock
 62
    0
370
   -2
100
AcDbLine
 10
-179.5702625442305
 20
1343.728679560421
 11
-179.5702625442305
 21
1328.334683341682
  0
ENDBLK
  5
106
330
104
100
AcDbEntity
  8
0
100
AcDbBlockEnd
  0
BLOCK
  5
108
330
107
100
AcDbEntity
  8
0
100
AcDbBlockBegin
  2
*D109
 70
    1
 10
0
 20
0
  3
*D109
  1

  0
LINE
  5
32A
100
AcDbEntity
  8
4 Text
  6
ByBlock
 62
    0
370
   -2
100
AcDbLine
 10
-453.9999656633614
 20
1458.054677500962
 11
-408.5134188094754
 21
1458.054677500962
  0
MTEXT
  5
32B
100
AcDbEntity
  8
4 Text
  6
CONTINUOUS
 62
    0
370
   -2
100
AcDbMText
 10
-431.2566922364184
 20
1462.742177500962
 30
0
 40
6.25
 41
8.333333333333719
 71
    5
 72
    1
  1
45
  7
standard
210
0
220
0
230
1
 50
0
 73
    2
 44
1
  0
SOLID
  5
32C
100
AcDbEntity
  8
4 Text
  6
ByBlock
 62
    0
370
   -2
100
AcDbTrace
 10
-453.9999656633614
 20
1458.054677500962
 30
0
 11
-447.7499656633614
 21
1459.095389145394
 31
0
 12
-447.7499656633614
 22
1457.01396585653
 32
0
 13
-447.7499656633614
 23
1457.01396585653
 33
0
  0
SOLID
  5
32D
100
AcDbEntity
  8
4 Text
  6
ByBlock
 62
    0
370
   -2
100
AcDbTrace
 10
-408.5134188094754
 20
1458.054677500962
 30
0
 11
-414.7634188094754
 21
1457.01396585653
 31
0
 12
-414.7634188094754
 22
1459.095389145394
 32
0
 13
-414.7634188094754
 23
1459.095389145394
 33
0
  0
LINE
  5
32E
100
AcDbEntity
  8
4 Text
  6
ByBlock
 62
    0
370
   -2
100
AcDbLine
 10
-453.9999656633614
 20
1440.047417491151
 11
-453.9999656633614
 21
1461.179677500962
  0
LINE
  5
32F
100
AcDbEntity
  8
4 Text
  6
ByBlock
 62
    0
370
   -2
100
AcDbLine
 10
-408.5134188094754
 20
1440.047417491151
 11
-408.5134188094754
 21
1461.179677500962
  0
ENDBLK
  5
109
330
107
100
AcDbEntity
  8
0
100
AcDbBlockEnd
  0
BLOCK
  5
10B
330
10A
100
AcDbEntity
  8
0
100
AcDbBlockBegin
  2
*D105
 70
    1
 10
0
 20
0
  3
*D105
  1

  0
LINE
  5
330
100
AcDbEntity
  8
4 Text
  6
ByBlock
 62
    0
370
   -2
100
AcDbLine
 10
169.7884512248334
 20
1688.079691313292
 11
169.7884512248334
 21
1613.851223703977
  0
MTEXT
  5
331
100
AcDbEntity
  8
4 Text
  6
CONTINUOUS
 62
    0
370
   -2
100
AcDbMText
 10
165.1009512248334
 20
1650.965457508634
 30
0
 40
6.25
 41
8.333333333333332
 71
    5
 72
    1
  1
74
  7
standard
210
0
220
0
230
1
 50
90
 73
    2
 44
1
  0
SOLID
  5
332
100
AcDbEntity
  8
4 Text
  6
ByBlock
 62
    0
370
   -2
100
AcDbTrace
 10
169.7884512248334
 20
1688.079691313292
 30
0
 11
170.8291628692655
 21
1681.829691313292
 31
0
 12
168.7477395804013
 22
1681.829691313292
 32
0
 13
168.7477395804013
 23
1681.829691313292
 33
0
  0
SOLID
  5
333
100
AcDbEntity
  8
4 Text
  6
ByBlock
 62
    0
370
   -2
100
AcDbTrace
 10
169.7884512248334
 20
1613.851223703977
 30
0
 11
168.7477395804013
 21
1620.101223703977
 31
0
 12
170.8291628692655
 22
1620.101223703977
 32
0
 13
170.8291628692655
 23
1620.101223703977
 33
0
  0
LINE
  5
334
100
AcDbEntity
  8
4 Text
  6
ByBlock
 62
    0
370
   -2
100
AcDbLine
 10
167.3824269649406
 20
1688.079691313292
 11
172.9134512248334
 21
1688.079691313292
  0
LINE
  5
335
100
AcDbEntity
  8
4 Text
  6
ByBlock
 62
    0
370
   -2
100
AcDbLine
 10
168.7626706022202
 20
1613.851223703977
 11
172.9134512248334
 21
1613.851223703977
  0
ENDBLK
  5
10C
330
10A
100
AcDbEntity
  8
0
100
AcDbBlockEnd
  0
BLOCK
  5
10E
330
10D
100
AcDbEntity
  8
0
100
AcDbBlockBegin
  2
*D29
 70
    1
 10
0
 20
0
  3
*D29
  1

  0
LINE
  5
336
100
AcDbEntity
  8
4 Text
  6
ByBlock
 62
    0
370
   -2
100
AcDbLine
 10
-650.709712895812
 20
1051.57656461651
 11
-650.709712895812
 21
1014.57656461651
  0
MTEXT
  5
337
100
AcDbEntity
  8
4 Text
  6
CONTINUOUS
 62
    0
370
   -2
100
AcDbMText
 10
-655.397212895812
 20
1033.07656461651
 30
0
 40
6.25
 41
6.25
 71
    5
 72
    1
  1
12
  7
standard
210
0
220
0
230
1
 50
90
 73
    2
 44
1
  0
SOLID
  5
338
100
AcDbEntity
  8
4 Text
  6
ByBlock
 62
    0
370
   -2
100
AcDbTrace
 10
-650.709712895812
 20
1039.07656461651
 30
0
 11
-651.7504245402441
 21
1045.32656461651
 31
0
 12
-649.6690012513799
 22
1045.32656461651
 32
0
 13
-649.6690012513799
 23
1045.32656461651
 33
0
  0
SOLID
  5
339
100
AcDbEntity
  8
4 Text
  6
ByBlock
 62
    0
370
   -2
100
AcDbTrace
 10
-650.709712895812
 20
1027.07656461651
 30
0
 11
-649.6690012513799
 21
1020.82656461651
 31
0
 12
-651.7504245402441
 22
1020.82656461651
 32
0
 13
-651.7504245402441
 23
1020.82656461651
 33
0
  0
LINE
  5
33A
100
AcDbEntity
  8
4 Text
  6
ByBlock
 62
    0
370
   -2
100
AcDbLine
 10
-637.9149934225296
 20
1039.07656461651
 11
-653.834712895812
 21
1039.07656461651
  0
LINE
  5
33B
100
AcDbEntity
  8
4 Text
  6
ByBlock
 62
    0
370
   -2
100
AcDbLine
 10
-637.9149934225296
 20
1027.07656461651
 11
-653.834712895812
 21
1027.07656461651
  0
ENDBLK
  5
10F
330
10D
100
AcDbEntity
  8
0
100
AcDbBlockEnd
  0
BLOCK
  5
111
330
110
100
AcDbEntity
  8
0
100
AcDbBlockBegin
  2
*D91
 70
    1
 10
0
 20
0
  3
*D91
  1

  0
LINE
  5
33C
100
AcDbEntity
  8
4 Text
  6
ByBlock
 62
    0
370
   -2
100
AcDbLine
 10
844.6516646108265
 20
1914.373486893056
 11
1024.575361215578
 21
1914.373486893056
  0
MTEXT
  5
33D
100
AcDbEntity
  8
4 Text
  6
CONTINUOUS
 62
    0
370
   -2
100
AcDbMText
 10
934.6135129132022
 20
1919.060986893056
 30
0
 40
6.25
 41
11.11111111111111
 71
    5
 72
    1
  1
180
  7
standard
210
0
220
0
230
1
 50
0
 73
    2
 44
1
  0
SOLID
  5
33E
100
AcDbEntity
  8
4 Text
  6
ByBlock
 62
    0
370
   -2
100
AcDbTrace
 10
844.6516646108265
 20
1914.373486893056
 30
0
 11
850.9016646108265
 21
1915.414198537488
 31
0
 12
850.9016646108265
 22
1913.332775248624
 32
0
 13
850.9016646108265
 23
1913.332775248624
 33
0
  0
SOLID
  5
33F
100
AcDbEntity
  8
4 Text
  6
ByBlock
 62
    0
370
   -2
100
AcDbTrace
 10
1024.575361215578
 20
1914.373486893056
 30
0
 11
1018.325361215578
 21
1913.332775248624
 31
0
 12
1018.325361215578
 22
1915.414198537488
 32
0
 13
1018.325361215578
 23
1915.414198537488
 33
0
  0
LINE
  5
340
100
AcDbEntity
  8
4 Text
  6
ByBlock
 62
    0
370
   -2
100
AcDbLine
 10
844.6516646108265
 20
1878.55339073489
 11
844.6516646108265
 21
1917.498486893056
  0
LINE
  5
341
100
AcDbEntity
  8
4 Text
  6
ByBlock
 62
    0
370
   -2
100
AcDbLine
 10
1024.575361215578
 20
1875.18957692891
 11
1024.575361215578
 21
1917.498486893056
  0
ENDBLK
  5
112
330
110
100
AcDbEntity
  8
0
100
AcDbBlockEnd
  0
BLOCK
  5
114
330
113
100
AcDbEntity
  8
0
100
AcDbBlockBegin
  2
*D78
 70
    1
 10
0
 20
0
  3
*D78
  1

  0
LINE
  5
342
100
AcDbEntity
  8
4 Text
  6
ByBlock
 62
    0
370
   -2
100
AcDbLine
 10
-616.6382856520903
 20
1397.599236770828
 11
-566.6382856520903
 21
1397.599236770828
  0
MTEXT
  5
343
100
AcDbEntity
  8
4 Text
  6
CONTINUOUS
 62
    0
370
   -2
100
AcDbMText
 10
-591.6382856520903
 20
1402.286736770828
 30
0
 40
6.25
 41
7.638888888889277
 71
    5
 72
    1
  1
50
  7
standard
210
0
220
0
230
1
 50
0
 73
    2
 44
1
  0
SOLID
  5
344
100
AcDbEntity
  8
4 Text
  6
ByBlock
 62
    0
370
   -2
100
AcDbTrace
 10
-616.6382856520903
 20
1397.599236770828
 30
0
 11
-610.3882856520903
 21
1398.63994841526
 31
0
 12
-610.3882856520903
 22
1396.558525126396
 32
0
 13
-610.3882856520903
 23
1396.558525126396
 33
0
  0
SOLID
  5
345
100
AcDbEntity
  8
4 Text
  6
ByBlock
 62
    0
370
   -2
100
AcDbTrace
 10
-566.6382856520903
 20
1397.599236770828
 30
0
 11
-572.8882856520903
 21
1396.558525126396
 31
0
 12
-572.8882856520903
 22
1398.63994841526
 32
0
 13
-572.8882856520903
 23
1398.63994841526
 33
0
  0
LINE
  5
346
100
AcDbEntity
  8
4 Text
  6
ByBlock
 62
    0
370
   -2
100
AcDbLine
 10
-616.6382856520903
 20
1392.429104171638
 11
-616.6382856520903
 21
1400.724236770828
  0
LINE
  5
347
100
AcDbEntity
  8
4 Text
  6
ByBlock
 62
    0
370
   -2
100
AcDbLine
 10
-566.6382856520903
 20
1392.429104171638
 11
-566.6382856520903
 21
1400.724236770828
  0
ENDBLK
  5
115
330
113
100
AcDbEntity
  8
0
100
AcDbBlockEnd
  0
BLOCK
  5
117
330
116
100
AcDbEntity
  8
0
100
AcDbBlockBegin
  2
*D4
 70
    1
 10
0
 20
0
  3
*D4
  1

  0
LINE
  5
348
100
AcDbEntity
  8
4 Text
  6
ByBlock
 62
    0
370
   -2
100
AcDbLine
 10
-126.8497825971902
 20
1356.486984863919
 11
-136.9548304158058
 21
1353.855506812238
  0
LINE
  5
349
100
AcDbEntity
  8
4 Text
  6
ByBlock
 62
    0
370
   -2
100
AcDbLine
 10
-126.3455023342605
 20
1354.550515674053
 11
-136.4505501528761
 21
1351.919037622372
  0
LINE
  5
34A
100
AcDbEntity
  8
4 Text
  6
ByBlock
 62
    0
370
   -2
100
AcDbLine
 10
-137.0807826613012
 20
1366.739596265197
 11
-130.2763148995759
 21
1340.609995044112
  0
MTEXT
  5
34B
100
AcDbEntity
  8
4 Text
  6
CONTINUOUS
 62
    0
370
   -2
100
AcDbMText
 10
-128.1464242578456
 20
1351.031712573171
 30
0
 40
6.25
 41
2.777777777777778
 71
    5
 72
    1
  1
2
  7
standard
210
0
220
0
230
1
 50
284.5963375468342
 73
    2
 44
1
  0
SOLID
  5
34C
100
AcDbEntity
  8
4 Text
  6
ByBlock
 62
    0
370
   -2
100
AcDbTrace
 10
-133.9306889119034
 20
1354.643030249588
 30
0
 11
-136.5128587554092
 21
1360.429046117708
 31
0
 12
-134.4986128177953
 22
1360.953580397077
 32
0
 13
-134.4986128177953
 23
1360.953580397077
 33
0
  0
SOLID
  5
34D
100
AcDbEntity
  8
4 Text
  6
ByBlock
 62
    0
370
   -2
100
AcDbTrace
 10
-133.4264086489737
 20
1352.706561059722
 30
0
 11
-130.8442388054678
 21
1346.920545191601
 31
0
 12
-132.8584847430817
 22
1346.396010912233
 32
0
 13
-132.8584847430817
 23
1346.396010912233
 33
0
  0
ENDBLK
  5
118
330
116
100
AcDbEntity
  8
0
100
AcDbBlockEnd
  0
BLOCK
  5
11A
330
119
100
AcDbEntity
  8
0
100
AcDbBlockBegin
  2
*D27
 70
    1
 10
0
 20
0
  3
*D27
  1

  0
LINE
  5
34E
100
AcDbEntity
  8
4 Text
  6
ByBlock
 62
    0
370
   -2
100
AcDbLine
 10
-636.3524934225296
 20
1075.108477691225
 11
-613.5373754346656
 21
1075.108477691225
  0
MTEXT
  5
34F
100
AcDbEntity
  8
4 Text
  6
CONTINUOUS
 62
    0
370
   -2
100
AcDbMText
 10
-624.9449344285977
 20
1079.795977691225
 30
0
 40
6.25
 41
7.638888888889277
 71
    5
 72
    1
  1
23
  7
standard
210
0
220
0
230
1
 50
0
 73
    2
 44
1
  0
SOLID
  5
350
100
AcDbEntity
  8
4 Text
  6
ByBlock
 62
    0
370
   -2
100
AcDbTrace
 10
-636.3524934225296
 20
1075.108477691225
 30
0
 11
-630.1024934225296
 21
1076.149189335657
 31
0
 12
-630.1024934225296
 22
1074.067766046793
 32
0
 13
-630.1024934225296
 23
1074.067766046793
 33
0
  0
SOLID
  5
351
100
AcDbEntity
  8
4 Text
  6
ByBlock
 62
    0
370
   -2
100
AcDbTrace
 10
-613.5373754346656
 20
1075.108477691225
 30
0
 11
-619.7873754346656
 21
1074.067766046793
 31
0
 12
-619.7873754346656
 22
1076.149189335657
 32
0
 13
-619.7873754346656
 23
1076.149189335657
 33
0
  0
LINE
  5
352
100
AcDbEntity
  8
4 Text
  6
ByBlock
 62
    0
370
   -2
100
AcDbLine
 10
-636.3524934225296
 20
1084.324777122757
 11
-636.3524934225296
 21
1071.983477691225
  0
LINE
  5
353
100
AcDbEntity
  8
4 Text
  6
ByBlock
 62
    0
370
   -2
100
AcDbLine
 10
-613.5373754346656
 20
1084.324777122757
 11
-613.5373754346656
 21
1071.983477691225
  0
ENDBLK
  5
11B
330
119
100
AcDbEntity
  8
0
100
AcDbBlockEnd
  0
BLOCK
  5
11D
330
11C
100
AcDbEntity
  8
0
100
AcDbBlockBegin
  2
*D59
 70
    1
 10
0
 20
0
  3
*D59
  1

  0
LINE
  5
354
100
AcDbEntity
  8
4 Text
  6
ByBlock
 62
    0
370
   -2
100
AcDbLine
 10
-709.6221708906183
 20
1466.000823717718
 11
-668.8624375066082
 21
1466.000823717718
  0
MTEXT
  5
355
100
AcDbEntity
  8
4 Text
  6
CONTINUOUS
 62
    0
370
   -2
100
AcDbMText
 10
-689.2423041986133
 20
1470.688323717718
 30
0
 40
6.25
 41
6.944444444444445
 71
    5
 72
    1
  1
41
  7
standard
210
0
220
0
230
1
 50
0
 73
    2
 44
1
  0
SOLID
  5
356
100
AcDbEntity
  8
4 Text
  6
ByBlock
 62
    0
370
   -2
100
AcDbTrace
 10
-709.6221708906183
 20
1466.000823717718
 30
0
 11
-703.3721708906183
 21
1467.04153536215
 31
0
 12
-703.3721708906183
 22
1464.960112073286
 32
0
 13
-703.3721708906183
 23
1464.960112073286
 33
0
  0
SOLID
  5
357
100
AcDbEntity
  8
4 Text
  6
ByBlock
 62
    0
370
   -2
100
AcDbTrace
 10
-668.8624375066082
 20
1466.000823717718
 30
0
 11
-675.1124375066082
 21
1464.960112073286
 31
0
 12
-675.1124375066082
 22
1467.04153536215
 32
0
 13
-675.1124375066082
 23
1467.04153536215
 33
0
  0
LINE
  5
358
100
AcDbEntity
  8
4 Text
  6
ByBlock
 62
    0
370
   -2
100
AcDbLine
 10
-709.6221708906183
 20
1478.796414242925
 11
-709.6221708906183
 21
1462.875823717718
  0
LINE
  5
359
100
AcDbEntity
  8
4 Text
  6
ByBlock
 62
    0
370
   -2
100
AcDbLine
 10
-668.8624375066082
 20
1478.796414242925
 11
-668.8624375066082
 21
1462.875823717718
  0
ENDBLK
  5
11E
330
11C
100
AcDbEntity
  8
0
100
AcDbBlockEnd
  0
BLOCK
  5
120
330
11F
100
AcDbEntity
  8
0
100
AcDbBlockBegin
  2
*D100
 70
    1
 10
0
 20
0
  3
*D100
  1

  0
LINE
  5
35A
100
AcDbEntity
  8
4 Text
  6
ByBlock
 62
    0
370
   -2
100
AcDbLine
 10
633.3855745556074
 20
1785.735639069997
 11
659.3856150418079
 21
1785.735639069997
  0
MTEXT
  5
35B
100
AcDbEntity
  8
4 Text
  6
CONTINUOUS
 62
    0
370
   -2
100
AcDbMText
 10
649.1425594862524
 20
1790.423139069997
 30
0
 40
6.25
 41
1.388888888888889
 71
    5
 72
    1
  1
1
  7
standard
210
0
220
0
230
1
 50
0
 73
    2
 44
1
  0
SOLID
  5
35C
100
AcDbEntity
  8
4 Text
  6
ByBlock
 62
    0
370
   -2
100
AcDbTrace
 10
645.8855745556074
 20
1785.735639069997
 30
0
 11
639.6355745556074
 21
1784.694927425565
 31
0
 12
639.6355745556074
 22
1786.776350714429
 32
0
 13
639.6355745556074
 23
1786.776350714429
 33
0
  0
SOLID
  5
35D
100
AcDbEntity
  8
4 Text
  6
ByBlock
 62
    0
370
   -2
100
AcDbTrace
 10
646.8856150418079
 20
1785.735639069997
 30
0
 11
653.1356150418079
 21
1786.776350714429
 31
0
 12
653.1356150418079
 22
1784.694927425565
 32
0
 13
653.1356150418079
 23
1784.694927425565
 33
0
  0
LINE
  5
35E
100
AcDbEntity
  8
4 Text
  6
ByBlock
 62
    0
370
   -2
100
AcDbLine
 10
645.8855745556074
 20
1781.539393511376
 11
645.8855745556074
 21
1788.860639069997
  0
LINE
  5
35F
100
AcDbEntity
  8
4 Text
  6
ByBlock
 62
    0
370
   -2
100
AcDbLine
 10
646.8856150418079
 20
1781.524428890815
 11
646.8856150418079
 21
1788.860639069997
  0
ENDBLK
  5
121
330
11F
100
AcDbEntity
  8
0
100
AcDbBlockEnd
  0
BLOCK
  5
123
330
122
100
AcDbEntity
  8
0
100
AcDbBlockBegin
  2
*D61
 70
    1
 10
0
 20
0
  3
*D61
  1

  0
LINE
  5
360
100
AcDbEntity
  8
4 Text
  6
ByBlock
 62
    0
370
   -2
100
AcDbLine
 10
218.2595146246787
 20
1552.693481471927
 11
218.2595146246787
 21
1515.357948952268
  0
MTEXT
  5
361
100
AcDbEntity
  8
4 Text
  6
CONTINUOUS
 62
    0
370
   -2
100
AcDbMText
 10
213.5720146246787
 20
1534.025715212098
 30
0
 40
6.25
 41
6.25
 71
    5
 72
    1
  1
12
  7
standard
210
0
220
0
230
1
 50
90
 73
    2
 44
1
  0
SOLID
  5
362
100
AcDbEntity
  8
4 Text
  6
ByBlock
 62
    0
370
   -2
100
AcDbTrace
 10
218.2595146246787
 20
1540.193481471927
 30
0
 11
217.2188029802466
 21
1546.443481471927
 31
0
 12
219.3002262691108
 22
1546.443481471927
 32
0
 13
219.3002262691108
 23
1546.443481471927
 33
0
  0
SOLID
  5
363
100
AcDbEntity
  8
4 Text
  6
ByBlock
 62
    0
370
   -2
100
AcDbTrace
 10
218.2595146246787
 20
1527.857948952268
 30
0
 11
219.3002262691108
 21
1521.607948952268
 31
0
 12
217.2188029802466
 22
1521.607948952268
 32
0
 13
217.2188029802466
 23
1521.607948952268
 33
0
  0
LINE
  5
364
100
AcDbEntity
  8
4 Text
  6
ByBlock
 62
    0
370
   -2
100
AcDbLine
 10
220.8069124265741
 20
1540.193481471927
 11
215.1345146246787
 21
1540.193481471927
  0
LINE
  5
365
100
AcDbEntity
  8
4 Text
  6
ByBlock
 62
    0
370
   -2
100
AcDbLine
 10
220.8069124265741
 20
1527.857948952268
 11
215.1345146246787
 21
1527.857948952268
  0
ENDBLK
  5
124
330
122
100
AcDbEntity
  8
0
100
AcDbBlockEnd
  0
BLOCK
  5
126
330
125
100
AcDbEntity
  8
0
100
AcDbBlockBegin
  2
*D70
 70
    1
 10
0
 20
0
  3
*D70
  1

  0
LINE
  5
366
100
AcDbEntity
  8
4 Text
  6
ByBlock
 62
    0
370
   -2
100
AcDbLine
 10
-383.2653709653859
 20
1379.945611027163
 11
-409.3096381599748
 21
1378.101407260448
  0
LINE
  5
367
100
AcDbEntity
  8
4 Text
  6
ByBlock
 62
    0
370
   -2
100
AcDbLine
 10
-386.2321612130026
 20
1421.843301138076
 11
-412.2764284075915
 21
1419.999097371361
  0
LINE
  5
368
100
AcDbEntity
  8
4 Text
  6
ByBlock
 62
    0
370
   -2
100
AcDbLine
 10
-406.1924433610083
 20
1378.322136926093
 11
-409.159233608625
 21
1420.219827037006
  0
MTEXT
  5
369
100
AcDbEntity
  8
4 Text
  6
CONTINUOUS
 62
    0
370
   -2
100
AcDbMText
 10
-403.0000462863669
 20
1399.602076480018
 30
0
 40
6.25
 41
8.333333333333332
 71
    5
 72
    1
  1
42
  7
standard
210
0
220
0
230
1
 50
274.0503737613992
 73
    2
 44
1
  0
SOLID
  5
36A
100
AcDbEntity
  8
4 Text
  6
ByBlock
 62
    0
370
   -2
100
AcDbTrace
 10
-406.1924433610083
 20
1378.322136926093
 30
0
 11
-407.6720149883784
 21
1384.483017425367
 31
0
 12
-405.5957903962198
 22
1384.630035622685
 32
0
 13
-405.5957903962198
 23
1384.630035622685
 33
0
  0
SOLID
  5
36B
100
AcDbEntity
  8
4 Text
  6
ByBlock
 62
    0
370
   -2
100
AcDbTrace
 10
-409.159233608625
 20
1420.219827037006
 30
0
 11
-407.679661981255
 21
1414.058946537732
 31
0
 12
-409.7558865734135
 22
1413.911928340414
 32
0
 13
-409.7558865734135
 23
1413.911928340414
 33
0
  0
ENDBLK
  5
127
330
125
100
AcDbEntity
  8
0
100
AcDbBlockEnd
  0
BLOCK
  5
129
330
128
100
AcDbEntity
  8
0
100
AcDbBlockBegin
  2
*D17
 70
    1
 10
0
 20
0
  3
*D17
  1

  0
LINE
  5
36C
100
AcDbEntity
  8
4 Text
  6
ByBlock
 62
    0
370
   -2
100
AcDbLine
 10
-1155.993985985973
 20
1880.790421156954
 11
-1155.993985985973
 21
1953.960345444311
  0
MTEXT
  5
36D
100
AcDbEntity
  8
4 Text
  6
CONTINUOUS
 62
    0
370
   -2
100
AcDbMText
 10
-1160.681485985973
 20
1917.375383300633
 30
0
 40
6.25
 41
7.638888888889277
 71
    5
 72
    1
  1
73
  7
standard
210
0
220
0
230
1
 50
90
 73
    2
 44
1
  0
SOLID
  5
36E
100
AcDbEntity
  8
4 Text
  6
ByBlock
 62
    0
370
   -2
100
AcDbTrace
 10
-1155.993985985973
 20
1880.790421156954
 30
0
 11
-1157.034697630405
 21
1887.040421156954
 31
0
 12
-1154.953274341541
 22
1887.040421156954
 32
0
 13
-1154.953274341541
 23
1887.040421156954
 33
0
  0
SOLID
  5
36F
100
AcDbEntity
  8
4 Text
  6
ByBlock
 62
    0
370
   -2
100
AcDbTrace
 10
-1155.993985985973
 20
1953.960345444311
 30
0
 11
-1154.953274341541
 21
1947.710345444311
 31
0
 12
-1157.034697630405
 22
1947.710345444311
 32
0
 13
-1157.034697630405
 23
1947.710345444311
 33
0
  0
LINE
  5
370
100
AcDbEntity
  8
4 Text
  6
ByBlock
 62
    0
370
   -2
100
AcDbLine
 10
-1133.49414356106
 20
1880.790421156954
 11
-1159.118985985973
 21
1880.790421156954
  0
LINE
  5
371
100
AcDbEntity
  8
4 Text
  6
ByBlock
 62
    0
370
   -2
100
AcDbLine
 10
-1133.49414356106
 20
1953.960345444311
 11
-1159.118985985973
 21
1953.960345444311
  0
ENDBLK
  5
12A
330
128
100
AcDbEntity
  8
0
100
AcDbBlockEnd
  0
BLOCK
  5
12C
330
12B
100
AcDbEntity
  8
0
100
AcDbBlockBegin
  2
*D5
 70
    1
 10
0
 20
0
  3
*D5
  1

  0
LINE
  5
372
100
AcDbEntity
  8
4 Text
  6
ByBlock
 62
    0
370
   -2
100
AcDbLine
 10
-111.9323612245754
 20
1511.009531740272
 11
-111.9323612245754
 21
1486.753947501631
  0
LINE
  5
373
100
AcDbEntity
  8
4 Text
  6
ByBlock
 62
    0
370
   -2
100
AcDbLine
 10
-106.8865350769624
 20
1511.009531740272
 11
-106.8865350769624
 21
1486.753947501631
  0
LINE
  5
374
100
AcDbEntity
  8
4 Text
  6
ByBlock
 62
    0
370
   -2
100
AcDbLine
 10
-124.4323612245754
 20
1489.878947501631
 11
-94.3865350769624
 21
1489.878947501631
  0
MTEXT
  5
375
100
AcDbEntity
  8
4 Text
  6
CONTINUOUS
 62
    0
370
   -2
100
AcDbMText
 10
-109.4094481507689
 20
1494.566447501631
 30
0
 40
6.25
 41
2.777777777778165
 71
    5
 72
    1
  1
5
  7
standard
210
0
220
0
230
1
 50
0
 73
    2
 44
1
  0
SOLID
  5
376
100
AcDbEntity
  8
4 Text
  6
ByBlock
 62
    0
370
   -2
100
AcDbTrace
 10
-111.9323612245754
 20
1489.878947501631
 30
0
 11
-118.1823612245754
 21
1488.838235857199
 31
0
 12
-118.1823612245754
 22
1490.919659146063
 32
0
 13
-118.1823612245754
 23
1490.919659146063
 33
0
  0
SOLID
  5
377
100
AcDbEntity
  8
4 Text
  6
ByBlock
 62
    0
370
   -2
100
AcDbTrace
 10
-106.8865350769624
 20
1489.878947501631
 30
0
 11
-100.6365350769624
 21
1490.919659146063
 31
0
 12
-100.6365350769624
 22
1488.838235857199
 32
0
 13
-100.6365350769624
 23
1488.838235857199
 33
0
  0
ENDBLK
  5
12D
330
12B
100
AcDbEntity
  8
0
100
AcDbBlockEnd
  0
BLOCK
  5
12F
330
12E
100
AcDbEntity
  8
0
100
AcDbBlockBegin
  2
*D56
 70
    1
 10
0
 20
0
  3
*D56
  1

  0
LINE
  5
378
100
AcDbEntity
  8
4 Text
  6
CONTINUOUS
 62
    7
370
    0
100
AcDbLine
 10
-308.8605533009232
 20
1374.802169047761
 11
-312.5876218874506
 21
1372.371472143504
  0
SOLID
  5
379
100
AcDbEntity
  8
4 Text
  6
CONTINUOUS
 62
    7
370
    0
100
AcDbTrace
 10
-308.8605533009232
 20
1374.802169047761
 30
0
 11
-313.5271122909712
 21
1370.516284317713
 31
0
 12
-314.6641267713578
 22
1372.259706520972
 32
0
 13
-314.6641267713578
 23
1372.259706520972
 33
0
  0
ENDBLK
  5
130
330
12E
100
AcDbEntity
  8
0
100
AcDbBlockEnd
  0
BLOCK
  5
132
330
131
100
AcDbEntity
  8
0
100
AcDbBlockBegin
  2
*D44
 70
    1
 10
0
 20
0
  3
*D44
  1

  0
LINE
  5
37A
100
AcDbEntity
  8
4 Text
  6
ByBlock
 62
    0
370
   -2
100
AcDbLine
 10
-579.6221708906183
 20
1467.733372884745
 11
-552.6221708906183
 21
1467.733372884745
  0
MTEXT
  5
37B
100
AcDbEntity
  8
4 Text
  6
CONTINUOUS
 62
    0
370
   -2
100
AcDbMText
 10
-566.1221708906183
 20
1472.420872884745
 30
0
 40
6.25
 41
7.638888888888888
 71
    5
 72
    1
  1
27
  7
standard
210
0
220
0
230
1
 50
0
 73
    2
 44
1
  0
SOLID
  5
37C
100
AcDbEntity
  8
4 Text
  6
ByBlock
 62
    0
370
   -2
100
AcDbTrace
 10
-579.6221708906183
 20
1467.733372884745
 30
0
 11
-573.3721708906183
 21
1468.774084529177
 31
0
 12
-573.3721708906183
 22
1466.692661240313
 32
0
 13
-573.3721708906183
 23
1466.692661240313
 33
0
  0
SOLID
  5
37D
100
AcDbEntity
  8
4 Text
  6
ByBlock
 62
    0
370
   -2
100
AcDbTrace
 10
-552.6221708906183
 20
1467.733372884745
 30
0
 11
-558.8721708906183
 21
1466.692661240313
 31
0
 12
-558.8721708906183
 22
1468.774084529177
 32
0
 13
-558.8721708906183
 23
1468.774084529177
 33
0
  0
LINE
  5
37E
100
AcDbEntity
  8
4 Text
  6
ByBlock
 62
    0
370
   -2
100
AcDbLine
 10
-579.6221708906183
 20
1478.796414242925
 11
-579.6221708906183
 21
1464.608372884745
  0
LINE
  5
37F
100
AcDbEntity
  8
4 Text
  6
ByBlock
 62
    0
370
   -2
100
AcDbLine
 10
-552.6221708906183
 20
1478.796414242925
 11
-552.6221708906183
 21
1464.608372884745
  0
ENDBLK
  5
133
330
131
100
AcDbEntity
  8
0
100
AcDbBlockEnd
  0
BLOCK
  5
135
330
134
100
AcDbEntity
  8
0
100
AcDbBlockBegin
  2
*D40
 70
    1
 10
0
 20
0
  3
*D40
  1

  0
LINE
  5
380
100
AcDbEntity
  8
4 Text
  6
ByBlock
 62
    0
370
   -2
100
AcDbLine
 10
-649.6221708906183
 20
1646.444120363544
 11
-607.6221708906183
 21
1646.444120363544
  0
MTEXT
  5
381
100
AcDbEntity
  8
4 Text
  6
CONTINUOUS
 62
    0
370
   -2
100
AcDbMText
 10
-628.6221708906183
 20
1651.131620363544
 30
0
 40
6.25
 41
8.333333333333332
 71
    5
 72
    1
  1
42
  7
standard
210
0
220
0
230
1
 50
0
 73
    2
 44
1
  0
SOLID
  5
382
100
AcDbEntity
  8
4 Text
  6
ByBlock
 62
    0
370
   -2
100
AcDbTrace
 10
-649.6221708906183
 20
1646.444120363544
 30
0
 11
-643.3721708906183
 21
1647.484832007976
 31
0
 12
-643.3721708906183
 22
1645.403408719112
 32
0
 13
-643.3721708906183
 23
1645.403408719112
 33
0
  0
SOLID
  5
383
100
AcDbEntity
  8
4 Text
  6
ByBlock
 62
    0
370
   -2
100
AcDbTrace
 10
-607.6221708906183
 20
1646.444120363544
 30
0
 11
-613.8721708906183
 21
1645.403408719112
 31
0
 12
-613.8721708906183
 22
1647.484832007976
 32
0
 13
-613.8721708906183
 23
1647.484832007976
 33
0
  0
LINE
  5
384
100
AcDbEntity
  8
4 Text
  6
ByBlock
 62
    0
370
   -2
100
AcDbLine
 10
-649.6221708906183
 20
1643.077269041275
 11
-649.6221708906183
 21
1649.569120363544
  0
LINE
  5
385
100
AcDbEntity
  8
4 Text
  6
ByBlock
 62
    0
370
   -2
100
AcDbLine
 10
-607.6221708906183
 20
1643.077269041275
 11
-607.6221708906183
 21
1649.569120363544
  0
ENDBLK
  5
136
330
134
100
AcDbEntity
  8
0
100
AcDbBlockEnd
  0
BLOCK
  5
138
330
137
100
AcDbEntity
  8
0
100
AcDbBlockBegin
  2
*D53
 70
    1
 10
0
 20
0
  3
*D53
  1

  0
LINE
  5
386
100
AcDbEntity
  8
4 Text
  6
ByBlock
 62
    0
370
   -2
100
AcDbLine
 10
-647.4572949451074
 20
1528.358914242925
 11
-647.4572949451074
 21
1478.353428875369
  0
MTEXT
  5
387
100
AcDbEntity
  8
4 Text
  6
CONTINUOUS
 62
    0
370
   -2
100
AcDbMText
 10
-652.1447949451074
 20
1503.356171559147
 30
0
 40
6.25
 41
7.638888888889277
 71
    5
 72
    1
  1
50
  7
standard
210
0
220
0
230
1
 50
90
 73
    2
 44
1
  0
SOLID
  5
388
100
AcDbEntity
  8
4 Text
  6
ByBlock
 62
    0
370
   -2
100
AcDbTrace
 10
-647.4572949451074
 20
1528.358914242925
 30
0
 11
-646.4165833006753
 21
1522.108914242925
 31
0
 12
-648.4980065895395
 22
1522.108914242925
 32
0
 13
-648.4980065895395
 23
1522.108914242925
 33
0
  0
SOLID
  5
389
100
AcDbEntity
  8
4 Text
  6
ByBlock
 62
    0
370
   -2
100
AcDbTrace
 10
-647.4572949451074
 20
1478.353428875369
 30
0
 11
-648.4980065895395
 21
1484.603428875369
 31
0
 12
-646.4165833006753
 22
1484.603428875369
 32
0
 13
-646.4165833006753
 23
1484.603428875369
 33
0
  0
LINE
  5
38A
100
AcDbEntity
  8
4 Text
  6
ByBlock
 62
    0
370
   -2
100
AcDbLine
 10
-641.1846708906183
 20
1528.358914242925
 11
-650.5822949451074
 21
1528.358914242925
  0
LINE
  5
38B
100
AcDbEntity
  8
4 Text
  6
ByBlock
 62
    0
370
   -2
100
AcDbLine
 10
-641.1846708906183
 20
1478.353428875369
 11
-650.5822949451074
 21
1478.353428875369
  0
ENDBLK
  5
139
330
137
100
AcDbEntity
  8
0
100
AcDbBlockEnd
  0
BLOCK
  5
13B
330
13A
100
AcDbEntity
  8
0
100
AcDbBlockBegin
  2
*D82
 70
    1
 10
0
 20
0
  3
*D82
  1

  0
LINE
  5
38C
100
AcDbEntity
  8
4 Text
  6
ByBlock
 62
    0
370
   -2
100
AcDbLine
 10
-508.5331051828095
 20
1379.113008089079
 11
-482.8707598733477
 21
1374.027932395244
  0
LINE
  5
38D
100
AcDbEntity
  8
4 Text
  6
ByBlock
 62
    0
370
   -2
100
AcDbLine
 10
-511.0638136712096
 20
1366.341533480424
 11
-485.4014683617477
 21
1361.256457786589
  0
LINE
  5
38E
100
AcDbEntity
  8
4 Text
  6
ByBlock
 62
    0
370
   -2
100
AcDbLine
 10
-483.5064843496029
 20
1386.896944765674
 11
-490.896540821725
 21
1349.602282412089
  0
MTEXT
  5
38F
100
AcDbEntity
  8
4 Text
  6
CONTINUOUS
 62
    0
370
   -2
100
AcDbMText
 10
-491.7996102878384
 20
1369.160741335829
 30
0
 40
6.25
 41
6.250000000000387
 71
    5
 72
    1
  1
13
  7
standard
210
0
220
0
230
1
 50
78.79184796841369
 73
    2
 44
1
  0
SOLID
  5
390
100
AcDbEntity
  8
4 Text
  6
ByBlock
 62
    0
370
   -2
100
AcDbTrace
 10
-485.9361583414639
 20
1374.635350893209
 30
0
 11
-485.7421840273232
 21
1380.968435030682
 31
0
 12
-483.7004586637437
 22
1380.563860628201
 32
0
 13
-483.7004586637437
 23
1380.563860628201
 33
0
  0
SOLID
  5
391
100
AcDbEntity
  8
4 Text
  6
ByBlock
 62
    0
370
   -2
100
AcDbTrace
 10
-488.466866829864
 20
1361.863876284554
 30
0
 11
-488.6608411440047
 21
1355.530792147081
 31
0
 12
-490.7025665075842
 22
1355.935366549562
 32
0
 13
-490.7025665075842
 23
1355.935366549562
 33
0
  0
ENDBLK
  5
13C
330
13A
100
AcDbEntity
  8
0
100
AcDbBlockEnd
  0
BLOCK
  5
13E
330
13D
100
AcDbEntity
  8
0
100
AcDbBlockBegin
  2
*D104
 70
    1
 10
0
 20
0
  3
*D104
  1

  0
LINE
  5
392
100
AcDbEntity
  8
4 Text
  6
ByBlock
 62
    0
370
   -2
100
AcDbLine
 10
-288.3097181963877
 20
1322.625274151656
 11
-261.4742556350777
 21
1322.625274151656
  0
MTEXT
  5
393
100
AcDbEntity
  8
4 Text
  6
CONTINUOUS
 62
    0
370
   -2
100
AcDbMText
 10
-274.8919869157327
 20
1327.312774151656
 30
0
 40
6.25
 41
7.638888888888888
 71
    5
 72
    1
  1
27
  7
standard
210
0
220
0
230
1
 50
0
 73
    2
 44
1
  0
SOLID
  5
394
100
AcDbEntity
  8
4 Text
  6
ByBlock
 62
    0
370
   -2
100
AcDbTrace
 10
-288.3097181963877
 20
1322.625274151656
 30
0
 11
-282.0597181963877
 21
1323.665985796088
 31
0
 12
-282.0597181963877
 22
1321.584562507224
 32
0
 13
-282.0597181963877
 23
1321.584562507224
 33
0
  0
SOLID
  5
395
100
AcDbEntity
  8
4 Text
  6
ByBlock
 62
    0
370
   -2
100
AcDbTrace
 10
-261.4742556350777
 20
1322.625274151656
 30
0
 11
-267.7242556350777
 21
1321.584562507224
 31
0
 12
-267.7242556350777
 22
1323.665985796088
 32
0
 13
-267.7242556350777
 23
1323.665985796088
 33
0
  0
LINE
  5
396
100
AcDbEntity
  8
4 Text
  6
ByBlock
 62
    0
370
   -2
100
AcDbLine
 10
-288.3097181963877
 20
1346.298974212427
 11
-288.3097181963877
 21
1319.500274151656
  0
LINE
  5
397
100
AcDbEntity
  8
4 Text
  6
ByBlock
 62
    0
370
   -2
100
AcDbLine
 10
-261.4742556350777
 20
1346.299751787785
 11
-261.4742556350777
 21
1319.500274151656
  0
ENDBLK
  5
13F
330
13D
100
AcDbEntity
  8
0
100
AcDbBlockEnd
  0
BLOCK
  5
141
330
140
100
AcDbEntity
  8
0
100
AcDbBlockBegin
  2
*D114
 70
    1
 10
0
 20
0
  3
*D114
  1

  0
LINE
  5
398
100
AcDbEntity
  8
4 Text
  6
ByBlock
 62
    0
370
   -2
100
AcDbLine
 10
643.2920389414473
 20
1730.829790993939
 11
620.6212005760074
 21
1732.221562033629
  0
LINE
  5
399
100
AcDbEntity
  8
4 Text
  6
ByBlock
 62
    0
370
   -2
100
AcDbLine
 10
641.4537887145435
 20
1700.886163356272
 11
618.7829503491035
 21
1702.277934395962
  0
LINE
  5
39A
100
AcDbEntity
  8
4 Text
  6
ByBlock
 62
    0
370
   -2
100
AcDbLine
 10
623.740328454931
 20
1732.030077634993
 11
621.9020782280272
 21
1702.086449997326
  0
MTEXT
  5
39B
100
AcDbEntity
  8
4 Text
  6
CONTINUOUS
 62
    0
370
   -2
100
AcDbMText
 10
618.1425115230935
 20
1717.345490414113
 30
0
 40
6.25
 41
7.638888888889277
 71
    5
 72
    1
  1
30
  7
standard
210
0
220
0
230
1
 50
86.48699999999985
 73
    2
 44
1
  0
SOLID
  5
39C
100
AcDbEntity
  8
4 Text
  6
ByBlock
 62
    0
370
   -2
100
AcDbTrace
 10
623.740328454931
 20
1732.030077634993
 30
0
 11
624.3961157229614
 21
1725.728052263262
 31
0
 12
622.3186035923575
 22
1725.85559149103
 32
0
 13
622.3186035923575
 23
1725.85559149103
 33
0
  0
SOLID
  5
39D
100
AcDbEntity
  8
4 Text
  6
ByBlock
 62
    0
370
   -2
100
AcDbTrace
 10
621.9020782280272
 20
1702.086449997326
 30
0
 11
621.2462909599968
 21
1708.388475369057
 31
0
 12
623.3238030906008
 22
1708.260936141289
 32
0
 13
623.3238030906008
 23
1708.260936141289
 33
0
  0
ENDBLK
  5
142
330
140
100
AcDbEntity
  8
0
100
AcDbBlockEnd
  0
BLOCK
  5
144
330
143
100
AcDbEntity
  8
0
100
AcDbBlockBegin
  2
*D126
 70
    1
 10
0
 20
0
  3
*D126
  1

  0
LINE
  5
39E
100
AcDbEntity
  8
4 Text
  6
ByBlock
 62
    0
370
   -2
100
AcDbLine
 10
-435.766316803269
 20
1987.185404655489
 11
-1189.70722022267
 21
1987.185404655489
  0
MTEXT
  5
39F
100
AcDbEntity
  8
4 Text
  6
CONTINUOUS
 62
    0
370
   -2
100
AcDbMText
 10
-812.7367685129695
 20
1991.872904655489
 30
0
 40
6.25
 41
13.19444444444483
 71
    5
 72
    1
  1
754
  7
standard
210
0
220
0
230
1
 50
0
 73
    2
 44
1
  0
SOLID
  5
3A0
100
AcDbEntity
  8
4 Text
  6
ByBlock
 62
    0
370
   -2
100
AcDbTrace
 10
-435.766316803269
 20
1987.185404655489
 30
0
 11
-442.016316803269
 21
1986.144693011056
 31
0
 12
-442.016316803269
 22
1988.226116299921
 32
0
 13
-442.016316803269
 23
1988.226116299921
 33
0
  0
SOLID
  5
3A1
100
AcDbEntity
  8
4 Text
  6
ByBlock
 62
    0
370
   -2
100
AcDbTrace
 10
-1189.70722022267
 20
1987.185404655489
 30
0
 11
-1183.45722022267
 21
1988.226116299921
 31
0
 12
-1183.45722022267
 22
1986.144693011056
 32
0
 13
-1183.45722022267
 23
1986.144693011056
 33
0
  0
LINE
  5
3A2
100
AcDbEntity
  8
4 Text
  6
ByBlock
 62
    0
370
   -2
100
AcDbLine
 10
-435.766316803269
 20
1882.352921156954
 11
-435.766316803269
 21
1990.310404655489
  0
LINE
  5
3A3
100
AcDbEntity
  8
4 Text
  6
ByBlock
 62
    0
370
   -2
100
AcDbLine
 10
-1189.70722022267
 20
1825.0249788459
 11
-1189.70722022267
 21
1990.310404655489
  0
ENDBLK
  5
145
330
143
100
AcDbEntity
  8
0
100
AcDbBlockEnd
  0
BLOCK
  5
147
330
146
100
AcDbEntity
  8
0
100
AcDbBlockBegin
  2
*D31
 70
    1
 10
0
 20
0
  3
*D31
  1

  0
LINE
  5
3A4
100
AcDbEntity
  8
2 BaseLine
  6
ByBlock
 62
    0
370
   -2
100
AcDbLine
 10
375.8409548622933
 20
1452.733985187342
 11
375.8409548622933
 21
1415.610985111836
  0
MTEXT
  5
3A5
100
AcDbEntity
  8
2 BaseLine
  6
CONTINUOUS
 62
    0
370
   -2
100
AcDbMText
 10
371.1534548622933
 20
1434.172485149589
 30
0
 40
6.25
 41
6.25
 71
    5
 72
    1
  1
12
  7
standard
210
0
220
0
230
1
 50
90
 73
    2
 44
1
  0
SOLID
  5
3A6
100
AcDbEntity
  8
2 BaseLine
  6
ByBlock
 62
    0
370
   -2
100
AcDbTrace
 10
375.8409548622933
 20
1440.233985187342
 30
0
 11
374.8002432178612
 21
1446.483985187342
 31
0
 12
376.8816665067254
 22
1446.483985187342
 32
0
 13
376.8816665067254
 23
1446.483985187342
 33
0
  0
SOLID
  5
3A7
100
AcDbEntity
  8
2 BaseLine
  6
ByBlock
 62
    0
370
   -2
100
AcDbTrace
 10
375.8409548622933
 20
1428.110985111836
 30
0
 11
376.8816665067254
 21
1421.860985111836
 31
0
 12
374.8002432178612
 22
1421.860985111836
 32
0
 13
374.8002432178612
 23
1421.860985111836
 33
0
  0
LINE
  5
3A8
100
AcDbEntity
  8
2 BaseLine
  6
ByBlock
 62
    0
370
   -2
100
AcDbLine
 10
332.3075935141298
 20
1440.233985187342
 11
378.9659548622933
 21
1440.233985187342
  0
LINE
  5
3A9
100
AcDbEntity
  8
2 BaseLine
  6
ByBlock
 62
    0
370
   -2
100
AcDbLine
 10
332.3075935141298
 20
1428.110985111836
 11
378.9659548622933
 21
1428.110985111836
  0
ENDBLK
  5
148
330
146
100
AcDbEntity
  8
0
100
AcDbBlockEnd
  0
BLOCK
  5
14A
330
149
100
AcDbEntity
  8
0
100
AcDbBlockBegin
  2
*D33
 70
    1
 10
0
 20
0
  3
*D33
  1

  0
LINE
  5
3AA
100
AcDbEntity
  8
2 BaseLine
  6
ByBlock
 62
    0
370
   -2
100
AcDbLine
 10
272.037231320326
 20
1468.439021656411
 11
267.8522261115037
 21
1462.762592160557
  0
LINE
  5
3AB
100
AcDbEntity
  8
2 BaseLine
  6
ByBlock
 62
    0
370
   -2
100
AcDbLine
 10
278.6163882850831
 20
1463.588471466846
 11
274.4313830762608
 21
1457.912041970992
  0
LINE
  5
3AC
100
AcDbEntity
  8
2 BaseLine
  6
ByBlock
 62
    0
370
   -2
100
AcDbLine
 10
259.6454655004515
 20
1472.695603047135
 11
286.3470005032261
 21
1453.009625593918
  0
MTEXT
  5
3AD
100
AcDbEntity
  8
2 BaseLine
  6
CONTINUOUS
 62
    0
370
   -2
100
AcDbMText
 10
275.7778756137736
 20
1466.625560202654
 30
0
 40
6.25
 41
2.777777777777778
 71
    5
 72
    1
  1
8
  7
standard
210
0
220
0
230
1
 50
323.6001278509501
 73
    2
 44
1
  0
SOLID
  5
3AE
100
AcDbEntity
  8
2 BaseLine
  6
ByBlock
 62
    0
370
   -2
100
AcDbTrace
 10
269.7066545194602
 20
1465.277889415309
 30
0
 11
264.0584839338196
 21
1468.149082505709
 31
0
 12
265.2936360860922
 22
1469.824409956735
 32
0
 13
265.2936360860922
 23
1469.824409956735
 33
0
  0
SOLID
  5
3AF
100
AcDbEntity
  8
2 BaseLine
  6
ByBlock
 62
    0
370
   -2
100
AcDbTrace
 10
276.2858114842173
 20
1460.427339225744
 30
0
 11
281.933982069858
 21
1457.556146135344
 31
0
 12
280.6988299175854
 22
1455.880818684318
 32
0
 13
280.6988299175854
 23
1455.880818684318
 33
0
  0
ENDBLK
  5
14B
330
149
100
AcDbEntity
  8
0
100
AcDbBlockEnd
  0
BLOCK
  5
14D
330
14C
100
AcDbEntity
  8
0
100
AcDbBlockBegin
  2
*D89
 70
    1
 10
0
 20
0
  3
*D89
  1

  0
LINE
  5
3B0
100
AcDbEntity
  8
4 Text
  6
ByBlock
 62
    0
370
   -2
100
AcDbLine
 10
-524.3664649268695
 20
1386.669018334733
 11
-524.3664649268695
 21
1359.671980057174
  0
MTEXT
  5
3B1
100
AcDbEntity
  8
4 Text
  6
CONTINUOUS
 62
    0
370
   -2
100
AcDbMText
 10
-529.0539649268695
 20
1377.120407223622
 30
0
 40
6.25
 41
2.777777777777778
 71
    5
 72
    1
  1
2
  7
standard
210
0
220
0
230
1
 50
90
 73
    2
 44
1
  0
SOLID
  5
3B2
100
AcDbEntity
  8
4 Text
  6
ByBlock
 62
    0
370
   -2
100
AcDbTrace
 10
-524.3664649268695
 20
1374.169018334733
 30
0
 11
-525.4071765713016
 21
1380.419018334733
 31
0
 12
-523.3257532824374
 22
1380.419018334733
 32
0
 13
-523.3257532824374
 23
1380.419018334733
 33
0
  0
SOLID
  5
3B3
100
AcDbEntity
  8
4 Text
  6
ByBlock
 62
    0
370
   -2
100
AcDbTrace
 10
-524.3664649268695
 20
1372.171980057174
 30
0
 11
-523.3257532824374
 21
1365.921980057174
 31
0
 12
-525.4071765713016
 22
1365.921980057174
 32
0
 13
-525.4071765713016
 23
1365.921980057174
 33
0
  0
LINE
  5
3B4
100
AcDbEntity
  8
4 Text
  6
ByBlock
 62
    0
370
   -2
100
AcDbLine
 10
-512.8804162393841
 20
1374.169018334733
 11
-527.4914649268695
 21
1374.169018334733
  0
LINE
  5
3B5
100
AcDbEntity
  8
4 Text
  6
ByBlock
 62
    0
370
   -2
100
AcDbLine
 10
-512.9725668913719
 20
1372.171980057174
 11
-527.4914649268695
 21
1372.171980057174
  0
ENDBLK
  5
14E
330
14C
100
AcDbEntity
  8
0
100
AcDbBlockEnd
  0
BLOCK
  5
150
330
14F
100
AcDbEntity
  8
0
100
AcDbBlockBegin
  2
*D118
 70
    1
 10
0
 20
0
  3
*D118
  1

  0
LINE
  5
3B6
100
AcDbEntity
  8
4 Text
  6
ByBlock
 62
    0
370
   -2
100
AcDbLine
 10
361.0354545058472
 20
1924.959310838522
 11
390.0354545058472
 21
1924.959310838522
  0
MTEXT
  5
3B7
100
AcDbEntity
  8
4 Text
  6
CONTINUOUS
 62
    0
370
   -2
100
AcDbMText
 10
375.5354545058472
 20
1929.646810838522
 30
0
 40
6.25
 41
3.472222222222222
 71
    5
 72
    1
  1
4
  7
standard
210
0
220
0
230
1
 50
0
 73
    2
 44
1
  0
SOLID
  5
3B8
100
AcDbEntity
  8
4 Text
  6
ByBlock
 62
    0
370
   -2
100
AcDbTrace
 10
373.5354545058472
 20
1924.959310838522
 30
0
 11
367.2854545058472
 21
1923.91859919409
 31
0
 12
367.2854545058472
 22
1926.000022482954
 32
0
 13
367.2854545058472
 23
1926.000022482954
 33
0
  0
SOLID
  5
3B9
100
AcDbEntity
  8
4 Text
  6
ByBlock
 62
    0
370
   -2
100
AcDbTrace
 10
377.5354545058472
 20
1924.959310838522
 30
0
 11
383.7854545058472
 21
1926.000022482954
 31
0
 12
383.7854545058472
 22
1923.91859919409
 32
0
 13
383.7854545058472
 23
1923.91859919409
 33
0
  0
LINE
  5
3BA
100
AcDbEntity
  8
4 Text
  6
ByBlock
 62
    0
370
   -2
100
AcDbLine
 10
373.5354545058472
 20
1882.321731271207
 11
373.5354545058472
 21
1928.084310838522
  0
LINE
  5
3BB
100
AcDbEntity
  8
4 Text
  6
ByBlock
 62
    0
370
   -2
100
AcDbLine
 10
377.5354545058472
 20
1882.321731271207
 11
377.5354545058472
 21
1928.084310838522
  0
ENDBLK
  5
151
330
14F
100
AcDbEntity
  8
0
100
AcDbBlockEnd
  0
BLOCK
  5
153
330
152
100
AcDbEntity
  8
0
100
AcDbBlockBegin
  2
*D15
 70
    1
 10
0
 20
0
  3
*D15
  1

  0
LINE
  5
3BC
100
AcDbEntity
  8
4 Text
  6
ByBlock
 62
    0
370
   -2
100
AcDbLine
 10
362.1092769920622
 20
1626.3295689837
 11
362.1092769920622
 21
1595.30933138276
  0
MTEXT
  5
3BD
100
AcDbEntity
  8
4 Text
  6
CONTINUOUS
 62
    0
370
   -2
100
AcDbMText
 10
357.4217769920622
 20
1610.81945018323
 30
0
 40
6.25
 41
2.777777777778165
 71
    5
 72
    1
  1
6
  7
standard
210
0
220
0
230
1
 50
90
 73
    2
 44
1
  0
SOLID
  5
3BE
100
AcDbEntity
  8
4 Text
  6
ByBlock
 62
    0
370
   -2
100
AcDbTrace
 10
362.1092769920622
 20
1613.8295689837
 30
0
 11
361.0685653476301
 21
1620.0795689837
 31
0
 12
363.1499886364943
 22
1620.0795689837
 32
0
 13
363.1499886364943
 23
1620.0795689837
 33
0
  0
SOLID
  5
3BF
100
AcDbEntity
  8
4 Text
  6
ByBlock
 62
    0
370
   -2
100
AcDbTrace
 10
362.1092769920622
 20
1607.80933138276
 30
0
 11
363.1499886364943
 21
1601.55933138276
 31
0
 12
361.0685653476301
 22
1601.55933138276
 32
0
 13
361.0685653476301
 23
1601.55933138276
 33
0
  0
LINE
  5
3C0
100
AcDbEntity
  8
4 Text
  6
ByBlock
 62
    0
370
   -2
100
AcDbLine
 10
347.4673973283175
 20
1613.8295689837
 11
365.2342769920622
 21
1613.8295689837
  0
LINE
  5
3C1
100
AcDbEntity
  8
4 Text
  6
ByBlock
 62
    0
370
   -2
100
AcDbLine
 10
347.4666678201302
 20
1607.80933138276
 11
365.2342769920622
 21
1607.80933138276
  0
ENDBLK
  5
154
330
152
100
AcDbEntity
  8
0
100
AcDbBlockEnd
  0
BLOCK
  5
156
330
155
100
AcDbEntity
  8
0
100
AcDbBlockBegin
  2
*D36
 70
    1
 10
0
 20
0
  3
*D36
  1

  0
LINE
  5
3C2
100
AcDbEntity
  8
4 Text
  6
ByBlock
 62
    0
370
   -2
100
AcDbLine
 10
-257.7141778082067
 20
1463.714690057408
 11
-57.73281465212729
 21
1463.714690057408
  0
MTEXT
  5
3C3
100
AcDbEntity
  8
4 Text
  6
CONTINUOUS
 62
    0
370
   -2
100
AcDbMText
 10
-157.723496230167
 20
1468.402190057408
 30
0
 40
6.25
 41
12.5
 71
    5
 72
    1
  1
200
  7
standard
210
0
220
0
230
1
 50
0
 73
    2
 44
1
  0
SOLID
  5
3C4
100
AcDbEntity
  8
4 Text
  6
ByBlock
 62
    0
370
   -2
100
AcDbTrace
 10
-257.7141778082067
 20
1463.714690057408
 30
0
 11
-251.4641778082067
 21
1464.75540170184
 31
0
 12
-251.4641778082067
 22
1462.673978412976
 32
0
 13
-251.4641778082067
 23
1462.673978412976
 33
0
  0
SOLID
  5
3C5
100
AcDbEntity
  8
4 Text
  6
ByBlock
 62
    0
370
   -2
100
AcDbTrace
 10
-57.73281465212729
 20
1463.714690057408
 30
0
 11
-63.98281465212729
 21
1462.673978412976
 31
0
 12
-63.98281465212729
 22
1464.75540170184
 32
0
 13
-63.98281465212729
 23
1464.75540170184
 33
0
  0
LINE
  5
3C6
100
AcDbEntity
  8
4 Text
  6
ByBlock
 62
    0
370
   -2
100
AcDbLine
 10
-257.7141778082066
 20
1451.179835807492
 11
-257.7141778082067
 21
1466.839690057408
  0
LINE
  5
3C7
100
AcDbEntity
  8
4 Text
  6
ByBlock
 62
    0
370
   -2
100
AcDbLine
 10
-57.73281465212729
 20
1451.179835807492
 11
-57.73281465212729
 21
1466.839690057408
  0
ENDBLK
  5
157
330
155
100
AcDbEntity
  8
0
100
AcDbBlockEnd
  0
BLOCK
  5
159
330
158
100
AcDbEntity
  8
0
100
AcDbBlockBegin
  2
*D99
 70
    1
 10
0
 20
0
  3
*D99
  1

  0
LINE
  5
3C8
100
AcDbEntity
  8
4 Text
  6
ByBlock
 62
    0
370
   -2
100
AcDbLine
 10
-340.7822750986405
 20
1730.790421156954
 11
-340.7822750986405
 21
1700.953436512878
  0
MTEXT
  5
3C9
100
AcDbEntity
  8
4 Text
  6
CONTINUOUS
 62
    0
370
   -2
100
AcDbMText
 10
-345.4697750986405
 20
1715.871928834916
 30
0
 40
6.25
 41
7.638888888889277
 71
    5
 72
    1
  1
30
  7
standard
210
0
220
0
230
1
 50
90
 73
    2
 44
1
  0
SOLID
  5
3CA
100
AcDbEntity
  8
4 Text
  6
ByBlock
 62
    0
370
   -2
100
AcDbTrace
 10
-340.7822750986405
 20
1730.790421156954
 30
0
 11
-339.7415634542084
 21
1724.540421156954
 31
0
 12
-341.8229867430726
 22
1724.540421156954
 32
0
 13
-341.8229867430726
 23
1724.540421156954
 33
0
  0
SOLID
  5
3CB
100
AcDbEntity
  8
4 Text
  6
ByBlock
 62
    0
370
   -2
100
AcDbTrace
 10
-340.7822750986405
 20
1700.953436512878
 30
0
 11
-341.8229867430726
 21
1707.203436512878
 31
0
 12
-339.7415634542084
 22
1707.203436512878
 32
0
 13
-339.7415634542084
 23
1707.203436512878
 33
0
  0
LINE
  5
3CC
100
AcDbEntity
  8
4 Text
  6
ByBlock
 62
    0
370
   -2
100
AcDbLine
 10
-325.796183196731
 20
1730.790421156954
 11
-343.9072750986405
 21
1730.790421156954
  0
LINE
  5
3CD
100
AcDbEntity
  8
4 Text
  6
ByBlock
 62
    0
370
   -2
100
AcDbLine
 10
-326.0471724446878
 20
1700.953436512878
 11
-343.9072750986405
 21
1700.953436512878
  0
ENDBLK
  5
15A
330
158
100
AcDbEntity
  8
0
100
AcDbBlockEnd
  0
BLOCK
  5
15C
330
15B
100
AcDbEntity
  8
0
100
AcDbBlockBegin
  2
*D111
 70
    1
 10
0
 20
0
  3
*D111
  1

  0
LINE
  5
3CE
100
AcDbEntity
  8
4 Text
  6
ByBlock
 62
    0
370
   -2
100
AcDbLine
 10
-384.9171360750154
 20
1451.416818180079
 11
-257.7141778082066
 21
1451.416818180079
  0
MTEXT
  5
3CF
100
AcDbEntity
  8
4 Text
  6
CONTINUOUS
 62
    0
370
   -2
100
AcDbMText
 10
-321.315656941611
 20
1456.104318180079
 30
0
 40
6.25
 41
11.11111111111111
 71
    5
 72
    1
  1
127
  7
standard
210
0
220
0
230
1
 50
0
 73
    2
 44
1
  0
SOLID
  5
3D0
100
AcDbEntity
  8
4 Text
  6
ByBlock
 62
    0
370
   -2
100
AcDbTrace
 10
-384.9171360750154
 20
1451.416818180079
 30
0
 11
-378.6671360750154
 21
1452.457529824511
 31
0
 12
-378.6671360750154
 22
1450.376106535647
 32
0
 13
-378.6671360750154
 23
1450.376106535647
 33
0
  0
SOLID
  5
3D1
100
AcDbEntity
  8
4 Text
  6
ByBlock
 62
    0
370
   -2
100
AcDbTrace
 10
-257.7141778082066
 20
1451.416818180079
 30
0
 11
-263.9641778082066
 21
1450.376106535647
 31
0
 12
-263.9641778082066
 22
1452.457529824511
 32
0
 13
-263.9641778082066
 23
1452.457529824511
 33
0
  0
LINE
  5
3D2
100
AcDbEntity
  8
4 Text
  6
ByBlock
 62
    0
370
   -2
100
AcDbLine
 10
-384.9171360750154
 20
1425.503472801335
 11
-384.9171360750154
 21
1454.541818180079
  0
LINE
  5
3D3
100
AcDbEntity
  8
4 Text
  6
ByBlock
 62
    0
370
   -2
100
AcDbLine
 10
-257.7141778082066
 20
1425.357954278888
 11
-257.7141778082066
 21
1454.541818180079
  0
ENDBLK
  5
15D
330
15B
100
AcDbEntity
  8
0
100
AcDbBlockEnd
  0
BLOCK
  5
15F
330
15E
100
AcDbEntity
  8
0
100
AcDbBlockBegin
  2
*D67
 70
    1
 10
0
 20
0
  3
*D67
  1

  0
LINE
  5
3D4
100
AcDbEntity
  8
4 Text
  6
ByBlock
 62
    0
370
   -2
100
AcDbLine
 10
-385.4214892985907
 20
1554.906566188339
 11
-413.2867333244838
 21
1556.29376300233
  0
LINE
  5
3D5
100
AcDbEntity
  8
4 Text
  6
ByBlock
 62
    0
370
   -2
100
AcDbLine
 10
-387.5070296001439
 20
1513.013383589825
 11
-415.372273626037
 21
1514.400580403816
  0
LINE
  5
3D6
100
AcDbEntity
  8
4 Text
  6
ByBlock
 62
    0
370
   -2
100
AcDbLine
 10
-410.1655984551266
 20
1556.138385631768
 11
-412.2511387566798
 21
1514.245203033254
  0
MTEXT
  5
3D7
100
AcDbEntity
  8
4 Text
  6
CONTINUOUS
 62
    0
370
   -2
100
AcDbMText
 10
-415.8900709099389
 20
1535.424860388355
 30
0
 40
6.25
 41
8.333333333333332
 71
    5
 72
    1
  1
42
  7
standard
210
0
220
0
230
1
 50
87.15003529711147
 73
    2
 44
1
  0
SOLID
  5
3D8
100
AcDbEntity
  8
4 Text
  6
ByBlock
 62
    0
370
   -2
100
AcDbTrace
 10
-410.1655984551266
 20
1556.138385631768
 30
0
 11
-409.4369287474879
 21
1549.84437092063
 31
0
 12
-411.515777645013
 22
1549.947860865478
 32
0
 13
-411.515777645013
 23
1549.947860865478
 33
0
  0
SOLID
  5
3D9
100
AcDbEntity
  8
4 Text
  6
ByBlock
 62
    0
370
   -2
100
AcDbTrace
 10
-412.2511387566798
 20
1514.245203033254
 30
0
 11
-412.9798084643185
 21
1520.539217744393
 31
0
 12
-410.9009595667933
 22
1520.435727799545
 32
0
 13
-410.9009595667933
 23
1520.435727799545
 33
0
  0
ENDBLK
  5
160
330
15E
100
AcDbEntity
  8
0
100
AcDbBlockEnd
  0
BLOCK
  5
162
330
161
100
AcDbEntity
  8
0
100
AcDbBlockBegin
  2
*D14
 70
    1
 10
0
 20
0
  3
*D14
  1

  0
LINE
  5
3DA
100
AcDbEntity
  8
4 Text
  6
ByBlock
 62
    0
370
   -2
100
AcDbLine
 10
326.9916975222515
 20
1651.401003324626
 11
367.0105642116855
 21
1651.401003324626
  0
MTEXT
  5
3DB
100
AcDbEntity
  8
4 Text
  6
CONTINUOUS
 62
    0
370
   -2
100
AcDbMText
 10
347.0011308669685
 20
1656.088503324626
 30
0
 40
6.25
 41
6.250000000000387
 71
    5
 72
    1
  1
15
  7
standard
210
0
220
0
230
1
 50
0
 73
    2
 44
1
  0
SOLID
  5
3DC
100
AcDbEntity
  8
4 Text
  6
ByBlock
 62
    0
370
   -2
100
AcDbTrace
 10
339.4916975222515
 20
1651.401003324626
 30
0
 11
333.2416975222515
 21
1650.360291680194
 31
0
 12
333.2416975222515
 22
1652.441714969058
 32
0
 13
333.2416975222515
 23
1652.441714969058
 33
0
  0
SOLID
  5
3DD
100
AcDbEntity
  8
4 Text
  6
ByBlock
 62
    0
370
   -2
100
AcDbTrace
 10
354.5105642116855
 20
1651.401003324626
 30
0
 11
360.7605642116855
 21
1652.441714969058
 31
0
 12
360.7605642116855
 22
1650.360291680194
 32
0
 13
360.7605642116855
 23
1650.360291680194
 33
0
  0
LINE
  5
3DE
100
AcDbEntity
  8
4 Text
  6
ByBlock
 62
    0
370
   -2
100
AcDbLine
 10
339.4916975222515
 20
1650.048149975087
 11
339.4916975222515
 21
1648.276003324626
  0
LINE
  5
3DF
100
AcDbEntity
  8
4 Text
  6
ByBlock
 62
    0
370
   -2
100
AcDbLine
 10
354.5105642116855
 20
1650.048149975087
 11
354.5105642116855
 21
1648.276003324626
  0
ENDBLK
  5
163
330
161
100
AcDbEntity
  8
0
100
AcDbBlockEnd
  0
BLOCK
  5
165
330
164
100
AcDbEntity
  8
0
100
AcDbBlockBegin
  2
*D95
 70
    1
 10
0
 20
0
  3
*D95
  1

  0
LINE
  5
3E0
100
AcDbEntity
  8
4 Text
  6
ByBlock
 62
    0
370
   -2
100
AcDbLine
 10
640.9132078828685
 20
1880.712002258872
 11
606.4314374725178
 21
1879.122063033022
  0
LINE
  5
3E1
100
AcDbEntity
  8
4 Text
  6
ByBlock
 62
    0
370
   -2
100
AcDbLine
 10
643.7195729533876
 20
1819.849024306043
 11
609.2378025430369
 21
1818.259085080193
  0
LINE
  5
3E2
100
AcDbEntity
  8
4 Text
  6
ByBlock
 62
    0
370
   -2
100
AcDbLine
 10
609.5531207424796
 20
1879.266002471819
 11
612.3594858129986
 21
1818.40302451899
  0
MTEXT
  5
3E3
100
AcDbEntity
  8
4 Text
  6
CONTINUOUS
 62
    0
370
   -2
100
AcDbMText
 10
615.6388281826817
 20
1849.0504226536
 30
0
 40
6.25
 41
6.250000000000387
 71
    5
 72
    1
  1
61
  7
standard
210
0
220
0
230
1
 50
272.6400132134928
 73
    2
 44
1
  0
SOLID
  5
3E4
100
AcDbEntity
  8
4 Text
  6
ByBlock
 62
    0
370
   -2
100
AcDbTrace
 10
609.5531207424796
 20
1879.266002471819
 30
0
 11
610.8806067014425
 21
1873.070571755911
 31
0
 12
608.8013925387046
 22
1872.97470010788
 32
0
 13
608.8013925387046
 23
1872.97470010788
 33
0
  0
SOLID
  5
3E5
100
AcDbEntity
  8
4 Text
  6
ByBlock
 62
    0
370
   -2
100
AcDbTrace
 10
612.3594858129986
 20
1818.40302451899
 30
0
 11
611.0319998540357
 21
1824.598455234898
 31
0
 12
613.1112140167736
 22
1824.694326882929
 32
0
 13
613.1112140167736
 23
1824.694326882929
 33
0
  0
ENDBLK
  5
166
330
164
100
AcDbEntity
  8
0
100
AcDbBlockEnd
  0
BLOCK
  5
168
330
167
100
AcDbEntity
  8
0
100
AcDbBlockBegin
  2
*D55
 70
    1
 10
0
 20
0
  3
*D55
  1

  0
LINE
  5
3E6
100
AcDbEntity
  8
4 Text
  6
ByBlock
 62
    0
370
   -2
100
AcDbLine
 10
-220.8618839377198
 20
1403.642502078527
 11
-220.8618839377198
 21
1380.642502078527
  0
MTEXT
  5
3E7
100
AcDbEntity
  8
4 Text
  6
CONTINUOUS
 62
    0
370
   -2
100
AcDbMText
 10
-225.5493839377198
 20
1392.142502078527
 30
0
 40
6.25
 41
7.638888888889277
 71
    5
 72
    1
  1
23
  7
standard
210
0
220
0
230
1
 50
90
 73
    2
 44
1
  0
SOLID
  5
3E8
100
AcDbEntity
  8
4 Text
  6
ByBlock
 62
    0
370
   -2
100
AcDbTrace
 10
-220.8618839377198
 20
1403.642502078527
 30
0
 11
-219.8211722932877
 21
1397.392502078527
 31
0
 12
-221.9025955821519
 22
1397.392502078527
 32
0
 13
-221.9025955821519
 23
1397.392502078527
 33
0
  0
SOLID
  5
3E9
100
AcDbEntity
  8
4 Text
  6
ByBlock
 62
    0
370
   -2
100
AcDbTrace
 10
-220.8618839377198
 20
1380.642502078527
 30
0
 11
-221.9025955821519
 21
1386.892502078527
 31
0
 12
-219.8211722932877
 22
1386.892502078527
 32
0
 13
-219.8211722932877
 23
1386.892502078527
 33
0
  0
LINE
  5
3EA
100
AcDbEntity
  8
4 Text
  6
ByBlock
 62
    0
370
   -2
100
AcDbLine
 10
-235.7141016483961
 20
1403.642502078527
 11
-217.7368839377198
 21
1403.642502078527
  0
LINE
  5
3EB
100
AcDbEntity
  8
4 Text
  6
ByBlock
 62
    0
370
   -2
100
AcDbLine
 10
-235.7141016483961
 20
1380.642502078527
 11
-217.7368839377198
 21
1380.642502078527
  0
ENDBLK
  5
169
330
167
100
AcDbEntity
  8
0
100
AcDbBlockEnd
  0
BLOCK
  5
16B
330
16A
100
AcDbEntity
  8
0
100
AcDbBlockBegin
  2
*D48
 70
    1
 10
0
 20
0
  3
*D48
  1

  0
LINE
  5
3EC
100
AcDbEntity
  8
4 Text
  6
ByBlock
 62
    0
370
   -2
100
AcDbLine
 10
-513.2686765902504
 20
1643.358914242925
 11
-513.2686765902504
 21
1553.358914242925
  0
MTEXT
  5
3ED
100
AcDbEntity
  8
4 Text
  6
CONTINUOUS
 62
    0
370
   -2
100
AcDbMText
 10
-517.9561765902504
 20
1598.358914242925
 30
0
 40
6.25
 41
7.638888888889277
 71
    5
 72
    1
  1
90
  7
standard
210
0
220
0
230
1
 50
90
 73
    2
 44
1
  0
SOLID
  5
3EE
100
AcDbEntity
  8
4 Text
  6
ByBlock
 62
    0
370
   -2
100
AcDbTrace
 10
-513.2686765902504
 20
1643.358914242925
 30
0
 11
-512.2279649458183
 21
1637.108914242925
 31
0
 12
-514.3093882346825
 22
1637.108914242925
 32
0
 13
-514.3093882346825
 23
1637.108914242925
 33
0
  0
SOLID
  5
3EF
100
AcDbEntity
  8
4 Text
  6
ByBlock
 62
    0
370
   -2
100
AcDbTrace
 10
-513.2686765902504
 20
1553.358914242925
 30
0
 11
-514.3093882346825
 21
1559.608914242925
 31
0
 12
-512.2279649458183
 22
1559.608914242925
 32
0
 13
-512.2279649458183
 23
1559.608914242925
 33
0
  0
LINE
  5
3F0
100
AcDbEntity
  8
4 Text
  6
ByBlock
 62
    0
370
   -2
100
AcDbLine
 10
-511.1846708906183
 20
1643.358914242925
 11
-516.3936765902504
 21
1643.358914242925
  0
LINE
  5
3F1
100
AcDbEntity
  8
4 Text
  6
ByBlock
 62
    0
370
   -2
100
AcDbLine
 10
-511.1846708906183
 20
1553.358914242925
 11
-516.3936765902504
 21
1553.358914242925
  0
ENDBLK
  5
16C
330
16A
100
AcDbEntity
  8
0
100
AcDbBlockEnd
  0
BLOCK
  5
16E
330
16D
100
AcDbEntity
  8
0
100
AcDbBlockBegin
  2
*D46
 70
    1
 10
0
 20
0
  3
*D46
  1

  0
LINE
  5
3F2
100
AcDbEntity
  8
4 Text
  6
ByBlock
 62
    0
370
   -2
100
AcDbLine
 10
-654.5053571135314
 20
1641.514769041275
 11
-654.5053571135314
 21
1533.514769041275
  0
MTEXT
  5
3F3
100
AcDbEntity
  8
4 Text
  6
CONTINUOUS
 62
    0
370
   -2
100
AcDbMText
 10
-659.1928571135314
 20
1587.514769041275
 30
0
 40
6.25
 41
11.11111111111111
 71
    5
 72
    1
  1
108
  7
standard
210
0
220
0
230
1
 50
90
 73
    2
 44
1
  0
SOLID
  5
3F4
100
AcDbEntity
  8
4 Text
  6
ByBlock
 62
    0
370
   -2
100
AcDbTrace
 10
-654.5053571135314
 20
1641.514769041275
 30
0
 11
-653.4646454690993
 21
1635.264769041275
 31
0
 12
-655.5460687579636
 22
1635.264769041275
 32
0
 13
-655.5460687579636
 23
1635.264769041275
 33
0
  0
SOLID
  5
3F5
100
AcDbEntity
  8
4 Text
  6
ByBlock
 62
    0
370
   -2
100
AcDbTrace
 10
-654.5053571135314
 20
1533.514769041275
 30
0
 11
-655.5460687579636
 21
1539.764769041275
 31
0
 12
-653.4646454690993
 22
1539.764769041275
 32
0
 13
-653.4646454690993
 23
1539.764769041275
 33
0
  0
LINE
  5
3F6
100
AcDbEntity
  8
4 Text
  6
ByBlock
 62
    0
370
   -2
100
AcDbLine
 10
-651.1846708906183
 20
1641.514769041275
 11
-657.6303571135314
 21
1641.514769041275
  0
LINE
  5
3F7
100
AcDbEntity
  8
4 Text
  6
ByBlock
 62
    0
370
   -2
100
AcDbLine
 10
-651.1846708906183
 20
1533.514769041275
 11
-657.6303571135314
 21
1533.514769041275
  0
ENDBLK
  5
16F
330
16D
100
AcDbEntity
  8
0
100
AcDbBlockEnd
  0
BLOCK
  5
171
330
170
100
AcDbEntity
  8
0
100
AcDbBlockBegin
  2
*D41
 70
    1
 10
0
 20
0
  3
*D41
  1

  0
LINE
  5
3F8
100
AcDbEntity
  8
4 Text
  6
ByBlock
 62
    0
370
   -2
100
AcDbLine
 10
-579.6221708906183
 20
1646.444120363544
 11
-537.6221708906183
 21
1646.444120363544
  0
MTEXT
  5
3F9
100
AcDbEntity
  8
4 Text
  6
CONTINUOUS
 62
    0
370
   -2
100
AcDbMText
 10
-558.6221708906183
 20
1651.131620363544
 30
0
 40
6.25
 41
8.333333333333332
 71
    5
 72
    1
  1
42
  7
standard
210
0
220
0
230
1
 50
0
 73
    2
 44
1
  0
SOLID
  5
3FA
100
AcDbEntity
  8
4 Text
  6
ByBlock
 62
    0
370
   -2
100
AcDbTrace
 10
-579.6221708906183
 20
1646.444120363544
 30
0
 11
-573.3721708906183
 21
1647.484832007976
 31
0
 12
-573.3721708906183
 22
1645.403408719112
 32
0
 13
-573.3721708906183
 23
1645.403408719112
 33
0
  0
SOLID
  5
3FB
100
AcDbEntity
  8
4 Text
  6
ByBlock
 62
    0
370
   -2
100
AcDbTrace
 10
-537.6221708906183
 20
1646.444120363544
 30
0
 11
-543.8721708906183
 21
1645.403408719112
 31
0
 12
-543.8721708906183
 22
1647.484832007976
 32
0
 13
-543.8721708906183
 23
1647.484832007976
 33
0
  0
LINE
  5
3FC
100
AcDbEntity
  8
4 Text
  6
ByBlock
 62
    0
370
   -2
100
AcDbLine
 10
-579.6221708906183
 20
1640.077269041275
 11
-579.6221708906183
 21
1649.569120363544
  0
LINE
  5
3FD
100
AcDbEntity
  8
4 Text
  6
ByBlock
 62
    0
370
   -2
100
AcDbLine
 10
-537.6221708906183
 20
1640.077269041275
 11
-537.6221708906183
 21
1649.569120363544
  0
ENDBLK
  5
172
330
170
100
AcDbEntity
  8
0
100
AcDbBlockEnd
  0
BLOCK
  5
174
330
173
100
AcDbEntity
  8
0
100
AcDbBlockBegin
  2
*D24
 70
    1
 10
0
 20
0
  3
*D24
  1

  0
LINE
  5
3FE
100
AcDbEntity
  8
4 Text
  6
ByBlock
 62
    0
370
   -2
100
AcDbLine
 10
-261.5011610867184
 20
1449.662086560623
 11
-261.5011610867184
 21
1341.847944210071
  0
MTEXT
  5
3FF
100
AcDbEntity
  8
4 Text
  6
CONTINUOUS
 62
    0
370
   -2
100
AcDbMText
 10
-266.1886610867184
 20
1395.755015385347
 30
0
 40
6.25
 41
11.11111111111111
 71
    5
 72
    1
  1
108
  7
standard
210
0
220
0
230
1
 50
90
 73
    2
 44
1
  0
SOLID
  5
400
100
AcDbEntity
  8
4 Text
  6
ByBlock
 62
    0
370
   -2
100
AcDbTrace
 10
-261.5011610867184
 20
1449.662086560623
 30
0
 11
-260.4604494422863
 21
1443.412086560623
 31
0
 12
-262.5418727311505
 22
1443.412086560623
 32
0
 13
-262.5418727311505
 23
1443.412086560623
 33
0
  0
SOLID
  5
401
100
AcDbEntity
  8
4 Text
  6
ByBlock
 62
    0
370
   -2
100
AcDbTrace
 10
-261.5011610867184
 20
1341.847944210071
 30
0
 11
-262.5418727311505
 21
1348.097944210071
 31
0
 12
-260.4604494422863
 22
1348.097944210071
 32
0
 13
-260.4604494422863
 23
1348.097944210071
 33
0
  0
LINE
  5
402
100
AcDbEntity
  8
4 Text
  6
ByBlock
 62
    0
370
   -2
100
AcDbLine
 10
-255.3243906525832
 20
1449.662086560623
 11
-264.6261610867184
 21
1449.662086560623
  0
LINE
  5
403
100
AcDbEntity
  8
4 Text
  6
ByBlock
 62
    0
370
   -2
100
AcDbLine
 10
-255.3243906525832
 20
1341.847944210071
 11
-264.6261610867184
 21
1341.847944210071
  0
ENDBLK
  5
175
330
173
100
AcDbEntity
  8
0
100
AcDbBlockEnd
  0
BLOCK
  5
177
330
176
100
AcDbEntity
  8
0
100
AcDbBlockBegin
  2
*D103
 70
    1
 10
0
 20
0
  3
*D103
  1

  0
LINE
  5
404
100
AcDbEntity
  8
4 Text
  6
ByBlock
 62
    0
370
   -2
100
AcDbLine
 10
375.227416725461
 20
1951.492810085196
 11
357.8973068553201
 21
1990.13790317913
  0
LINE
  5
405
100
AcDbEntity
  8
4 Text
  6
ByBlock
 62
    0
370
   -2
100
AcDbLine
 10
425.9134924576821
 20
1974.22261071449
 11
408.5833825875412
 21
2012.867703808425
  0
LINE
  5
406
100
AcDbEntity
  8
4 Text
  6
ByBlock
 62
    0
370
   -2
100
AcDbLine
 10
359.1760026648041
 20
1987.286489139253
 11
409.8620783970251
 21
2010.016289768548
  0
MTEXT
  5
407
100
AcDbEntity
  8
4 Text
  6
CONTINUOUS
 62
    0
370
   -2
100
AcDbMText
 10
382.6009968166886
 20
2002.928510513716
 30
0
 40
6.25
 41
7.638888888889664
 71
    5
 72
    1
  1
56
  7
standard
210
0
220
0
230
1
 50
24.15350105647116
 73
    2
 44
1
  0
SOLID
  5
408
100
AcDbEntity
  8
4 Text
  6
ByBlock
 62
    0
370
   -2
100
AcDbTrace
 10
359.1760026648041
 20
1987.286489139253
 30
0
 11
364.4529895866009
 21
1990.793480692428
 31
0
 12
365.3046719025155
 22
1988.894280824014
 32
0
 13
365.3046719025155
 23
1988.894280824014
 33
0
  0
SOLID
  5
409
100
AcDbEntity
  8
4 Text
  6
ByBlock
 62
    0
370
   -2
100
AcDbTrace
 10
409.8620783970251
 20
2010.016289768548
 30
0
 11
404.5850914752282
 21
2006.509298215373
 31
0
 12
403.7334091593137
 22
2008.408498083787
 32
0
 13
403.7334091593137
 23
2008.408498083787
 33
0
  0
ENDBLK
  5
178
330
176
100
AcDbEntity
  8
0
100
AcDbBlockEnd
  0
BLOCK
  5
17A
330
179
100
AcDbEntity
  8
0
100
AcDbBlockBegin
  2
*D75
 70
    1
 10
0
 20
0
  3
*D75
  1

  0
LINE
  5
40A
100
AcDbEntity
  8
4 Text
  6
ByBlock
 62
    0
370
   -2
100
AcDbLine
 10
-248.8507296526004
 20
1477.105756725329
 11
-69.05731608718833
 21
1477.105756725329
  0
MTEXT
  5
40B
100
AcDbEntity
  8
4 Text
  6
CONTINUOUS
 62
    0
370
   -2
100
AcDbMText
 10
-158.9540228698944
 20
1481.793256725329
 30
0
 40
6.25
 41
11.11111111111111
 71
    5
 72
    1
  1
180
  7
standard
210
0
220
0
230
1
 50
0
 73
    2
 44
1
  0
SOLID
  5
40C
100
AcDbEntity
  8
4 Text
  6
ByBlock
 62
    0
370
   -2
100
AcDbTrace
 10
-248.8507296526004
 20
1477.105756725329
 30
0
 11
-242.6007296526004
 21
1478.146468369761
 31
0
 12
-242.6007296526004
 22
1476.065045080897
 32
0
 13
-242.6007296526004
 23
1476.065045080897
 33
0
  0
SOLID
  5
40D
100
AcDbEntity
  8
4 Text
  6
ByBlock
 62
    0
370
   -2
100
AcDbTrace
 10
-69.05731608718833
 20
1477.105756725329
 30
0
 11
-75.30731608718833
 21
1476.065045080897
 31
0
 12
-75.30731608718833
 22
1478.146468369761
 32
0
 13
-75.30731608718833
 23
1478.146468369761
 33
0
  0
LINE
  5
40E
100
AcDbEntity
  8
4 Text
  6
ByBlock
 62
    0
370
   -2
100
AcDbLine
 10
-248.8507296526004
 20
1457.634424797108
 11
-248.8507296526004
 21
1480.230756725329
  0
LINE
  5
40F
100
AcDbEntity
  8
4 Text
  6
ByBlock
 62
    0
370
   -2
100
AcDbLine
 10
-69.05731608718833
 20
1451.121873357921
 11
-69.05731608718833
 21
1480.230756725329
  0
ENDBLK
  5
17B
330
179
100
AcDbEntity
  8
0
100
AcDbBlockEnd
  0
BLOCK
  5
17D
330
17C
100
AcDbEntity
  8
0
100
AcDbBlockBegin
  2
*D54
 70
    1
 10
0
 20
0
  3
*D54
  1

  0
LINE
  5
410
100
AcDbEntity
  8
4 Text
  6
ByBlock
 62
    0
370
   -2
100
AcDbLine
 10
-235.7141016483961
 20
1549.770447746882
 11
-207.7291362109895
 21
1549.770447746882
  0
LINE
  5
411
100
AcDbEntity
  8
4 Text
  6
ByBlock
 62
    0
370
   -2
100
AcDbLine
 10
-235.7141016483961
 20
1516.770447746882
 11
-207.7291362109895
 21
1516.770447746882
  0
LINE
  5
412
100
AcDbEntity
  8
4 Text
  6
ByBlock
 62
    0
370
   -2
100
AcDbLine
 10
-210.8541362109895
 20
1549.770447746882
 11
-210.8541362109895
 21
1516.770447746882
  0
MTEXT
  5
413
100
AcDbEntity
  8
4 Text
  6
CONTINUOUS
 62
    0
370
   -2
100
AcDbMText
 10
-215.5416362109895
 20
1533.270447746882
 30
0
 40
6.25
 41
7.638888888889664
 71
    5
 72
    1
  1
33
  7
standard
210
0
220
0
230
1
 50
90
 73
    2
 44
1
  0
SOLID
  5
414
100
AcDbEntity
  8
4 Text
  6
ByBlock
 62
    0
370
   -2
100
AcDbTrace
 10
-210.8541362109895
 20
1549.770447746882
 30
0
 11
-209.8134245665574
 21
1543.520447746882
 31
0
 12
-211.8948478554216
 22
1543.520447746882
 32
0
 13
-211.8948478554216
 23
1543.520447746882
 33
0
  0
SOLID
  5
415
100
AcDbEntity
  8
4 Text
  6
ByBlock
 62
    0
370
   -2
100
AcDbTrace
 10
-210.8541362109895
 20
1516.770447746882
 30
0
 11
-211.8948478554216
 21
1523.020447746882
 31
0
 12
-209.8134245665574
 22
1523.020447746882
 32
0
 13
-209.8134245665574
 23
1523.020447746882
 33
0
  0
ENDBLK
  5
17E
330
17C
100
AcDbEntity
  8
0
100
AcDbBlockEnd
  0
BLOCK
  5
180
330
17F
100
AcDbEntity
  8
0
100
AcDbBlockBegin
  2
*D86
 70
    1
 10
0
 20
0
  3
*D86
  1

  0
LINE
  5
416
100
AcDbEntity
  8
4 Text
  6
ByBlock
 62
    0
370
   -2
100
AcDbLine
 10
475.3415511691355
 20
1590.700000404824
 11
531.6679192323024
 21
1590.700000404824
  0
MTEXT
  5
417
100
AcDbEntity
  8
4 Text
  6
CONTINUOUS
 62
    0
370
   -2
100
AcDbMText
 10
503.504735200719
 20
1595.387500404824
 30
0
 40
6.25
 41
7.638888888889664
 71
    5
 72
    1
  1
56
  7
standard
210
0
220
0
230
1
 50
0
 73
    2
 44
1
  0
SOLID
  5
418
100
AcDbEntity
  8
4 Text
  6
ByBlock
 62
    0
370
   -2
100
AcDbTrace
 10
475.3415511691355
 20
1590.700000404824
 30
0
 11
481.5915511691355
 21
1591.740712049256
 31
0
 12
481.5915511691355
 22
1589.659288760392
 32
0
 13
481.5915511691355
 23
1589.659288760392
 33
0
  0
SOLID
  5
419
100
AcDbEntity
  8
4 Text
  6
ByBlock
 62
    0
370
   -2
100
AcDbTrace
 10
531.6679192323024
 20
1590.700000404824
 30
0
 11
525.4179192323024
 21
1589.659288760392
 31
0
 12
525.4179192323024
 22
1591.740712049256
 32
0
 13
525.4179192323024
 23
1591.740712049256
 33
0
  0
LINE
  5
41A
100
AcDbEntity
  8
4 Text
  6
ByBlock
 62
    0
370
   -2
100
AcDbLine
 10
475.3415511691355
 20
1595.484971561173
 11
475.3415511691355
 21
1587.575000404824
  0
LINE
  5
41B
100
AcDbEntity
  8
4 Text
  6
ByBlock
 62
    0
370
   -2
100
AcDbLine
 10
531.6679192323024
 20
1595.380080745413
 11
531.6679192323024
 21
1587.575000404824
  0
ENDBLK
  5
181
330
17F
100
AcDbEntity
  8
0
100
AcDbBlockEnd
  0
BLOCK
  5
183
330
182
100
AcDbEntity
  8
0
100
AcDbBlockBegin
  2
*D38
 70
    1
 10
0
 20
0
  3
*D38
  1

  0
LINE
  5
41C
100
AcDbEntity
  8
4 Text
  6
ByBlock
 62
    0
370
   -2
100
AcDbLine
 10
-494.1146689017678
 20
1484.018850937299
 11
-463.1317883948808
 21
1484.018850937299
  0
MTEXT
  5
41D
100
AcDbEntity
  8
4 Text
  6
CONTINUOUS
 62
    0
370
   -2
100
AcDbMText
 10
-478.6232286483243
 20
1488.706350937299
 30
0
 40
6.25
 41
2.777777777778165
 71
    5
 72
    1
  1
6
  7
standard
210
0
220
0
230
1
 50
0
 73
    2
 44
1
  0
SOLID
  5
41E
100
AcDbEntity
  8
4 Text
  6
ByBlock
 62
    0
370
   -2
100
AcDbTrace
 10
-481.6146689017678
 20
1484.018850937299
 30
0
 11
-487.8646689017678
 21
1482.978139292867
 31
0
 12
-487.8646689017678
 22
1485.059562581731
 32
0
 13
-487.8646689017678
 23
1485.059562581731
 33
0
  0
SOLID
  5
41F
100
AcDbEntity
  8
4 Text
  6
ByBlock
 62
    0
370
   -2
100
AcDbTrace
 10
-475.6317883948808
 20
1484.018850937299
 30
0
 11
-469.3817883948808
 21
1485.059562581731
 31
0
 12
-469.3817883948808
 22
1482.978139292867
 32
0
 13
-469.3817883948808
 23
1482.978139292867
 33
0
  0
LINE
  5
420
100
AcDbEntity
  8
4 Text
  6
ByBlock
 62
    0
370
   -2
100
AcDbLine
 10
-481.6146689017678
 20
1518.493734225159
 11
-481.6146689017678
 21
1480.893850937299
  0
LINE
  5
421
100
AcDbEntity
  8
4 Text
  6
ByBlock
 62
    0
370
   -2
100
AcDbLine
 10
-475.6317883948808
 20
1518.519461877242
 11
-475.6317883948808
 21
1480.893850937299
  0
ENDBLK
  5
184
330
182
100
AcDbEntity
  8
0
100
AcDbBlockEnd
  0
BLOCK
  5
186
330
185
100
AcDbEntity
  8
0
100
AcDbBlockBegin
  2
*D32
 70
    1
 10
0
 20
0
  3
*D32
  1

  0
LINE
  5
422
100
AcDbEntity
  8
2 BaseLine
  6
ByBlock
 62
    0
370
   -2
100
AcDbLine
 10
318.2450935141298
 20
1469.150150830117
 11
351.2450935141298
 21
1469.150150830117
  0
MTEXT
  5
423
100
AcDbEntity
  8
2 BaseLine
  6
CONTINUOUS
 62
    0
370
   -2
100
AcDbMText
 10
334.7450935141298
 20
1473.837650830117
 30
0
 40
6.25
 41
2.777777777777778
 71
    5
 72
    1
  1
8
  7
standard
210
0
220
0
230
1
 50
0
 73
    2
 44
1
  0
SOLID
  5
424
100
AcDbEntity
  8
2 BaseLine
  6
ByBlock
 62
    0
370
   -2
100
AcDbTrace
 10
330.7450935141298
 20
1469.150150830117
 30
0
 11
324.4950935141298
 21
1468.109439185685
 31
0
 12
324.4950935141298
 22
1470.190862474549
 32
0
 13
324.4950935141298
 23
1470.190862474549
 33
0
  0
SOLID
  5
425
100
AcDbEntity
  8
2 BaseLine
  6
ByBlock
 62
    0
370
   -2
100
AcDbTrace
 10
338.7450935141298
 20
1469.150150830117
 30
0
 11
344.9950935141298
 21
1470.190862474549
 31
0
 12
344.9950935141298
 22
1468.109439185685
 32
0
 13
344.9950935141298
 23
1468.109439185685
 33
0
  0
LINE
  5
426
100
AcDbEntity
  8
2 BaseLine
  6
ByBlock
 62
    0
370
   -2
100
AcDbLine
 10
330.7450935141298
 20
1474.06307388971
 11
330.7450935141298
 21
1466.025150830117
  0
LINE
  5
427
100
AcDbEntity
  8
2 BaseLine
  6
ByBlock
 62
    0
370
   -2
100
AcDbLine
 10
338.7450935141298
 20
1473.908897150196
 11
338.7450935141298
 21
1466.025150830117
  0
ENDBLK
  5
187
330
185
100
AcDbEntity
  8
0
100
AcDbBlockEnd
  0
BLOCK
  5
189
330
188
100
AcDbEntity
  8
0
100
AcDbBlockBegin
  2
*D23
 70
    1
 10
0
 20
0
  3
*D23
  1

  0
LINE
  5
428
100
AcDbEntity
  8
4 Text
  6
ByBlock
 62
    0
370
   -2
100
AcDbLine
 10
-189.6734669593631
 20
1449.617335807492
 11
-189.6734669593631
 21
1344.483223723193
  0
MTEXT
  5
429
100
AcDbEntity
  8
4 Text
  6
CONTINUOUS
 62
    0
370
   -2
100
AcDbMText
 10
-194.3609669593631
 20
1397.050279765343
 30
0
 40
6.25
 41
11.1111111111115
 71
    5
 72
    1
  1
105
  7
standard
210
0
220
0
230
1
 50
90
 73
    2
 44
1
  0
SOLID
  5
42A
100
AcDbEntity
  8
4 Text
  6
ByBlock
 62
    0
370
   -2
100
AcDbTrace
 10
-189.6734669593631
 20
1449.617335807492
 30
0
 11
-188.632755314931
 21
1443.367335807492
 31
0
 12
-190.7141786037952
 22
1443.367335807492
 32
0
 13
-190.7141786037952
 23
1443.367335807492
 33
0
  0
SOLID
  5
42B
100
AcDbEntity
  8
4 Text
  6
ByBlock
 62
    0
370
   -2
100
AcDbTrace
 10
-189.6734669593631
 20
1344.483223723193
 30
0
 11
-190.7141786037952
 21
1350.733223723193
 31
0
 12
-188.632755314931
 22
1350.733223723193
 32
0
 13
-188.632755314931
 23
1350.733223723193
 33
0
  0
LINE
  5
42C
100
AcDbEntity
  8
4 Text
  6
ByBlock
 62
    0
370
   -2
100
AcDbLine
 10
-186.1327625442305
 20
1449.617335807492
 11
-192.7984669593631
 21
1449.617335807492
  0
LINE
  5
42D
100
AcDbEntity
  8
4 Text
  6
ByBlock
 62
    0
370
   -2
100
AcDbLine
 10
-186.1327625442305
 20
1344.483223723193
 11
-192.7984669593631
 21
1344.483223723193
  0
ENDBLK
  5
18A
330
188
100
AcDbEntity
  8
0
100
AcDbBlockEnd
  0
BLOCK
  5
18C
330
18B
100
AcDbEntity
  8
0
100
AcDbBlockBegin
  2
*D21
 70
    1
 10
0
 20
0
  3
*D21
  1

  0
LINE
  5
42E
100
AcDbEntity
  8
4 Text
  6
ByBlock
 62
    0
370
   -2
100
AcDbLine
 10
97.96802191980177
 20
1426.778938579333
 11
97.96802191980177
 21
1391.32594742717
  0
MTEXT
  5
42F
100
AcDbEntity
  8
4 Text
  6
CONTINUOUS
 62
    0
370
   -2
100
AcDbMText
 10
93.28052191980177
 20
1409.052443003251
 30
0
 40
6.25
 41
7.638888888889664
 71
    5
 72
    1
  1
35
  7
standard
210
0
220
0
230
1
 50
90
 73
    2
 44
1
  0
SOLID
  5
430
100
AcDbEntity
  8
4 Text
  6
ByBlock
 62
    0
370
   -2
100
AcDbTrace
 10
97.96802191980177
 20
1426.778938579333
 30
0
 11
99.00873356423388
 21
1420.528938579333
 31
0
 12
96.92731027536966
 22
1420.528938579333
 32
0
 13
96.92731027536966
 23
1420.528938579333
 33
0
  0
SOLID
  5
431
100
AcDbEntity
  8
4 Text
  6
ByBlock
 62
    0
370
   -2
100
AcDbTrace
 10
97.96802191980177
 20
1391.32594742717
 30
0
 11
96.92731027536968
 21
1397.57594742717
 31
0
 12
99.00873356423388
 22
1397.57594742717
 32
0
 13
99.00873356423388
 23
1397.57594742717
 33
0
  0
LINE
  5
432
100
AcDbEntity
  8
4 Text
  6
ByBlock
 62
    0
370
   -2
100
AcDbLine
 10
98.7983853142123
 20
1426.778938579333
 11
94.84302191980177
 21
1426.778938579333
  0
LINE
  5
433
100
AcDbEntity
  8
4 Text
  6
ByBlock
 62
    0
370
   -2
100
AcDbLine
 10
98.7983853142123
 20
1391.32594742717
 11
94.84302191980177
 21
1391.32594742717
  0
ENDBLK
  5
18D
330
18B
100
AcDbEntity
  8
0
100
AcDbBlockEnd
  0
BLOCK
  5
18F
330
18E
100
AcDbEntity
  8
0
100
AcDbBlockBegin
  2
*D81
 70
    1
 10
0
 20
0
  3
*D81
  1

  0
LINE
  5
434
100
AcDbEntity
  8
4 Text
  6
ByBlock
 62
    0
370
   -2
100
AcDbLine
 10
-517.469925602955
 20
1382.934735638472
 11
-515.7488975662807
 21
1391.847202256965
  0
LINE
  5
435
100
AcDbEntity
  8
4 Text
  6
ByBlock
 62
    0
370
   -2
100
AcDbLine
 10
-496.7754671069036
 20
1378.938564342683
 11
-495.0544390702294
 21
1387.851030961176
  0
LINE
  5
436
100
AcDbEntity
  8
4 Text
  6
ByBlock
 62
    0
370
   -2
100
AcDbLine
 10
-516.3414000521361
 20
1388.778885812356
 11
-495.6469415560848
 21
1384.782714516567
  0
MTEXT
  5
437
100
AcDbEntity
  8
4 Text
  6
CONTINUOUS
 62
    0
370
   -2
100
AcDbMText
 10
-505.1054170753274
 20
1391.383274831374
 30
0
 40
6.25
 41
6.25
 71
    5
 72
    1
  1
21
  7
standard
210
0
220
0
230
1
 50
349.07051199782
 73
    2
 44
1
  0
SOLID
  5
438
100
AcDbEntity
  8
4 Text
  6
ByBlock
 62
    0
370
   -2
100
AcDbTrace
 10
-516.3414000521361
 20
1388.778885812356
 30
0
 11
-510.0074474072759
 21
1388.615715289511
 31
0
 12
-510.4020869185621
 22
1386.572046391779
 32
0
 13
-510.4020869185621
 23
1386.572046391779
 33
0
  0
SOLID
  5
439
100
AcDbEntity
  8
4 Text
  6
ByBlock
 62
    0
370
   -2
100
AcDbTrace
 10
-495.6469415560848
 20
1384.782714516567
 30
0
 11
-501.980894200945
 21
1384.945885039412
 31
0
 12
-501.5862546896588
 22
1386.989553937144
 32
0
 13
-501.5862546896588
 23
1386.989553937144
 33
0
  0
ENDBLK
  5
190
330
18E
100
AcDbEntity
  8
0
100
AcDbBlockEnd
  0
BLOCK
  5
192
330
191
100
AcDbEntity
  8
0
100
AcDbBlockBegin
  2
*D121
 70
    1
 10
0
 20
0
  3
*D121
  1

  0
LINE
  5
43A
100
AcDbEntity
  8
4 Text
  6
ByBlock
 62
    0
370
   -2
100
AcDbLine
 10
489.6553159842198
 20
1870.595115247673
 11
489.6553159842198
 21
1706.032923536638
  0
MTEXT
  5
43B
100
AcDbEntity
  8
4 Text
  6
CONTINUOUS
 62
    0
370
   -2
100
AcDbMText
 10
484.9678159842198
 20
1788.314019392155
 30
0
 40
6.25
 41
11.11111111111189
 71
    5
 72
    1
  1
165
  7
standard
210
0
220
0
230
1
 50
90
 73
    2
 44
1
  0
SOLID
  5
43C
100
AcDbEntity
  8
4 Text
  6
ByBlock
 62
    0
370
   -2
100
AcDbTrace
 10
489.6553159842198
 20
1870.595115247673
 30
0
 11
490.6960276286519
 21
1864.345115247673
 31
0
 12
488.6146043397877
 22
1864.345115247673
 32
0
 13
488.6146043397877
 23
1864.345115247673
 33
0
  0
SOLID
  5
43D
100
AcDbEntity
  8
4 Text
  6
ByBlock
 62
    0
370
   -2
100
AcDbTrace
 10
489.6553159842198
 20
1706.032923536638
 30
0
 11
488.6146043397877
 21
1712.282923536638
 31
0
 12
490.6960276286519
 22
1712.282923536638
 32
0
 13
490.6960276286519
 23
1712.282923536638
 33
0
  0
LINE
  5
43E
100
AcDbEntity
  8
4 Text
  6
ByBlock
 62
    0
370
   -2
100
AcDbLine
 10
514.8208326986078
 20
1870.595115247673
 11
486.5303159842198
 21
1870.595115247673
  0
LINE
  5
43F
100
AcDbEntity
  8
4 Text
  6
ByBlock
 62
    0
370
   -2
100
AcDbLine
 10
514.8286478440228
 20
1706.032923536638
 11
486.5303159842198
 21
1706.032923536638
  0
ENDBLK
  5
193
330
191
100
AcDbEntity
  8
0
100
AcDbBlockEnd
  0
BLOCK
  5
195
330
194
100
AcDbEntity
  8
0
100
AcDbBlockBegin
  2
*D43
 70
    1
 10
0
 20
0
  3
*D43
  1

  0
LINE
  5
440
100
AcDbEntity
  8
4 Text
  6
ByBlock
 62
    0
370
   -2
100
AcDbLine
 10
-639.6221708906183
 20
1468.164001191923
 11
-603.6221708906183
 21
1468.164001191923
  0
MTEXT
  5
441
100
AcDbEntity
  8
4 Text
  6
CONTINUOUS
 62
    0
370
   -2
100
AcDbMText
 10
-621.6221708906183
 20
1472.851501191923
 30
0
 40
6.25
 41
7.638888888889664
 71
    5
 72
    1
  1
36
  7
standard
210
0
220
0
230
1
 50
0
 73
    2
 44
1
  0
SOLID
  5
442
100
AcDbEntity
  8
4 Text
  6
ByBlock
 62
    0
370
   -2
100
AcDbTrace
 10
-639.6221708906183
 20
1468.164001191923
 30
0
 11
-633.3721708906183
 21
1469.204712836355
 31
0
 12
-633.3721708906183
 22
1467.123289547491
 32
0
 13
-633.3721708906183
 23
1467.123289547491
 33
0
  0
SOLID
  5
443
100
AcDbEntity
  8
4 Text
  6
ByBlock
 62
    0
370
   -2
100
AcDbTrace
 10
-603.6221708906183
 20
1468.164001191923
 30
0
 11
-609.8721708906183
 21
1467.123289547491
 31
0
 12
-609.8721708906183
 22
1469.204712836355
 32
0
 13
-609.8721708906183
 23
1469.204712836355
 33
0
  0
LINE
  5
444
100
AcDbEntity
  8
4 Text
  6
ByBlock
 62
    0
370
   -2
100
AcDbLine
 10
-639.6221708906183
 20
1478.796414242925
 11
-639.6221708906183
 21
1465.039001191923
  0
LINE
  5
445
100
AcDbEntity
  8
4 Text
  6
ByBlock
 62
    0
370
   -2
100
AcDbLine
 10
-603.6221708906183
 20
1478.796414242925
 11
-603.6221708906183
 21
1465.039001191923
  0
ENDBLK
  5
196
330
194
100
AcDbEntity
  8
0
100
AcDbBlockEnd
  0
BLOCK
  5
198
330
197
100
AcDbEntity
  8
0
100
AcDbBlockBegin
  2
*D92
 70
    1
 10
0
 20
0
  3
*D92
  1

  0
LINE
  5
446
100
AcDbEntity
  8
4 Text
  6
ByBlock
 62
    0
370
   -2
100
AcDbLine
 10
-339.4763417933366
 20
1893.290421156954
 11
-339.4763417933366
 21
1858.256783823442
  0
MTEXT
  5
447
100
AcDbEntity
  8
4 Text
  6
CONTINUOUS
 62
    0
370
   -2
100
AcDbMText
 10
-344.1638417933366
 20
1875.773602490198
 30
0
 40
6.25
 41
6.25
 71
    5
 72
    1
  1
10
  7
standard
210
0
220
0
230
1
 50
90
 73
    2
 44
1
  0
SOLID
  5
448
100
AcDbEntity
  8
4 Text
  6
ByBlock
 62
    0
370
   -2
100
AcDbTrace
 10
-339.4763417933366
 20
1880.790421156954
 30
0
 11
-340.5170534377687
 21
1887.040421156954
 31
0
 12
-338.4356301489045
 22
1887.040421156954
 32
0
 13
-338.4356301489045
 23
1887.040421156954
 33
0
  0
SOLID
  5
449
100
AcDbEntity
  8
4 Text
  6
ByBlock
 62
    0
370
   -2
100
AcDbTrace
 10
-339.4763417933366
 20
1870.756783823442
 30
0
 11
-338.4356301489045
 21
1864.506783823442
 31
0
 12
-340.5170534377687
 22
1864.506783823442
 32
0
 13
-340.5170534377687
 23
1864.506783823442
 33
0
  0
LINE
  5
44A
100
AcDbEntity
  8
4 Text
  6
ByBlock
 62
    0
370
   -2
100
AcDbLine
 10
-325.796183196731
 20
1880.790421156954
 11
-342.6013417933366
 21
1880.790421156954
  0
LINE
  5
44B
100
AcDbEntity
  8
4 Text
  6
ByBlock
 62
    0
370
   -2
100
AcDbLine
 10
-325.8170794691487
 20
1870.756783823442
 11
-342.6013417933366
 21
1870.756783823442
  0
ENDBLK
  5
199
330
197
100
AcDbEntity
  8
0
100
AcDbBlockEnd
  0
BLOCK
  5
19B
330
19A
100
AcDbEntity
  8
0
100
AcDbBlockBegin
  2
*D76
 70
    1
 10
0
 20
0
  3
*D76
  1

  0
LINE
  5
44C
100
AcDbEntity
  8
4 Text
  6
ByBlock
 62
    0
370
   -2
100
AcDbLine
 10
-543.4682467394193
 20
1409.829080517106
 11
-543.4682467394193
 21
1357.334583724105
  0
MTEXT
  5
44D
100
AcDbEntity
  8
4 Text
  6
CONTINUOUS
 62
    0
370
   -2
100
AcDbMText
 10
-548.1557467394193
 20
1383.581832120605
 30
0
 40
6.25
 41
7.638888888889277
 71
    5
 72
    1
  1
52
  7
standard
210
0
220
0
230
1
 50
90
 73
    2
 44
1
  0
SOLID
  5
44E
100
AcDbEntity
  8
4 Text
  6
ByBlock
 62
    0
370
   -2
100
AcDbTrace
 10
-543.4682467394193
 20
1409.829080517106
 30
0
 11
-542.4275350949872
 21
1403.579080517106
 31
0
 12
-544.5089583838514
 22
1403.579080517106
 32
0
 13
-544.5089583838514
 23
1403.579080517106
 33
0
  0
SOLID
  5
44F
100
AcDbEntity
  8
4 Text
  6
ByBlock
 62
    0
370
   -2
100
AcDbTrace
 10
-543.4682467394193
 20
1357.334583724105
 30
0
 11
-544.5089583838514
 21
1363.584583724105
 31
0
 12
-542.4275350949872
 22
1363.584583724105
 32
0
 13
-542.4275350949872
 23
1363.584583724105
 33
0
  0
LINE
  5
450
100
AcDbEntity
  8
4 Text
  6
ByBlock
 62
    0
370
   -2
100
AcDbLine
 10
-554.0757856520903
 20
1409.829080517106
 11
-540.3432467394193
 21
1409.829080517106
  0
LINE
  5
451
100
AcDbEntity
  8
4 Text
  6
ByBlock
 62
    0
370
   -2
100
AcDbLine
 10
-554.0757856520903
 20
1357.334583724105
 11
-540.3432467394193
 21
1357.334583724105
  0
ENDBLK
  5
19C
330
19A
100
AcDbEntity
  8
0
100
AcDbBlockEnd
  0
BLOCK
  5
19E
330
19D
100
AcDbEntity
  8
0
100
AcDbBlockBegin
  2
*D19
 70
    1
 10
0
 20
0
  3
*D19
  1

  0
LINE
  5
452
100
AcDbEntity
  8
4 Text
  6
ByBlock
 62
    0
370
   -2
100
AcDbLine
 10
412.5168681966051
 20
1551.817642766765
 11
412.5168681966051
 21
1404.628996462868
  0
MTEXT
  5
453
100
AcDbEntity
  8
4 Text
  6
CONTINUOUS
 62
    0
370
   -2
100
AcDbMText
 10
407.8293681966051
 20
1478.223319614816
 30
0
 40
6.25
 41
11.80555555555556
 71
    5
 72
    1
  1
147
  7
standard
210
0
220
0
230
1
 50
90
 73
    2
 44
1
  0
SOLID
  5
454
100
AcDbEntity
  8
4 Text
  6
ByBlock
 62
    0
370
   -2
100
AcDbTrace
 10
412.5168681966051
 20
1551.817642766765
 30
0
 11
413.5575798410372
 21
1545.567642766765
 31
0
 12
411.476156552173
 22
1545.567642766765
 32
0
 13
411.476156552173
 23
1545.567642766765
 33
0
  0
SOLID
  5
455
100
AcDbEntity
  8
4 Text
  6
ByBlock
 62
    0
370
   -2
100
AcDbTrace
 10
412.5168681966051
 20
1404.628996462868
 30
0
 11
411.476156552173
 21
1410.878996462868
 31
0
 12
413.5575798410372
 22
1410.878996462868
 32
0
 13
413.5575798410372
 23
1410.878996462868
 33
0
  0
LINE
  5
456
100
AcDbEntity
  8
4 Text
  6
ByBlock
 62
    0
370
   -2
100
AcDbLine
 10
340.3075935141298
 20
1551.817642766765
 11
415.6418681966051
 21
1551.817642766765
  0
LINE
  5
457
100
AcDbEntity
  8
4 Text
  6
ByBlock
 62
    0
370
   -2
100
AcDbLine
 10
340.3110460732796
 20
1404.628996462868
 11
415.6418681966051
 21
1404.628996462868
  0
ENDBLK
  5
19F
330
19D
100
AcDbEntity
  8
0
100
AcDbBlockEnd
  0
BLOCK
  5
1A1
330
1A0
100
AcDbEntity
  8
0
100
AcDbBlockBegin
  2
*D72
 70
    1
 10
0
 20
0
  3
*D72
  1

  0
LINE
  5
458
100
AcDbEntity
  8
4 Text
  6
ByBlock
 62
    0
370
   -2
100
AcDbLine
 10
-469.4609109741263
 20
1436.877239550037
 11
-469.4609109741263
 21
1409.836819414382
  0
MTEXT
  5
459
100
AcDbEntity
  8
4 Text
  6
CONTINUOUS
 62
    0
370
   -2
100
AcDbMText
 10
-474.1484109741263
 20
1427.328628438926
 30
0
 40
6.25
 41
2.777777777777778
 71
    5
 72
    1
  1
2
  7
standard
210
0
220
0
230
1
 50
90
 73
    2
 44
1
  0
SOLID
  5
45A
100
AcDbEntity
  8
4 Text
  6
ByBlock
 62
    0
370
   -2
100
AcDbTrace
 10
-469.4609109741263
 20
1424.377239550037
 30
0
 11
-470.5016226185584
 21
1430.627239550037
 31
0
 12
-468.4201993296942
 22
1430.627239550037
 32
0
 13
-468.4201993296942
 23
1430.627239550037
 33
0
  0
SOLID
  5
45B
100
AcDbEntity
  8
4 Text
  6
ByBlock
 62
    0
370
   -2
100
AcDbTrace
 10
-469.4609109741263
 20
1422.336819414382
 30
0
 11
-468.4201993296942
 21
1416.086819414382
 31
0
 12
-470.5016226185584
 22
1416.086819414382
 32
0
 13
-470.5016226185584
 23
1416.086819414382
 33
0
  0
LINE
  5
45C
100
AcDbEntity
  8
4 Text
  6
ByBlock
 62
    0
370
   -2
100
AcDbLine
 10
-434.5684248117174
 20
1424.377239550037
 11
-472.5859109741263
 21
1424.377239550037
  0
LINE
  5
45D
100
AcDbEntity
  8
4 Text
  6
ByBlock
 62
    0
370
   -2
100
AcDbLine
 10
-434.5374280793515
 20
1422.336819414382
 11
-472.5859109741263
 21
1422.336819414382
  0
ENDBLK
  5
1A2
330
1A0
100
AcDbEntity
  8
0
100
AcDbBlockEnd
  0
BLOCK
  5
1A4
330
1A3
100
AcDbEntity
  8
0
100
AcDbBlockBegin
  2
*D83
 70
    1
 10
0
 20
0
  3
*D83
  1

  0
LINE
  5
45E
100
AcDbEntity
  8
4 Text
  6
CONTINUOUS
 62
    7
370
    0
100
AcDbLine
 10
-309.7984455015431
 20
1626.896226649617
 11
-313.809592681818
 21
1623.449147041568
  0
SOLID
  5
45F
100
AcDbEntity
  8
4 Text
  6
CONTINUOUS
 62
    7
370
    0
100
AcDbTrace
 10
-309.7984455015431
 20
1626.896226649617
 30
0
 11
-313.8602660317168
 21
1622.033388516642
 31
0
 12
-315.2168685101036
 22
1623.611980491492
 32
0
 13
-315.2168685101036
 23
1623.611980491492
 33
0
  0
ENDBLK
  5
1A5
330
1A3
100
AcDbEntity
  8
0
100
AcDbBlockEnd
  0
BLOCK
  5
1A7
330
1A6
100
AcDbEntity
  8
0
100
AcDbBlockBegin
  2
*D84
 70
    1
 10
0
 20
0
  3
*D84
  1

  0
LINE
  5
460
100
AcDbEntity
  8
4 Text
  6
ByBlock
 62
    0
370
   -2
100
AcDbLine
 10
478.6980572734583
 20
1609.608471380607
 11
528.5211947594998
 21
1609.608471380607
  0
MTEXT
  5
461
100
AcDbEntity
  8
4 Text
  6
CONTINUOUS
 62
    0
370
   -2
100
AcDbMText
 10
503.6096260164791
 20
1614.295971380607
 30
0
 40
6.25
 41
7.638888888889277
 71
    5
 72
    1
  1
50
  7
standard
210
0
220
0
230
1
 50
0
 73
    2
 44
1
  0
SOLID
  5
462
100
AcDbEntity
  8
4 Text
  6
ByBlock
 62
    0
370
   -2
100
AcDbTrace
 10
478.6980572734583
 20
1609.608471380607
 30
0
 11
484.9480572734583
 21
1610.649183025039
 31
0
 12
484.9480572734583
 22
1608.567759736175
 32
0
 13
484.9480572734583
 23
1608.567759736175
 33
0
  0
SOLID
  5
463
100
AcDbEntity
  8
4 Text
  6
ByBlock
 62
    0
370
   -2
100
AcDbTrace
 10
528.5211947594998
 20
1609.608471380607
 30
0
 11
522.2711947594998
 21
1608.567759736175
 31
0
 12
522.2711947594998
 22
1610.649183025039
 32
0
 13
522.2711947594998
 23
1610.649183025039
 33
0
  0
LINE
  5
464
100
AcDbEntity
  8
4 Text
  6
ByBlock
 62
    0
370
   -2
100
AcDbLine
 10
478.6980572734583
 20
1603.749621533417
 11
478.6980572734583
 21
1612.733471380607
  0
LINE
  5
465
100
AcDbEntity
  8
4 Text
  6
ByBlock
 62
    0
370
   -2
100
AcDbLine
 10
528.5211947594998
 20
1603.749621533417
 11
528.5211947594998
 21
1612.733471380607
  0
ENDBLK
  5
1A8
330
1A6
100
AcDbEntity
  8
0
100
AcDbBlockEnd
  0
BLOCK
  5
1AA
330
1A9
100
AcDbEntity
  8
0
100
AcDbBlockBegin
  2
*D18
 70
    1
 10
0
 20
0
  3
*D18
  1

  0
ARC
  5
466
100
AcDbEntity
  8
4 Text
  6
ByBlock
 62
    0
370
   -2
100
AcDbCircle
 10
-435.7663168032677
 20
1880.790421156954
 40
548.4426482994256
100
AcDbArc
 50
174
 51
180
  0
SOLID
  5
467
100
AcDbEntity
  8
4 Text
  6
ByBlock
 62
    0
370
   -2
100
AcDbTrace
 10
-981.2045388908077
 20
1938.118288374135
 30
0
 11
-980.7868007005285
 21
1931.796020147364
 31
0
 12
-982.8580278168223
 22
1932.001789776211
 32
0
 13
-982.8580278168223
 23
1932.001789776211
 33
0
  0
SOLID
  5
468
100
AcDbEntity
  8
4 Text
  6
ByBlock
 62
    0
370
   -2
100
AcDbTrace
 10
-984.2089651026934
 20
1880.790421156954
 30
0
 11
-985.2140478443439
 21
1887.046249592045
 31
0
 12
-983.1326583438188
 22
1887.034389805791
 32
0
 13
-983.1326583438188
 23
1887.034389805791
 33
0
  0
MTEXT
  5
469
100
AcDbEntity
  8
4 Text
  6
CONTINUOUS
 62
    0
370
   -2
100
AcDbMText
 10
-985.0177021621435
 20
1909.575466531746
 30
0
 40
6.25
 41
6.944444444444832
 71
    8
 72
    1
  1
6%%D
  7
standard
210
0
220
0
230
1
 50
447
 73
    2
 44
1
  0
ENDBLK
  5
1AB
330
1A9
100
AcDbEntity
  8
0
100
AcDbBlockEnd
  0
BLOCK
  5
1AD
330
1AC
100
AcDbEntity
  8
0
100
AcDbBlockBegin
  2
*D66
 70
    1
 10
0
 20
0
  3
*D66
  1

  0
LINE
  5
46A
100
AcDbEntity
  8
4 Text
  6
ByBlock
 62
    0
370
   -2
100
AcDbLine
 10
-385.994327619629
 20
1416.375431056479
 11
-402.2348530647317
 21
1415.239782887815
  0
LINE
  5
46B
100
AcDbEntity
  8
4 Text
  6
ByBlock
 62
    0
370
   -2
100
AcDbLine
 10
-384.0411463547935
 20
1388.443637649204
 11
-400.2816717998962
 21
1387.30798948054
  0
LINE
  5
46C
100
AcDbEntity
  8
4 Text
  6
ByBlock
 62
    0
370
   -2
100
AcDbLine
 10
-399.1174654076698
 20
1415.457771868266
 11
-397.1642841428343
 21
1387.525978460991
  0
MTEXT
  5
46D
100
AcDbEntity
  8
4 Text
  6
CONTINUOUS
 62
    0
370
   -2
100
AcDbMText
 10
-393.4647932896591
 20
1401.818858635304
 30
0
 40
6.25
 41
7.638888888888888
 71
    5
 72
    1
  1
28
  7
standard
210
0
220
0
230
1
 50
274
 73
    2
 44
1
  0
SOLID
  5
46E
100
AcDbEntity
  8
4 Text
  6
ByBlock
 62
    0
370
   -2
100
AcDbTrace
 10
-399.1174654076698
 20
1415.457771868266
 30
0
 11
-397.6433109235967
 21
1409.295592928642
 31
0
 12
-399.7196639699412
 22
1409.150400179642
 32
0
 13
-399.7196639699412
 23
1409.150400179642
 33
0
  0
SOLID
  5
46F
100
AcDbEntity
  8
4 Text
  6
ByBlock
 62
    0
370
   -2
100
AcDbTrace
 10
-397.1642841428343
 20
1387.525978460991
 30
0
 11
-398.6384386269073
 21
1393.688157400615
 31
0
 12
-396.5620855805628
 22
1393.833350149615
 32
0
 13
-396.5620855805628
 23
1393.833350149615
 33
0
  0
ENDBLK
  5
1AE
330
1AC
100
AcDbEntity
  8
0
100
AcDbBlockEnd
  0
BLOCK
  5
1B0
330
1AF
100
AcDbEntity
  8
0
100
AcDbBlockBegin
  2
*D96
 70
    1
 10
0
 20
0
  3
*D96
  1

  0
LINE
  5
470
100
AcDbEntity
  8
4 Text
  6
ByBlock
 62
    0
370
   -2
100
AcDbLine
 10
-337.5
 20
1435.754457591781
 11
-308.5
 21
1435.754457591781
  0
MTEXT
  5
471
100
AcDbEntity
  8
4 Text
  6
CONTINUOUS
 62
    0
370
   -2
100
AcDbMText
 10
-323
 20
1440.441957591781
 30
0
 40
6.25
 41
3.472222222222222
 71
    5
 72
    1
  1
4
  7
standard
210
0
220
0
230
1
 50
0
 73
    2
 44
1
  0
SOLID
  5
472
100
AcDbEntity
  8
4 Text
  6
ByBlock
 62
    0
370
   -2
100
AcDbTrace
 10
-325
 20
1435.754457591781
 30
0
 11
-331.25
 21
1434.713745947349
 31
0
 12
-331.25
 22
1436.795169236213
 32
0
 13
-331.25
 23
1436.795169236213
 33
0
  0
SOLID
  5
473
100
AcDbEntity
  8
4 Text
  6
ByBlock
 62
    0
370
   -2
100
AcDbTrace
 10
-321
 20
1435.754457591781
 30
0
 11
-314.75
 21
1436.795169236213
 31
0
 12
-314.75
 22
1434.713745947349
 32
0
 13
-314.75
 23
1434.713745947349
 33
0
  0
LINE
  5
474
100
AcDbEntity
  8
4 Text
  6
ByBlock
 62
    0
370
   -2
100
AcDbLine
 10
-325
 20
1425.5625
 11
-325
 21
1438.879457591781
  0
LINE
  5
475
100
AcDbEntity
  8
4 Text
  6
ByBlock
 62
    0
370
   -2
100
AcDbLine
 10
-321
 20
1425.5625
 11
-321
 21
1438.879457591781
  0
ENDBLK
  5
1B1
330
1AF
100
AcDbEntity
  8
0
100
AcDbBlockEnd
  0
BLOCK
  5
1B3
330
1B2
100
AcDbEntity
  8
0
100
AcDbBlockBegin
  2
*D97
 70
    1
 10
0
 20
0
  3
*D97
  1

  0
LINE
  5
476
100
AcDbEntity
  8
4 Text
  6
ByBlock
 62
    0
370
   -2
100
AcDbLine
 10
590.0388528197715
 20
1880.686469742588
 11
590.0388528197715
 21
1700.692644110156
  0
MTEXT
  5
477
100
AcDbEntity
  8
4 Text
  6
CONTINUOUS
 62
    0
370
   -2
100
AcDbMText
 10
585.3513528197715
 20
1790.689556926372
 30
0
 40
6.25
 41
11.11111111111111
 71
    5
 72
    1
  1
180
  7
standard
210
0
220
0
230
1
 50
90
 73
    2
 44
1
  0
SOLID
  5
478
100
AcDbEntity
  8
4 Text
  6
ByBlock
 62
    0
370
   -2
100
AcDbTrace
 10
590.0388528197715
 20
1880.686469742588
 30
0
 11
591.0795644642036
 21
1874.436469742588
 31
0
 12
588.9981411753394
 22
1874.436469742588
 32
0
 13
588.9981411753394
 23
1874.436469742588
 33
0
  0
SOLID
  5
479
100
AcDbEntity
  8
4 Text
  6
ByBlock
 62
    0
370
   -2
100
AcDbTrace
 10
590.0388528197715
 20
1700.692644110156
 30
0
 11
588.9981411753394
 21
1706.942644110156
 31
0
 12
591.0795644642036
 22
1706.942644110156
 32
0
 13
591.0795644642036
 23
1706.942644110156
 33
0
  0
LINE
  5
47A
100
AcDbEntity
  8
4 Text
  6
ByBlock
 62
    0
370
   -2
100
AcDbLine
 10
645.6753595589913
 20
1880.686469742588
 11
586.9138528197715
 21
1880.686469742588
  0
LINE
  5
47B
100
AcDbEntity
  8
4 Text
  6
ByBlock
 62
    0
370
   -2
100
AcDbLine
 10
641.8956139485439
 20
1700.692644110156
 11
586.9138528197715
 21
1700.692644110156
  0
ENDBLK
  5
1B4
330
1B2
100
AcDbEntity
  8
0
100
AcDbBlockEnd
  0
BLOCK
  5
1B6
330
1B5
100
AcDbEntity
  8
0
100
AcDbBlockBegin
  2
*D25
 70
    1
 10
0
 20
0
  3
*D25
  1

  0
LINE
  5
47C
100
AcDbEntity
  8
4 Text
  6
ByBlock
 62
    0
370
   -2
100
AcDbLine
 10
-387.0395227687159
 20
1426.693282185723
 11
-387.8125848751573
 21
1437.748585365662
  0
LINE
  5
47D
100
AcDbEntity
  8
4 Text
  6
ByBlock
 62
    0
370
   -2
100
AcDbLine
 10
-385.0443946681962
 20
1426.832795133211
 11
-385.8174567746375
 21
1437.88809831315
  0
LINE
  5
47E
100
AcDbEntity
  8
4 Text
  6
ByBlock
 62
    0
370
   -2
100
AcDbLine
 10
-400.064146522955
 20
1433.759241786799
 11
-373.1299171659395
 21
1435.642666577889
  0
MTEXT
  5
47F
100
AcDbEntity
  8
4 Text
  6
CONTINUOUS
 62
    0
370
   -2
100
AcDbMText
 10
-382.9822518109708
 20
1439.652670623217
 30
0
 40
6.25
 41
2.777777777777778
 71
    5
 72
    1
  1
2
  7
standard
210
0
220
0
230
1
 50
3.999999999996393
 73
    2
 44
1
  0
SOLID
  5
480
100
AcDbEntity
  8
4 Text
  6
ByBlock
 62
    0
370
   -2
100
AcDbTrace
 10
-387.5945958947071
 20
1434.6311977086
 30
0
 11
-393.7567748343311
 21
1433.157043224527
 31
0
 12
-393.901967583331
 22
1435.233396270872
 32
0
 13
-393.901967583331
 23
1435.233396270872
 33
0
  0
SOLID
  5
481
100
AcDbEntity
  8
4 Text
  6
ByBlock
 62
    0
370
   -2
100
AcDbTrace
 10
-385.5994677941874
 20
1434.770710656088
 30
0
 11
-379.4372888545634
 21
1436.244865140161
 31
0
 12
-379.2920961055635
 22
1434.168512093816
 32
0
 13
-379.2920961055635
 23
1434.168512093816
 33
0
  0
ENDBLK
  5
1B7
330
1B5
100
AcDbEntity
  8
0
100
AcDbBlockEnd
  0
BLOCK
  5
1B9
330
1B8
100
AcDbEntity
  8
0
100
AcDbBlockBegin
  2
*D42
 70
    1
 10
0
 20
0
  3
*D42
  1

  0
LINE
  5
482
100
AcDbEntity
  8
4 Text
  6
ByBlock
 62
    0
370
   -2
100
AcDbLine
 10
-509.6221708906183
 20
1650.319775128145
 11
-466.6221708906183
 21
1650.319775128145
  0
MTEXT
  5
483
100
AcDbEntity
  8
4 Text
  6
CONTINUOUS
 62
    0
370
   -2
100
AcDbMText
 10
-488.1221708906183
 20
1655.007275128145
 30
0
 40
6.25
 41
8.333333333333719
 71
    5
 72
    1
  1
43
  7
standard
210
0
220
0
230
1
 50
0
 73
    2
 44
1
  0
SOLID
  5
484
100
AcDbEntity
  8
4 Text
  6
ByBlock
 62
    0
370
   -2
100
AcDbTrace
 10
-509.6221708906183
 20
1650.319775128145
 30
0
 11
-503.3721708906183
 21
1651.360486772577
 31
0
 12
-503.3721708906183
 22
1649.279063483713
 32
0
 13
-503.3721708906183
 23
1649.279063483713
 33
0
  0
SOLID
  5
485
100
AcDbEntity
  8
4 Text
  6
ByBlock
 62
    0
370
   -2
100
AcDbTrace
 10
-466.6221708906183
 20
1650.319775128145
 30
0
 11
-472.8721708906183
 21
1649.279063483713
 31
0
 12
-472.8721708906183
 22
1651.360486772577
 32
0
 13
-472.8721708906183
 23
1651.360486772577
 33
0
  0
LINE
  5
486
100
AcDbEntity
  8
4 Text
  6
ByBlock
 62
    0
370
   -2
100
AcDbLine
 10
-509.6221708906183
 20
1644.921414242925
 11
-509.6221708906183
 21
1653.444775128145
  0
LINE
  5
487
100
AcDbEntity
  8
4 Text
  6
ByBlock
 62
    0
370
   -2
100
AcDbLine
 10
-466.6221708906183
 20
1644.921414242925
 11
-466.6221708906183
 21
1653.444775128145
  0
ENDBLK
  5
1BA
330
1B8
100
AcDbEntity
  8
0
100
AcDbBlockEnd
  0
BLOCK
  5
1BC
330
1BB
100
AcDbEntity
  8
0
100
AcDbBlockBegin
  2
*D22
 70
    1
 10
0
 20
0
  3
*D22
  1

  0
LINE
  5
488
100
AcDbEntity
  8
4 Text
  6
ByBlock
 62
    0
370
   -2
100
AcDbLine
 10
-119.9495033419525
 20
1449.617335807492
 11
-119.9495033419525
 21
1359.773980056711
  0
MTEXT
  5
489
100
AcDbEntity
  8
4 Text
  6
CONTINUOUS
 62
    0
370
   -2
100
AcDbMText
 10
-124.6370033419525
 20
1404.695657932102
 30
0
 40
6.25
 41
7.638888888889277
 71
    5
 72
    1
  1
90
  7
standard
210
0
220
0
230
1
 50
90
 73
    2
 44
1
  0
SOLID
  5
48A
100
AcDbEntity
  8
4 Text
  6
ByBlock
 62
    0
370
   -2
100
AcDbTrace
 10
-119.9495033419525
 20
1449.617335807492
 30
0
 11
-118.9087916975204
 21
1443.367335807492
 31
0
 12
-120.9902149863846
 22
1443.367335807492
 32
0
 13
-120.9902149863846
 23
1443.367335807492
 33
0
  0
SOLID
  5
48B
100
AcDbEntity
  8
4 Text
  6
ByBlock
 62
    0
370
   -2
100
AcDbTrace
 10
-119.9495033419525
 20
1359.773980056711
 30
0
 11
-120.9902149863846
 21
1366.023980056711
 31
0
 12
-118.9087916975204
 22
1366.023980056711
 32
0
 13
-118.9087916975204
 23
1366.023980056711
 33
0
  0
LINE
  5
48C
100
AcDbEntity
  8
4 Text
  6
ByBlock
 62
    0
370
   -2
100
AcDbLine
 10
-113.4948612245754
 20
1449.617335807492
 11
-123.0745033419525
 21
1449.617335807492
  0
LINE
  5
48D
100
AcDbEntity
  8
4 Text
  6
ByBlock
 62
    0
370
   -2
100
AcDbLine
 10
-113.4948612245754
 20
1359.773980056711
 11
-123.0745033419525
 21
1359.773980056711
  0
ENDBLK
  5
1BD
330
1BB
100
AcDbEntity
  8
0
100
AcDbBlockEnd
  0
BLOCK
  5
1BF
330
1BE
100
AcDbEntity
  8
0
100
AcDbBlockBegin
  2
*D113
 70
    1
 10
0
 20
0
  3
*D113
  1

  0
LINE
  5
48E
100
AcDbEntity
  8
4 Text
  6
ByBlock
 62
    0
370
   -2
100
AcDbLine
 10
307.766316803269
 20
1910.339855006214
 11
429.6527817105062
 21
1910.339855006214
  0
MTEXT
  5
48F
100
AcDbEntity
  8
4 Text
  6
CONTINUOUS
 62
    0
370
   -2
100
AcDbMText
 10
368.7095492568876
 20
1915.027355006214
 30
0
 40
6.25
 41
11.11111111111111
 71
    5
 72
    1
  1
122
  7
standard
210
0
220
0
230
1
 50
0
 73
    2
 44
1
  0
SOLID
  5
490
100
AcDbEntity
  8
4 Text
  6
ByBlock
 62
    0
370
   -2
100
AcDbTrace
 10
307.766316803269
 20
1910.339855006214
 30
0
 11
314.016316803269
 21
1911.380566650646
 31
0
 12
314.016316803269
 22
1909.299143361782
 32
0
 13
314.016316803269
 23
1909.299143361782
 33
0
  0
SOLID
  5
491
100
AcDbEntity
  8
4 Text
  6
ByBlock
 62
    0
370
   -2
100
AcDbTrace
 10
429.6527817105062
 20
1910.339855006214
 30
0
 11
423.4027817105062
 21
1909.299143361782
 31
0
 12
423.4027817105062
 22
1911.380566650646
 32
0
 13
423.4027817105062
 23
1911.380566650646
 33
0
  0
LINE
  5
492
100
AcDbEntity
  8
4 Text
  6
ByBlock
 62
    0
370
   -2
100
AcDbLine
 10
307.766316803269
 20
1882.352921156954
 11
307.766316803269
 21
1913.464855006214
  0
LINE
  5
493
100
AcDbEntity
  8
4 Text
  6
ByBlock
 62
    0
370
   -2
100
AcDbLine
 10
429.6527817105062
 20
1872.330432841547
 11
429.6527817105062
 21
1913.464855006214
  0
ENDBLK
  5
1C0
330
1BE
100
AcDbEntity
  8
0
100
AcDbBlockEnd
  0
BLOCK
  5
1C2
330
1C1
100
AcDbEntity
  8
0
100
AcDbBlockBegin
  2
*D101
 70
    1
 10
0
 20
0
  3
*D101
  1

  0
LINE
  5
494
100
AcDbEntity
  8
4 Text
  6
ByBlock
 62
    0
370
   -2
100
AcDbLine
 10
643.4144819060357
 20
1848.512489038921
 11
643.0458230777476
 21
1852.849858438051
  0
LINE
  5
495
100
AcDbEntity
  8
4 Text
  6
ByBlock
 62
    0
370
   -2
100
AcDbLine
 10
644.9092399872169
 20
1848.639537420572
 11
644.5405811589288
 21
1852.976906819702
  0
LINE
  5
496
100
AcDbEntity
  8
4 Text
  6
ByBlock
 62
    0
370
   -2
100
AcDbLine
 10
630.8553899183241
 20
1848.677453330007
 11
657.2603304680878
 21
1850.9217663106
  0
MTEXT
  5
497
100
AcDbEntity
  8
4 Text
  6
CONTINUOUS
 62
    0
370
   -2
100
AcDbMText
 10
647.3490375518137
 20
1854.783748072475
 30
0
 40
6.25
 41
2.777777777777778
 71
    5
 72
    1
  1
2
  7
standard
210
0
220
0
230
1
 50
4.858232479280313
 73
    2
 44
1
  0
SOLID
  5
498
100
AcDbEntity
  8
4 Text
  6
ByBlock
 62
    0
370
   -2
100
AcDbTrace
 10
643.3104811526154
 20
1849.736085629478
 30
0
 11
637.1710740123683
 21
1848.169796801343
 31
0
 12
636.9947970585713
 22
1850.243742158142
 32
0
 13
636.9947970585713
 23
1850.243742158142
 33
0
  0
SOLID
  5
499
100
AcDbEntity
  8
4 Text
  6
ByBlock
 62
    0
370
   -2
100
AcDbTrace
 10
644.8052392337966
 20
1849.863134011129
 30
0
 11
650.9446463740436
 21
1851.429422839264
 31
0
 12
651.1209233278406
 22
1849.355477482465
 32
0
 13
651.1209233278406
 23
1849.355477482465
 33
0
  0
ENDBLK
  5
1C3
330
1C1
100
AcDbEntity
  8
0
100
AcDbBlockEnd
  0
BLOCK
  5
1C5
330
1C4
100
AcDbEntity
  8
0
100
AcDbBlockBegin
  2
*D90
 70
    1
 10
0
 20
0
  3
*D90
  1

  0
LINE
  5
49A
100
AcDbEntity
  8
4 Text
  6
ByBlock
 62
    0
370
   -2
100
AcDbLine
 10
-189.7147267920917
 20
1560.16068016112
 11
-189.7147267920917
 21
1507.752620560737
  0
MTEXT
  5
49B
100
AcDbEntity
  8
4 Text
  6
CONTINUOUS
 62
    0
370
   -2
100
AcDbMText
 10
-194.4022267920917
 20
1533.956650360929
 30
0
 40
6.25
 41
7.638888888889277
 71
    5
 72
    1
  1
52
  7
standard
210
0
220
0
230
1
 50
90
 73
    2
 44
1
  0
SOLID
  5
49C
100
AcDbEntity
  8
4 Text
  6
ByBlock
 62
    0
370
   -2
100
AcDbTrace
 10
-189.7147267920917
 20
1560.16068016112
 30
0
 11
-188.6740151476596
 21
1553.91068016112
 31
0
 12
-190.7554384365238
 22
1553.91068016112
 32
0
 13
-190.7554384365238
 23
1553.91068016112
 33
0
  0
SOLID
  5
49D
100
AcDbEntity
  8
4 Text
  6
ByBlock
 62
    0
370
   -2
100
AcDbTrace
 10
-189.7147267920917
 20
1507.752620560737
 30
0
 11
-190.7554384365238
 21
1514.002620560737
 31
0
 12
-188.6740151476596
 22
1514.002620560737
 32
0
 13
-188.6740151476596
 23
1514.002620560737
 33
0
  0
LINE
  5
49E
100
AcDbEntity
  8
4 Text
  6
ByBlock
 62
    0
370
   -2
100
AcDbLine
 10
-189.7314814802094
 20
1560.16068016112
 11
-192.8397267920917
 21
1560.16068016112
  0
LINE
  5
49F
100
AcDbEntity
  8
4 Text
  6
ByBlock
 62
    0
370
   -2
100
AcDbLine
 10
-188.8329339791113
 20
1507.752620560737
 11
-192.8397267920917
 21
1507.752620560737
  0
ENDBLK
  5
1C6
330
1C4
100
AcDbEntity
  8
0
100
AcDbBlockEnd
  0
BLOCK
  5
1C8
330
1C7
100
AcDbEntity
  8
0
100
AcDbBlockBegin
  2
*D85
 70
    1
 10
0
 20
0
  3
*D85
  1

  0
LINE
  5
4A0
100
AcDbEntity
  8
4 Text
  6
ByBlock
 62
    0
370
   -2
100
AcDbLine
 10
443.1400707307886
 20
1575.971296697372
 11
564.2889629336897
 21
1575.971296697372
  0
MTEXT
  5
4A1
100
AcDbEntity
  8
4 Text
  6
CONTINUOUS
 62
    0
370
   -2
100
AcDbMText
 10
503.7145168322392
 20
1580.658796697372
 30
0
 40
6.25
 41
9.722222222222221
 71
    5
 72
    1
  1
121
  7
standard
210
0
220
0
230
1
 50
0
 73
    2
 44
1
  0
SOLID
  5
4A2
100
AcDbEntity
  8
4 Text
  6
ByBlock
 62
    0
370
   -2
100
AcDbTrace
 10
443.1400707307886
 20
1575.971296697372
 30
0
 11
449.3900707307886
 21
1577.012008341804
 31
0
 12
449.3900707307886
 22
1574.93058505294
 32
0
 13
449.3900707307886
 23
1574.93058505294
 33
0
  0
SOLID
  5
4A3
100
AcDbEntity
  8
4 Text
  6
ByBlock
 62
    0
370
   -2
100
AcDbTrace
 10
564.2889629336897
 20
1575.971296697372
 30
0
 11
558.0389629336897
 21
1574.93058505294
 31
0
 12
558.0389629336897
 22
1577.012008341804
 32
0
 13
558.0389629336897
 23
1577.012008341804
 33
0
  0
LINE
  5
4A4
100
AcDbEntity
  8
4 Text
  6
ByBlock
 62
    0
370
   -2
100
AcDbLine
 10
443.1400707307886
 20
1568.611198253788
 11
443.1400707307886
 21
1579.096296697372
  0
LINE
  5
4A5
100
AcDbEntity
  8
4 Text
  6
ByBlock
 62
    0
370
   -2
100
AcDbLine
 10
564.2889629336897
 20
1568.191634990748
 11
564.2889629336897
 21
1579.096296697372
  0
ENDBLK
  5
1C9
330
1C7
100
AcDbEntity
  8
0
100
AcDbBlockEnd
  0
BLOCK
  5
1CB
330
1CA
100
AcDbEntity
  8
0
100
AcDbBlockBegin
  2
*D106
 70
    1
 10
0
 20
0
  3
*D106
  1

  0
LINE
  5
4A6
100
AcDbEntity
  8
4 Text
  6
ByBlock
 62
    0
370
   -2
100
AcDbLine
 10
445.9149582190485
 20
1499.774167992486
 11
445.9149582190485
 21
1319.93718334841
  0
MTEXT
  5
4A7
100
AcDbEntity
  8
4 Text
  6
CONTINUOUS
 62
    0
370
   -2
100
AcDbMText
 10
441.2274582190485
 20
1409.855675670448
 30
0
 40
6.25
 41
11.11111111111111
 71
    5
 72
    1
  1
180
  7
standard
210
0
220
0
230
1
 50
90
 73
    2
 44
1
  0
SOLID
  5
4A8
100
AcDbEntity
  8
4 Text
  6
ByBlock
 62
    0
370
   -2
100
AcDbTrace
 10
445.9149582190485
 20
1499.774167992486
 30
0
 11
446.9556698634806
 21
1493.524167992486
 31
0
 12
444.8742465746164
 22
1493.524167992486
 32
0
 13
444.8742465746164
 23
1493.524167992486
 33
0
  0
SOLID
  5
4A9
100
AcDbEntity
  8
4 Text
  6
ByBlock
 62
    0
370
   -2
100
AcDbTrace
 10
445.9149582190485
 20
1319.93718334841
 30
0
 11
444.8742465746164
 21
1326.18718334841
 31
0
 12
446.9556698634806
 22
1326.18718334841
 32
0
 13
446.9556698634806
 23
1326.18718334841
 33
0
  0
LINE
  5
4AA
100
AcDbEntity
  8
4 Text
  6
ByBlock
 62
    0
370
   -2
100
AcDbLine
 10
465.7155546747687
 20
1499.774167992486
 11
442.7899582190485
 21
1499.774167992486
  0
LINE
  5
4AB
100
AcDbEntity
  8
4 Text
  6
ByBlock
 62
    0
370
   -2
100
AcDbLine
 10
465.7155546747687
 20
1319.93718334841
 11
442.7899582190485
 21
1319.93718334841
  0
ENDBLK
  5
1CC
330
1CA
100
AcDbEntity
  8
0
100
AcDbBlockEnd
  0
BLOCK
  5
1CE
330
1CD
100
AcDbEntity
  8
0
100
AcDbBlockBegin
  2
*D110
 70
    1
 10
0
 20
0
  3
*D110
  1

  0
LINE
  5
4AC
100
AcDbEntity
  8
4 Text
  6
ByBlock
 62
    0
370
   -2
100
AcDbLine
 10
-394.5350429316708
 20
1482.792568114156
 11
-351.0008866733397
 21
1482.792568114156
  0
MTEXT
  5
4AD
100
AcDbEntity
  8
4 Text
  6
CONTINUOUS
 62
    0
370
   -2
100
AcDbMText
 10
-372.7679648025053
 20
1487.480068114156
 30
0
 40
6.25
 41
9.027777777777777
 71
    5
 72
    1
  1
44
  7
standard
210
0
220
0
230
1
 50
0
 73
    2
 44
1
  0
SOLID
  5
4AE
100
AcDbEntity
  8
4 Text
  6
ByBlock
 62
    0
370
   -2
100
AcDbTrace
 10
-394.5350429316708
 20
1482.792568114156
 30
0
 11
-388.2850429316708
 21
1483.833279758588
 31
0
 12
-388.2850429316708
 22
1481.751856469724
 32
0
 13
-388.2850429316708
 23
1481.751856469724
 33
0
  0
SOLID
  5
4AF
100
AcDbEntity
  8
4 Text
  6
ByBlock
 62
    0
370
   -2
100
AcDbTrace
 10
-351.0008866733397
 20
1482.792568114156
 30
0
 11
-357.2508866733397
 21
1481.751856469724
 31
0
 12
-357.2508866733397
 22
1483.833279758588
 32
0
 13
-357.2508866733397
 23
1483.833279758588
 33
0
  0
LINE
  5
4B0
100
AcDbEntity
  8
4 Text
  6
ByBlock
 62
    0
370
   -2
100
AcDbLine
 10
-394.5350429316708
 20
1461.597203877421
 11
-394.5350429316708
 21
1485.917568114156
  0
LINE
  5
4B1
100
AcDbEntity
  8
4 Text
  6
ByBlock
 62
    0
370
   -2
100
AcDbLine
 10
-351.0008866733397
 20
1461.597203877421
 11
-351.0008866733397
 21
1485.917568114156
  0
ENDBLK
  5
1CF
330
1CD
100
AcDbEntity
  8
0
100
AcDbBlockEnd
  0
ENDSEC
  0
SECTION
  2
ENTITIES
  0
HATCH
  5
4B2
100
AcDbEntity
  8
7 Rib
  6
ByLayer
 62
  256
370
   -1
100
AcDbHatch
 10
0
 20
0
 30
0
210
0
220
0
230
1
  2
kerpele
 70
    0
 71
    0
 91
    1
 92
    0
 93
    4
 72
    1
 10
-507.766316803269
 20
1700.790421156954
 11
-505.766316803269
 21
1700.790421156954
 72
    1
 10
-505.766316803269
 20
1700.790421156954
 11
-505.766316803269
 21
1880.790421156954
 72
    1
 10
-505.766316803269
 20
1880.790421156954
 11
-507.766316803269
 21
1880.790421156954
 72
    1
 10
-507.766316803269
 20
1880.790421156954
 11
-507.766316803269
 21
1700.790421156954
 97
    0
 75
    0
 76
    1
 52
4.71238898038469
 41
0.1
 77
    0
 78
    0
 98
    0
  0
HATCH
  5
4B3
100
AcDbEntity
  8
7 Rib
  6
ByLayer
 62
  256
370
   -1
100
AcDbHatch
 10
0
 20
0
 30
0
210
0
220
0
230
1
  2
kerpele
 70
    0
 71
    0
 91
    1
 92
    0
 93
    4
 72
    1
 10
-575.766316803269
 20
1880.790421156954
 11
-577.766316803269
 21
1880.790421156954
 72
    1
 10
-577.766316803269
 20
1880.790421156954
 11
-577.766316803269
 21
1700.790421156954
 72
    1
 10
-577.766316803269
 20
1700.790421156954
 11
-575.766316803269
 21
1700.790421156954
 72
    1
 10
-575.766316803269
 20
1700.790421156954
 11
-575.766316803269
 21
1880.790421156954
 97
    0
 75
    0
 76
    1
 52
4.71238898038469
 41
0.1
 77
    0
 78
    0
 98
    0
  0
HATCH
  5
4B4
100
AcDbEntity
  8
7 Rib
  6
ByLayer
 62
  256
370
   -1
100
AcDbHatch
 10
0
 20
0
 30
0
210
0
220
0
230
1
  2
kerpele
 70
    0
 71
    0
 91
    1
 92
    0
 93
    4
 72
    1
 10
-645.766316803269
 20
1880.790421156954
 11
-647.766316803269
 21
1880.790421156954
 72
    1
 10
-647.766316803269
 20
1880.790421156954
 11
-647.766316803269
 21
1700.790421156954
 72
    1
 10
-647.766316803269
 20
1700.790421156954
 11
-645.766316803269
 21
1700.790421156954
 72
    1
 10
-645.766316803269
 20
1700.790421156954
 11
-645.766316803269
 21
1880.790421156954
 97
    0
 75
    0
 76
    1
 52
4.71238898038469
 41
0.1
 77
    0
 78
    0
 98
    0
  0
HATCH
  5
4B5
100
AcDbEntity
  8
7 Rib
  6
ByLayer
 62
  256
370
   -1
100
AcDbHatch
 10
0
 20
0
 30
0
210
0
220
0
230
1
  2
kerpele
 70
    0
 71
    0
 91
    1
 92
    0
 93
    4
 72
    1
 10
-715.7663168032691
 20
1880.790421156954
 11
-717.7663168032691
 21
1880.790421156954
 72
    1
 10
-717.7663168032691
 20
1880.790421156954
 11
-717.7663168032691
 21
1700.790421156954
 72
    1
 10
-717.7663168032691
 20
1700.790421156954
 11
-715.7663168032691
 21
1700.790421156954
 72
    1
 10
-715.7663168032691
 20
1700.790421156954
 11
-715.7663168032691
 21
1880.790421156954
 97
    0
 75
    0
 76
    1
 52
4.71238898038469
 41
0.1
 77
    0
 78
    0
 98
    0
  0
HATCH
  5
4B6
100
AcDbEntity
  8
7 Rib
  6
ByLayer
 62
  256
370
   -1
100
AcDbHatch
 10
0
 20
0
 30
0
210
0
220
0
230
1
  2
kerpele
 70
    0
 71
    0
 91
    1
 92
    0
 93
    4
 72
    1
 10
-785.7663168032691
 20
1880.790421156954
 11
-787.7663168032691
 21
1880.790421156954
 72
    1
 10
-787.7663168032691
 20
1880.790421156954
 11
-787.7663168032691
 21
1700.790421156954
 72
    1
 10
-787.7663168032691
 20
1700.790421156954
 11
-785.7663168032691
 21
1700.790421156954
 72
    1
 10
-785.7663168032691
 20
1700.790421156954
 11
-785.7663168032691
 21
1880.790421156954
 97
    0
 75
    0
 76
    1
 52
4.71238898038469
 41
0.1
 77
    0
 78
    0
 98
    0
  0
HATCH
  5
4B7
100
AcDbEntity
  8
7 Rib
  6
ByLayer
 62
  256
370
   -1
100
AcDbHatch
 10
0
 20
0
 30
0
210
0
220
0
230
1
  2
kerpele
 70
    0
 71
    0
 91
    1
 92
    0
 93
    4
 72
    1
 10
-855.7663168032691
 20
1880.790421156954
 11
-857.7663168032691
 21
1880.790421156954
 72
    1
 10
-857.7663168032691
 20
1880.790421156954
 11
-857.7663168032691
 21
1700.790421156954
 72
    1
 10
-857.7663168032691
 20
1700.790421156954
 11
-855.7663168032691
 21
1700.790421156954
 72
    1
 10
-855.7663168032691
 20
1700.790421156954
 11
-855.7663168032691
 21
1880.790421156954
 97
    0
 75
    0
 76
    1
 52
4.71238898038469
 41
0.1
 77
    0
 78
    0
 98
    0
  0
HATCH
  5
4B8
100
AcDbEntity
  8
7 Rib
  6
ByLayer
 62
  256
370
   -1
100
AcDbHatch
 10
0
 20
0
 30
0
210
0
220
0
230
1
  2
kerpele
 70
    0
 71
    0
 91
    1
 92
    0
 93
    4
 72
    1
 10
-925.766316803269
 20
1880.790421156954
 11
-927.766316803269
 21
1880.790421156954
 72
    1
 10
-927.766316803269
 20
1880.790421156954
 11
-927.766316803269
 21
1700.790421156954
 72
    1
 10
-927.766316803269
 20
1700.790421156954
 11
-925.766316803269
 21
1700.790421156954
 72
    1
 10
-925.766316803269
 20
1700.790421156954
 11
-925.766316803269
 21
1880.790421156954
 97
    0
 75
    0
 76
    1
 52
4.71238898038469
 41
0.1
 77
    0
 78
    0
 98
    0
  0
HATCH
  5
4B9
100
AcDbEntity
  8
7 Rib
  6
ByLayer
 62
  256
370
   -1
100
AcDbHatch
 10
0
 20
0
 30
0
210
0
220
0
230
1
  2
kerpele
 70
    0
 71
    0
 91
    1
 92
    0
 93
    4
 72
    1
 10
-995.766316803269
 20
1880.790421156954
 11
-997.766316803269
 21
1880.790421156954
 72
    1
 10
-997.766316803269
 20
1880.790421156954
 11
-997.766316803269
 21
1700.790421156954
 72
    1
 10
-997.766316803269
 20
1700.790421156954
 11
-995.766316803269
 21
1700.790421156954
 72
    1
 10
-995.766316803269
 20
1700.790421156954
 11
-995.766316803269
 21
1880.790421156954
 97
    0
 75
    0
 76
    1
 52
4.71238898038469
 41
0.1
 77
    0
 78
    0
 98
    0
  0
HATCH
  5
4BA
100
AcDbEntity
  8
6 Spar
  6
ByLayer
 62
  256
370
   -1
100
AcDbHatch
 10
0
 20
0
 30
0
210
0
220
0
230
1
  2
kerpele
 70
    0
 71
    0
 91
    1
 92
    0
 93
    4
 72
    1
 10
-435.766316803269
 20
1880.790421156954
 11
-1135.766316803269
 21
1880.790421156954
 72
    1
 10
-1135.766316803269
 20
1880.790421156954
 11
-1135.766316803269
 21
1819.790421156954
 72
    1
 10
-1135.766316803269
 20
1819.790421156954
 11
-435.766316803269
 21
1819.790421156954
 72
    1
 10
-435.766316803269
 20
1819.790421156954
 11
-435.766316803269
 21
1880.790421156954
 97
    0
 75
    0
 76
    1
 52
4.71238898038469
 41
0.2
 77
    0
 78
    0
 98
    0
  0
HATCH
  5
4BB
100
AcDbEntity
  8
6 Spar
  6
ByLayer
 62
  256
370
   -1
100
AcDbHatch
 10
0
 20
0
 30
0
210
0
220
0
230
1
  2
kerpele
 70
    0
 71
    0
 91
    1
 92
    0
 93
    4
 72
    1
 10
-1135.696872158416
 20
1824.868909006857
 11
-1135.696872158416
 21
1819.868909006857
 72
    1
 10
-1135.696872158416
 20
1819.868909006857
 11
-435.6968721584162
 21
1819.868909006857
 72
    1
 10
-435.6968721584162
 20
1819.868909006857
 11
-435.6968721584162
 21
1824.868909006857
 72
    1
 10
-435.6968721584162
 20
1824.868909006857
 11
-1135.696872158416
 21
1824.868909006857
 97
    0
 75
    0
 76
    1
 52
3.141592653589793
 41
0.5
 77
    0
 78
    0
 98
    0
  0
HATCH
  5
4BC
100
AcDbEntity
  8
6 Spar
  6
ByLayer
 62
  256
370
   -1
100
AcDbHatch
 10
0
 20
0
 30
0
210
0
220
0
230
1
  2
kerpele
 70
    0
 71
    0
 91
    1
 92
    0
 93
    4
 72
    1
 10
-1135.766316803269
 20
1730.790421156954
 11
-435.766316803269
 21
1730.790421156954
 72
    1
 10
-435.766316803269
 20
1730.790421156954
 11
-435.766316803269
 21
1700.790421156954
 72
    1
 10
-435.766316803269
 20
1700.790421156954
 11
-1135.766316803269
 21
1700.790421156954
 72
    1
 10
-1135.766316803269
 20
1700.790421156954
 11
-1135.766316803269
 21
1730.790421156954
 97
    0
 75
    0
 76
    1
 52
3.141592653589793
 41
0.4
 77
    0
 78
    0
 98
    0
  0
HATCH
  5
4BD
100
AcDbEntity
  8
6 Spar
  6
ByLayer
 62
  256
370
   -1
100
AcDbHatch
 10
0
 20
0
 30
0
210
0
220
0
230
1
  2
gost_sand
 70
    0
 71
    0
 91
    1
 92
    0
 93
    4
 72
    1
 10
-1167.015883140789
 20
1870.781250984464
 11
-435.766316803269
 21
1870.781250984464
 72
    1
 10
-435.766316803269
 20
1870.781250984464
 11
-435.766316803269
 21
1880.790421156954
 72
    1
 10
-435.766316803269
 20
1880.790421156954
 11
-1167.015883140789
 21
1880.790421156954
 72
    1
 10
-1167.015883140789
 20
1880.790421156954
 11
-1167.015883140789
 21
1870.781250984464
 97
    0
 75
    0
 76
    1
 52
4.71238898038469
 41
1
 77
    0
 78
    0
 98
    0
  0
HATCH
  5
4BE
100
AcDbEntity
  8
5 Aerofoil
  6
ByLayer
 62
  256
370
   -1
100
AcDbHatch
 10
0
 20
0
 30
0
210
0
220
0
230
1
  2
gost_sand
 70
    0
 71
    0
 91
    1
 92
    0
 93
    4
 72
    1
 10
-1189.848774007042
 20
1700.4564346259
 11
-1067.841638827088
 21
1700.4564346259
 72
    1
 10
-1067.841638827088
 20
1700.4564346259
 11
-1067.841638827088
 21
1870.767932841547
 72
    1
 10
-1067.841638827088
 20
1870.767932841547
 11
-1189.652781710506
 21
1870.767932841547
 72
    1
 10
-1189.652781710506
 20
1870.767932841547
 11
-1189.848774007042
 21
1700.4564346259
 97
    0
 75
    0
 76
    1
 52
4.71238898038469
 41
0.5
 77
    0
 78
    0
 98
    0
  0
HATCH
  5
4BF
100
AcDbEntity
  8
7 Rib
  6
ByLayer
 62
  256
370
   -1
100
AcDbHatch
 10
0
 20
0
 30
0
210
0
220
0
230
1
  2
sacncr
 70
    0
 71
    0
 91
    1
 92
    0
 93
    4
 72
    1
 10
-439.7911213925959
 20
1700.759231271207
 11
-435.7911213925959
 21
1700.759231271207
 72
    1
 10
-435.7911213925959
 20
1700.759231271207
 11
-435.7911213925959
 21
1880.759231271207
 72
    1
 10
-435.7911213925959
 20
1880.759231271207
 11
-439.7911213925959
 21
1880.759231271207
 72
    1
 10
-439.7911213925959
 20
1880.759231271207
 11
-439.7911213925959
 21
1700.759231271207
 97
    0
 75
    0
 76
    1
 52
4.71238898038469
 41
0.2
 77
    0
 78
    0
 98
    0
  0
HATCH
  5
4C0
100
AcDbEntity
  8
7 Rib
  6
ByLayer
 62
  256
370
   -1
100
AcDbHatch
 10
0
 20
0
 30
0
210
0
220
0
230
1
  2
sacncr
 70
    0
 71
    0
 91
    1
 92
    0
 93
    4
 72
    1
 10
-1137.535454505847
 20
1880.759231271207
 11
-1137.535454505847
 21
1700.759231271207
 72
    1
 10
-1137.535454505847
 20
1700.759231271207
 11
-1133.535454505847
 21
1700.759231271207
 72
    1
 10
-1133.535454505847
 20
1700.759231271207
 11
-1133.535454505847
 21
1880.759231271207
 72
    1
 10
-1133.535454505847
 20
1880.759231271207
 11
-1137.535454505847
 21
1880.759231271207
 97
    0
 75
    0
 76
    1
 52
4.71238898038469
 41
0.2
 77
    0
 78
    0
 98
    0
  0
HATCH
  5
4C1
100
AcDbEntity
  8
7 Rib
  6
ByLayer
 62
  256
370
   -1
100
AcDbHatch
 10
0
 20
0
 30
0
210
0
220
0
230
1
  2
sacncr
 70
    0
 71
    0
 91
    1
 92
    0
 93
    4
 72
    1
 10
-1139.949990458248
 20
1818.556804082872
 11
-439.949990458248
 21
1818.556804082872
 72
    1
 10
-439.949990458248
 20
1818.556804082872
 11
-439.949990458248
 21
1819.556804082872
 72
    1
 10
-439.949990458248
 20
1819.556804082872
 11
-1139.949990458248
 21
1819.556804082872
 72
    1
 10
-1139.949990458248
 20
1819.556804082872
 11
-1139.949990458248
 21
1818.556804082872
 97
    0
 75
    0
 76
    1
 52
4.71238898038469
 41
0.2
 77
    0
 78
    0
 98
    0
  0
HATCH
  5
4C2
100
AcDbEntity
  8
7 Rib
  6
ByLayer
 62
  256
370
   -1
100
AcDbHatch
 10
0
 20
0
 30
0
210
0
220
0
230
1
  2
sacncr
 70
    0
 71
    0
 91
    1
 92
    0
 93
    4
 72
    1
 10
-925.4257173416134
 20
1826.104617774231
 11
-440.0760771330468
 21
1826.104617774231
 72
    1
 10
-440.0760771330468
 20
1826.104617774231
 11
-440.0760771330468
 21
1825.104617774231
 72
    1
 10
-440.0760771330468
 20
1825.104617774231
 11
-925.4257173416134
 21
1825.104617774231
 72
    1
 10
-925.4257173416134
 20
1825.104617774231
 11
-925.4257173416134
 21
1826.104617774231
 97
    0
 75
    0
 76
    1
 52
4.71238898038469
 41
0.2
 77
    0
 78
    0
 98
    0
  0
HATCH
  5
4C3
100
AcDbEntity
  8
7 Rib
  6
ByLayer
 62
  256
370
   -1
100
AcDbHatch
 10
0
 20
0
 30
0
210
0
220
0
230
1
  2
sacncr
 70
    0
 71
    0
 91
    1
 92
    0
 93
    4
 72
    1
 10
-319.9239228669532
 20
1825.104617774231
 11
165.4257173416134
 21
1825.104617774231
 72
    1
 10
165.4257173416134
 20
1825.104617774231
 11
165.4257173416134
 21
1826.104617774231
 72
    1
 10
165.4257173416134
 20
1826.104617774231
 11
-319.9239228669532
 21
1826.104617774231
 72
    1
 10
-319.9239228669532
 20
1826.104617774231
 11
-319.9239228669532
 21
1825.104617774231
 97
    0
 75
    0
 76
    1
 52
1.570796326794897
 41
0.2
 77
    0
 78
    0
 98
    0
  0
HATCH
  5
4C4
100
AcDbEntity
  8
7 Rib
  6
ByLayer
 62
  256
370
   -1
100
AcDbHatch
 10
0
 20
0
 30
0
210
0
220
0
230
1
  2
sacncr
 70
    0
 71
    0
 91
    1
 92
    0
 93
    4
 72
    1
 10
-320.050009541752
 20
1819.556804082872
 11
379.949990458248
 21
1819.556804082872
 72
    1
 10
379.949990458248
 20
1819.556804082872
 11
379.949990458248
 21
1818.556804082872
 72
    1
 10
379.949990458248
 20
1818.556804082872
 11
-320.050009541752
 21
1818.556804082872
 72
    1
 10
-320.050009541752
 20
1818.556804082872
 11
-320.050009541752
 21
1819.556804082872
 97
    0
 75
    0
 76
    1
 52
1.570796326794897
 41
0.2
 77
    0
 78
    0
 98
    0
  0
HATCH
  5
4C5
100
AcDbEntity
  8
7 Rib
  6
ByLayer
 62
  256
370
   -1
100
AcDbHatch
 10
0
 20
0
 30
0
210
0
220
0
230
1
  2
sacncr
 70
    0
 71
    0
 91
    1
 92
    0
 93
    4
 72
    1
 10
373.5354545058472
 20
1700.759231271207
 11
373.5354545058472
 21
1880.759231271207
 72
    1
 10
373.5354545058472
 20
1880.759231271207
 11
377.5354545058472
 21
1880.759231271207
 72
    1
 10
377.5354545058472
 20
1880.759231271207
 11
377.5354545058472
 21
1700.759231271207
 72
    1
 10
377.5354545058472
 20
1700.759231271207
 11
373.5354545058472
 21
1700.759231271207
 97
    0
 75
    0
 76
    1
 52
1.570796326794897
 41
0.2
 77
    0
 78
    0
 98
    0
  0
HATCH
  5
4C6
100
AcDbEntity
  8
4 Text
  6
ByLayer
 62
  256
370
   -1
100
AcDbHatch
 10
0
 20
0
 30
0
210
0
220
0
230
1
  2
sacncr
 70
    0
 71
    0
 91
    1
 92
    0
 93
    4
 72
    1
 10
309.5913627536011
 20
1700.759231271207
 11
305.5913627536011
 21
1700.759231271207
 72
    1
 10
305.5913627536011
 20
1700.759231271207
 11
305.5913627536011
 21
1880.759231271207
 72
    1
 10
305.5913627536011
 20
1880.759231271207
 11
309.5913627536011
 21
1880.759231271207
 72
    1
 10
309.5913627536011
 20
1880.759231271207
 11
309.5913627536011
 21
1700.759231271207
 97
    0
 75
    0
 76
    1
 52
1.570796326794897
 41
0.2
 77
    0
 78
    0
 98
    0
  0
HATCH
  5
4C7
100
AcDbEntity
  8
7 Rib
  6
ByLayer
 62
  256
370
   -1
100
AcDbHatch
 10
0
 20
0
 30
0
210
0
220
0
230
1
  2
sacncr
 70
    0
 71
    0
 91
    1
 92
    0
 93
    4
 72
    1
 10
-324.2088786074041
 20
1880.759231271207
 11
-320.2088786074041
 21
1880.759231271207
 72
    1
 10
-320.2088786074041
 20
1880.759231271207
 11
-320.2088786074041
 21
1700.759231271207
 72
    1
 10
-320.2088786074041
 20
1700.759231271207
 11
-324.2088786074041
 21
1700.759231271207
 72
    1
 10
-324.2088786074041
 20
1700.759231271207
 11
-324.2088786074041
 21
1880.759231271207
 97
    0
 75
    0
 76
    1
 52
1.570796326794897
 41
0.2
 77
    0
 78
    0
 98
    0
  0
HATCH
  5
4C8
100
AcDbEntity
  8
5 Aerofoil
  6
ByLayer
 62
  256
370
   -1
100
AcDbHatch
 10
0
 20
0
 30
0
210
0
220
0
230
1
  2
gost_sand
 70
    0
 71
    0
 91
    1
 92
    0
 93
    4
 72
    1
 10
307.8416388270884
 20
1870.767932841547
 11
429.6527817105062
 21
1870.767932841547
 72
    1
 10
429.6527817105062
 20
1870.767932841547
 11
429.8487740070422
 21
1700.4564346259
 72
    1
 10
429.8487740070422
 20
1700.4564346259
 11
307.8416388270884
 21
1700.4564346259
 72
    1
 10
307.8416388270884
 20
1700.4564346259
 11
307.8416388270884
 21
1870.767932841547
 97
    0
 75
    0
 76
    1
 52
1.570796326794897
 41
0.5
 77
    0
 78
    0
 98
    0
  0
HATCH
  5
4C9
100
AcDbEntity
  8
6 Spar
  6
ByLayer
 62
  256
370
   -1
100
AcDbHatch
 10
0
 20
0
 30
0
210
0
220
0
230
1
  2
gost_sand
 70
    0
 71
    0
 91
    1
 92
    0
 93
    4
 72
    1
 10
-324.233683196731
 20
1880.790421156954
 11
407.0158831407892
 21
1880.790421156954
 72
    1
 10
407.0158831407892
 20
1880.790421156954
 11
407.0158831407892
 21
1870.781250984464
 72
    1
 10
407.0158831407892
 20
1870.781250984464
 11
-324.233683196731
 21
1870.781250984464
 72
    1
 10
-324.233683196731
 20
1870.781250984464
 11
-324.233683196731
 21
1880.790421156954
 97
    0
 75
    0
 76
    1
 52
1.570796326794897
 41
1
 77
    0
 78
    0
 98
    0
  0
HATCH
  5
4CA
100
AcDbEntity
  8
5 Aerofoil
  6
ByLayer
 62
  256
370
   -1
100
AcDbHatch
 10
0
 20
0
 30
0
210
0
220
0
230
1
  2
kerpele
 70
    0
 71
    0
 91
    1
 92
    0
 93
    4
 72
    1
 10
300.4468215903232
 20
1974.067103065257
 11
430.3205820015032
 21
1974.067103065257
 72
    1
 10
430.3205820015032
 20
1974.067103065257
 11
430.3205820015032
 21
1973.071239340374
 72
    1
 10
430.3205820015032
 20
1973.071239340374
 11
300.4468215903232
 21
1973.071239340374
 72
    1
 10
300.4468215903232
 20
1973.071239340374
 11
300.4468215903232
 21
1974.067103065257
 97
    0
 75
    0
 76
    1
 52
1.570796326794897
 41
0.2
 77
    0
 78
    0
 98
    0
  0
IMAGE
  5
4CD
100
AcDbEntity
  8
1 JPG
  6
ByLayer
 62
  256
370
   -1
100
AcDbRasterImage
 10
400
 20
2200
 30
0
 11
1
 21
0
 31
0
 12
6.123031769111886e-17
 22
1
 32
0
 13
360
 23
146
340
4CB
 70
    1
280
    0
281
   50
282
   50
283
    0
360
4CC
  0
HATCH
  5
4CE
100
AcDbEntity
  8
6 Spar
  6
ByLayer
 62
  256
370
   -1
100
AcDbHatch
 10
0
 20
0
 30
0
210
0
220
0
230
1
  2
kerpele
 70
    0
 71
    0
 91
    1
 92
    0
 93
    4
 72
    1
 10
-324.233683196731
 20
1700.790421156954
 11
375.766316803269
 21
1700.790421156954
 72
    1
 10
375.766316803269
 20
1700.790421156954
 11
375.766316803269
 21
1730.790421156954
 72
    1
 10
375.766316803269
 20
1730.790421156954
 11
-324.233683196731
 21
1730.790421156954
 72
    1
 10
-324.233683196731
 20
1730.790421156954
 11
-324.233683196731
 21
1700.790421156954
 97
    0
 75
    0
 76
    1
 52
0
 41
0.4
 77
    0
 78
    0
 98
    0
  0
HATCH
  5
4CF
100
AcDbEntity
  8
6 Spar
  6
ByLayer
 62
  256
370
   -1
100
AcDbHatch
 10
0
 20
0
 30
0
210
0
220
0
230
1
  2
kerpele
 70
    0
 71
    0
 91
    1
 92
    0
 93
    4
 72
    1
 10
-384.9171360750154
 20
1423.940972801335
 11
-380.9289415147484
 21
1424.248062608161
 72
    1
 10
-380.9289415147484
 20
1424.248062608161
 11
-379.3934924806199
 21
1404.307089806826
 72
    1
 10
-379.3934924806199
 20
1404.307089806826
 11
-383.381687040887
 21
1404
 72
    1
 10
-383.381687040887
 20
1404
 11
-384.9171360750154
 21
1423.940972801335
 97
    0
 75
    0
 76
    1
 52
1.647644395490684
 41
0.1
 77
    0
 78
    0
 98
    0
  0
HATCH
  5
4D0
100
AcDbEntity
  8
9 Mecha
  6
ByLayer
 62
  256
370
   -1
100
AcDbHatch
 10
0
 20
0
 30
0
210
0
220
0
230
1
  2
kerpele
 70
    0
 71
    0
 91
    1
 92
    0
 93
    4
 72
    1
 10
-191.2322823441065
 20
1416.972079111694
 11
-241.2322823441065
 21
1416.972079111694
 72
    1
 10
-241.2322823441065
 20
1416.972079111694
 11
-241.2322823441065
 21
1408.972079111694
 72
    1
 10
-241.2322823441065
 20
1408.972079111694
 11
-191.2322823441065
 21
1408.972079111694
 72
    1
 10
-191.2322823441065
 20
1408.972079111694
 11
-191.2322823441065
 21
1416.972079111694
 97
    0
 75
    0
 76
    1
 52
0
 41
0.2
 77
    0
 78
    0
 98
    0
  0
HATCH
  5
4D1
100
AcDbEntity
  8
9 Mecha
  6
ByLayer
 62
  256
370
   -1
100
AcDbHatch
 10
0
 20
0
 30
0
210
0
220
0
230
1
  2
kerpele
 70
    0
 71
    0
 91
    1
 92
    0
 93
    4
 72
    1
 10
-317.2766016483961
 20
1380.642502078527
 11
-237.2766016483961
 21
1380.642502078527
 72
    1
 10
-237.2766016483961
 20
1380.642502078527
 11
-237.2766016483961
 21
1403.642502078527
 72
    1
 10
-237.2766016483961
 20
1403.642502078527
 11
-317.2766016483961
 21
1403.642502078527
 72
    1
 10
-317.2766016483961
 20
1403.642502078527
 11
-317.2766016483961
 21
1380.642502078527
 97
    0
 75
    0
 76
    1
 52
1.570796326794897
 41
0.3
 77
    0
 78
    0
 98
    0
  0
HATCH
  5
4D2
100
AcDbEntity
  8
7 Rib
  6
ByLayer
 62
  256
370
   -1
100
AcDbHatch
 10
0
 20
0
 30
0
210
0
220
0
230
1
  2
kerpele
 70
    0
 71
    0
 91
    1
 92
    0
 93
    4
 72
    1
 10
-601.6720770423036
 20
1372.546725396771
 11
-580.6720770423036
 21
1372.546725396771
 72
    1
 10
-580.6720770423036
 20
1372.546725396771
 11
-580.6720770423036
 21
1375.546725396771
 72
    1
 10
-580.6720770423036
 20
1375.546725396771
 11
-601.6720770423036
 21
1375.546725396771
 72
    1
 10
-601.6720770423036
 20
1375.546725396771
 11
-601.6720770423036
 21
1372.546725396771
 97
    0
 75
    0
 76
    1
 52
1.570796326794897
 41
0.1
 77
    0
 78
    0
 98
    0
  0
HATCH
  5
4D3
100
AcDbEntity
  8
7 Rib
  6
ByLayer
 62
  256
370
   -1
100
AcDbHatch
 10
0
 20
0
 30
0
210
0
220
0
230
1
  2
kerpele
 70
    0
 71
    0
 91
    1
 92
    0
 93
    4
 72
    1
 10
-580.6720770423036
 20
1393.866604171638
 11
-601.6720770423036
 21
1393.866604171638
 72
    1
 10
-601.6720770423036
 20
1393.866604171638
 11
-601.6720770423036
 21
1390.866604171638
 72
    1
 10
-601.6720770423036
 20
1390.866604171638
 11
-580.6720770423036
 21
1390.866604171638
 72
    1
 10
-580.6720770423036
 20
1390.866604171638
 11
-580.6720770423036
 21
1393.866604171638
 97
    0
 75
    0
 76
    1
 52
1.570796326794897
 41
0.1
 77
    0
 78
    0
 98
    0
  0
HATCH
  5
4D4
100
AcDbEntity
  8
6 Spar
  6
ByLayer
 62
  256
370
   -1
100
AcDbHatch
 10
0
 20
0
 30
0
210
0
220
0
230
1
  2
kerpele
 70
    0
 71
    0
 91
    1
 92
    0
 93
    4
 72
    1
 10
654.337699467777
 20
1870.783971978271
 11
644.337699467777
 21
1870.783971978271
 72
    1
 10
644.337699467777
 20
1870.783971978271
 11
644.337699467777
 21
1880.783971978271
 72
    1
 10
644.337699467777
 20
1880.783971978271
 11
654.337699467777
 21
1880.783971978271
 72
    1
 10
654.337699467777
 20
1880.783971978271
 11
654.337699467777
 21
1870.783971978271
 97
    0
 75
    0
 76
    1
 52
0
 41
0.1
 77
    0
 78
    0
 98
    0
  0
HATCH
  5
4D5
100
AcDbEntity
  8
6 Spar
  6
ByLayer
 62
  256
370
   -1
100
AcDbHatch
 10
0
 20
0
 30
0
210
0
220
0
230
1
  2
kerpele
 70
    0
 71
    0
 91
    1
 92
    0
 93
    4
 72
    1
 10
-324.3031278415838
 20
1819.868909006857
 11
-324.3031278415838
 21
1824.868909006857
 72
    1
 10
-324.3031278415838
 20
1824.868909006857
 11
375.6968721584162
 21
1824.868909006857
 72
    1
 10
375.6968721584162
 20
1824.868909006857
 11
375.6968721584162
 21
1819.868909006857
 72
    1
 10
375.6968721584162
 20
1819.868909006857
 11
-324.3031278415838
 21
1819.868909006857
 97
    0
 75
    0
 76
    1
 52
0
 41
0.5
 77
    0
 78
    0
 98
    0
  0
HATCH
  5
4D6
100
AcDbEntity
  8
6 Spar
  6
ByLayer
 62
  256
370
   -1
100
AcDbHatch
 10
0
 20
0
 30
0
210
0
220
0
230
1
  2
kerpele
 70
    0
 71
    0
 91
    1
 92
    0
 93
    4
 72
    1
 10
666.3544287709814
 20
1819.832875787018
 11
661.3544287709814
 21
1819.832875787018
 72
    1
 10
661.3544287709814
 20
1819.832875787018
 11
661.3544287709814
 21
1824.832875787018
 72
    1
 10
661.3544287709814
 20
1824.832875787018
 11
666.3544287709814
 21
1824.832875787018
 72
    1
 10
666.3544287709814
 20
1824.832875787018
 11
666.3544287709814
 21
1819.832875787018
 97
    0
 75
    0
 76
    1
 52
0
 41
0.1
 77
    0
 78
    0
 98
    0
  0
HATCH
  5
4D7
100
AcDbEntity
  8
6 Spar
  6
ByLayer
 62
  256
370
   -1
100
AcDbHatch
 10
0
 20
0
 30
0
210
0
220
0
230
1
  2
kerpele
 70
    0
 71
    0
 91
    1
 92
    0
 93
    4
 72
    1
 10
646.924367363483
 20
1819.911830439504
 11
651.9211614779475
 21
1820.090851604878
 72
    1
 10
651.9211614779475
 20
1820.090851604878
 11
651.742140312573
 21
1825.087645719343
 72
    1
 10
651.742140312573
 20
1825.087645719343
 11
646.7453461981085
 21
1824.908624553969
 72
    1
 10
646.7453461981085
 20
1824.908624553969
 11
646.924367363483
 21
1819.911830439504
 97
    0
 75
    0
 76
    1
 52
0
 41
0.1
 77
    0
 78
    0
 98
    0
  0
HATCH
  5
4D8
100
AcDbEntity
  8
8 Linkage
  6
ByLayer
 62
  256
370
   -1
100
AcDbHatch
 10
0
 20
0
 30
0
210
0
220
0
230
1
  2
kerpele
 70
    0
 71
    0
 91
    1
 92
    0
 93
    4
 72
    1
 10
-245.6376576734343
 20
1613
 11
-247.9161971384865
 21
1613
 72
    1
 10
-247.9161971384865
 20
1613
 11
-247.9161971384865
 21
1639.336128491282
 72
    1
 10
-247.9161971384865
 20
1639.336128491282
 11
-245.6376576734343
 21
1639.336128491282
 72
    1
 10
-245.6376576734343
 20
1639.336128491282
 11
-245.6376576734343
 21
1613
 97
    0
 75
    0
 76
    1
 52
1.570796326794897
 41
0.1
 77
    0
 78
    0
 98
    0
  0
HATCH
  5
4D9
100
AcDbEntity
  8
8 Linkage
  6
ByLayer
 62
  256
370
   -1
100
AcDbHatch
 10
0
 20
0
 30
0
210
0
220
0
230
1
  2
kerpele
 70
    0
 71
    0
 91
    1
 92
    0
 93
    4
 72
    1
 10
-309.2785394650521
 20
1639.336128491282
 11
-307
 21
1639.336128491282
 72
    1
 10
-307
 20
1639.336128491282
 11
-307
 21
1613
 72
    1
 10
-307
 20
1613
 11
-309.2785394650521
 21
1613
 72
    1
 10
-309.2785394650521
 20
1613
 11
-309.2785394650521
 21
1639.336128491282
 97
    0
 75
    0
 76
    1
 52
1.570796326794897
 41
0.1
 77
    0
 78
    0
 98
    0
  0
HATCH
  5
4DA
100
AcDbEntity
  8
2 BaseLine
  6
ByLayer
 62
  256
370
   -1
100
AcDbHatch
 10
0
 20
0
 30
0
210
0
220
0
230
1
  2
kerpele
 70
    0
 71
    0
 91
    1
 92
    0
 93
    4
 72
    1
 10
-258.0344031175038
 20
1404
 11
-262.0344031175038
 21
1404
 72
    1
 10
-262.0344031175038
 20
1404
 11
-262.0344031175038
 21
1424
 72
    1
 10
-262.0344031175038
 20
1424
 11
-258.0344031175038
 21
1424
 72
    1
 10
-258.0344031175038
 20
1424
 11
-258.0344031175038
 21
1404
 97
    0
 75
    0
 76
    1
 52
1.570796326794897
 41
0.1
 77
    0
 78
    0
 98
    0
  0
HATCH
  5
4DB
100
AcDbEntity
  8
2 BaseLine
  6
ByLayer
 62
  256
370
   -1
100
AcDbHatch
 10
0
 20
0
 30
0
210
0
220
0
230
1
  2
kerpele
 70
    0
 71
    0
 91
    1
 92
    0
 93
    4
 72
    1
 10
-325
 20
1424
 11
-321
 21
1424
 72
    1
 10
-321
 20
1424
 11
-321
 21
1404
 72
    1
 10
-321
 20
1404
 11
-325
 21
1404
 72
    1
 10
-325
 20
1404
 11
-325
 21
1424
 97
    0
 75
    0
 76
    1
 52
1.570796326794897
 41
0.1
 77
    0
 78
    0
 98
    0
  0
HATCH
  5
4DC
100
AcDbEntity
  8
8 Linkage
  6
ByLayer
 62
  256
370
   -1
100
AcDbHatch
 10
0
 20
0
 30
0
210
0
220
0
230
1
  2
kerpele
 70
    0
 71
    0
 91
    1
 92
    0
 93
    4
 72
    1
 10
-71.17987784248564
 20
1494.811318746231
 11
-65.96256625610641
 21
1494.811318746231
 72
    1
 10
-65.96256625610641
 20
1494.811318746231
 11
-65.96256625610641
 21
1574.573785846971
 72
    1
 10
-65.96256625610641
 20
1574.573785846971
 11
-71.17987784248564
 21
1574.573785846971
 72
    1
 10
-71.17987784248564
 20
1574.573785846971
 11
-71.17987784248564
 21
1494.811318746231
 97
    0
 75
    0
 76
    1
 52
1.570796326794897
 41
0.1
 77
    0
 78
    0
 98
    0
  0
HATCH
  5
4DD
100
AcDbEntity
  8
8 Linkage
  6
ByLayer
 62
  256
370
   -1
100
AcDbHatch
 10
0
 20
0
 30
0
210
0
220
0
230
1
  2
kerpele
 70
    0
 71
    0
 91
    1
 92
    0
 93
    4
 72
    1
 10
-249.4536267220878
 20
1494.811318746231
 11
-244.2363151357086
 21
1494.811318746231
 72
    1
 10
-244.2363151357086
 20
1494.811318746231
 11
-244.2363151357086
 21
1574.573785846971
 72
    1
 10
-244.2363151357086
 20
1574.573785846971
 11
-249.4536267220878
 21
1574.573785846971
 72
    1
 10
-249.4536267220878
 20
1574.573785846971
 11
-249.4536267220878
 21
1494.811318746231
 97
    0
 75
    0
 76
    1
 52
1.570796326794897
 41
0.1
 77
    0
 78
    0
 98
    0
  0
HATCH
  5
4DE
100
AcDbEntity
  8
7 Rib
  6
ByLayer
 62
  256
370
   -1
100
AcDbHatch
 10
0
 20
0
 30
0
210
0
220
0
230
1
  2
kerpele
 70
    0
 71
    0
 91
    1
 92
    0
 93
    4
 72
    1
 10
-111.9323612245754
 20
1410.648193268852
 11
-78.62316816860198
 21
1410.648193268852
 72
    1
 10
-78.62316816860198
 20
1410.648193268852
 11
-78.62316816860198
 21
1405.947630166975
 72
    1
 10
-78.62316816860198
 20
1405.947630166975
 11
-111.9323612245754
 21
1405.947630166975
 72
    1
 10
-111.9323612245754
 20
1405.947630166975
 11
-111.9323612245754
 21
1410.648193268852
 97
    0
 75
    0
 76
    1
 52
1.570796326794897
 41
0.1
 77
    0
 78
    0
 98
    0
  0
HATCH
  5
4DF
100
AcDbEntity
  8
2 BaseLine
  6
ByLayer
 62
  256
370
   -1
100
AcDbHatch
 10
0
 20
0
 30
0
210
0
220
0
230
1
  2
kerpele
 70
    0
 71
    0
 91
    1
 92
    0
 93
    4
 72
    1
 10
-78.62316816860198
 20
1405.947630166975
 11
-83.62316816860198
 21
1405.947630166975
 72
    1
 10
-83.62316816860198
 20
1405.947630166975
 11
-83.62316816860198
 21
1400.871022016949
 72
    1
 10
-83.62316816860198
 20
1400.871022016949
 11
-78.62316816860198
 21
1400.871022016949
 72
    1
 10
-78.62316816860198
 20
1400.871022016949
 11
-78.62316816860198
 21
1405.947630166975
 97
    0
 75
    0
 76
    1
 52
0
 41
0.1
 77
    0
 78
    0
 98
    0
  0
HATCH
  5
4E0
100
AcDbEntity
  8
2 BaseLine
  6
ByLayer
 62
  256
370
   -1
100
AcDbHatch
 10
0
 20
0
 30
0
210
0
220
0
230
1
  2
kerpele
 70
    0
 71
    0
 91
    1
 92
    0
 93
    4
 72
    1
 10
-111.9323612245754
 20
1400.871022016949
 11
-106.9323612245754
 21
1400.871022016949
 72
    1
 10
-106.9323612245754
 20
1400.871022016949
 11
-106.9323612245754
 21
1405.947630166975
 72
    1
 10
-106.9323612245754
 20
1405.947630166975
 11
-111.9323612245754
 21
1405.947630166975
 72
    1
 10
-111.9323612245754
 20
1405.947630166975
 11
-111.9323612245754
 21
1400.871022016949
 97
    0
 75
    0
 76
    1
 52
0
 41
0.1
 77
    0
 78
    0
 98
    0
  0
HATCH
  5
4E1
100
AcDbEntity
  8
2 BaseLine
  6
ByLayer
 62
  256
370
   -1
100
AcDbHatch
 10
0
 20
0
 30
0
210
0
220
0
230
1
  2
kerpele
 70
    0
 71
    0
 91
    1
 92
    0
 93
    4
 72
    1
 10
-57.73281465212729
 20
1395.669065517539
 11
-111.9323612245754
 21
1395.669065517539
 72
    1
 10
-111.9323612245754
 20
1395.669065517539
 11
-111.9323612245754
 21
1400.682999492874
 72
    1
 10
-111.9323612245754
 20
1400.682999492874
 11
-57.73281465212729
 21
1400.682999492874
 72
    1
 10
-57.73281465212729
 20
1400.682999492874
 11
-57.73281465212729
 21
1395.669065517539
 97
    0
 75
    0
 76
    1
 52
1.570796326794897
 41
0.1
 77
    0
 78
    0
 98
    0
  0
HATCH
  5
4E2
100
AcDbEntity
  8
7 Rib
  6
ByLayer
 62
  256
370
   -1
100
AcDbHatch
 10
0
 20
0
 30
0
210
0
220
0
230
1
  2
kerpele
 70
    0
 71
    0
 91
    1
 92
    0
 93
    4
 72
    1
 10
227.2319092806434
 20
1421.985847385158
 11
273.4404946060572
 21
1421.985847385158
 72
    1
 10
273.4404946060572
 20
1421.985847385158
 11
273.4404946060572
 21
1403.16894923718
 72
    1
 10
273.4404946060572
 20
1403.16894923718
 11
227.2319092806434
 21
1401.144346271892
 72
    1
 10
227.2319092806434
 20
1401.144346271892
 11
227.2319092806434
 21
1421.985847385158
 97
    0
 75
    0
 76
    1
 52
1.570796326794897
 41
0.1
 77
    0
 78
    0
 98
    0
  0
HATCH
  5
4E3
100
AcDbEntity
  8
7 Rib
  6
ByLayer
 62
  256
370
   -1
100
AcDbHatch
 10
0
 20
0
 30
0
210
0
220
0
230
1
  2
kerpele
 70
    0
 71
    0
 91
    1
 92
    0
 93
    4
 72
    1
 10
227.3498012246181
 20
1540.193481471927
 11
222.3694124265741
 21
1540.193481471927
 72
    1
 10
222.3694124265741
 20
1540.193481471927
 11
222.3694124265741
 21
1527.857948952268
 72
    1
 10
222.3694124265741
 20
1527.857948952268
 11
227.3498012246181
 21
1527.857948952268
 72
    1
 10
227.3498012246181
 20
1527.857948952268
 11
227.3498012246181
 21
1540.193481471927
 97
    0
 75
    0
 76
    1
 52
1.570796326794897
 41
0.1
 77
    0
 78
    0
 98
    0
  0
HATCH
  5
4E4
100
AcDbEntity
  8
2 BaseLine
  6
ByLayer
 62
  256
370
   -1
100
AcDbHatch
 10
0
 20
0
 30
0
210
0
220
0
230
1
  2
kerpele
 70
    0
 71
    0
 91
    1
 92
    0
 93
    4
 72
    1
 10
252.9893319312109
 20
1038.087889038075
 11
253.0118069994848
 21
1223.562505311278
 72
    1
 10
253.0118069994848
 20
1223.562505311278
 11
246.0738537723068
 21
1223.563346024555
 72
    1
 10
246.0738537723068
 20
1223.563346024555
 11
246.0513787040338
 21
1038.088729751352
 72
    1
 10
246.0513787040338
 20
1038.088729751352
 11
252.9893319312109
 21
1038.087889038075
 97
    0
 75
    0
 76
    1
 52
4.712267804405924
 41
0.3
 77
    0
 78
    0
 98
    0
  0
HATCH
  5
4E5
100
AcDbEntity
  8
2 BaseLine
  6
ByLayer
 62
  256
370
   -1
100
AcDbHatch
 10
0
 20
0
 30
0
210
0
220
0
230
1
  2
kerpele
 70
    0
 71
    0
 91
    1
 92
    0
 93
    4
 72
    1
 10
327.2408839470037
 20
1229.971288495738
 11
327.2176318077028
 21
1038.083924146368
 72
    1
 10
327.2176318077028
 20
1038.083924146368
 11
333.2378694086428
 21
1038.083194638181
 72
    1
 10
333.2378694086428
 20
1038.083194638181
 11
333.2611215479437
 21
1229.970558987551
 72
    1
 10
333.2611215479437
 20
1229.970558987551
 11
327.2408839470037
 21
1229.971288495738
 97
    0
 75
    0
 76
    1
 52
4.712267804405924
 41
0.3
 77
    0
 78
    0
 98
    0
  0
HATCH
  5
4E6
100
AcDbEntity
  8
2 BaseLine
  6
ByLayer
 62
  256
370
   -1
100
AcDbHatch
 10
0
 20
0
 30
0
210
0
220
0
230
1
  2
kerpele
 70
    0
 71
    0
 91
    1
 92
    0
 93
    4
 72
    1
 10
333.2378694528417
 20
1038.083924146368
 11
333.2378694528417
 21
846.1965583881979
 72
    1
 10
333.2378694528417
 20
846.1965583881979
 11
327.2176318077028
 21
846.1965583881979
 72
    1
 10
327.2176318077028
 20
846.1965583881979
 11
327.2176318077028
 21
1038.083924146368
 72
    1
 10
327.2176318077028
 20
1038.083924146368
 11
333.2378694528417
 21
1038.083924146368
 97
    0
 75
    0
 76
    1
 52
1.570796326794897
 41
0.3
 77
    0
 78
    0
 98
    0
  0
HATCH
  5
4E7
100
AcDbEntity
  8
2 BaseLine
  6
ByLayer
 62
  256
370
   -1
100
AcDbHatch
 10
0
 20
0
 30
0
210
0
220
0
230
1
  2
kerpele
 70
    0
 71
    0
 91
    1
 92
    0
 93
    4
 72
    1
 10
246.0513787176168
 20
852.6143363066362
 11
246.0513787176168
 21
1038.088953941559
 72
    1
 10
246.0513787176168
 20
1038.088953941559
 11
252.9893319957318
 21
1038.088953941559
 72
    1
 10
252.9893319957318
 20
1038.088953941559
 11
252.9893319957318
 21
852.6143363066362
 72
    1
 10
252.9893319957318
 20
852.6143363066362
 11
246.0513787176168
 21
852.6143363066362
 97
    0
 75
    0
 76
    1
 52
1.570796326794897
 41
0.3
 77
    0
 78
    0
 98
    0
  0
HATCH
  5
4E8
100
AcDbEntity
  8
7 Rib
  6
ByLayer
 62
  256
370
   -1
100
AcDbHatch
 10
0
 20
0
 30
0
210
0
220
0
230
1
  2
kerpele
 70
    0
 71
    0
 91
    1
 92
    0
 93
    4
 72
    1
 10
-62.5488263422525
 20
1554.695577400717
 11
-57.53489236692165
 21
1554.695577400717
 72
    1
 10
-57.53489236692165
 20
1554.695577400717
 11
-57.53489236692165
 21
1513.330622104238
 72
    1
 10
-57.53489236692165
 20
1513.330622104238
 11
-62.5488263422525
 21
1513.330622104238
 72
    1
 10
-62.5488263422525
 20
1513.330622104238
 11
-62.5488263422525
 21
1554.695577400717
 97
    0
 75
    0
 76
    1
 52
1.570796326794897
 41
0.1
 77
    0
 78
    0
 98
    0
  0
HATCH
  5
4E9
100
AcDbEntity
  8
7 Rib
  6
ByLayer
 62
  256
370
   -1
100
AcDbHatch
 10
0
 20
0
 30
0
210
0
220
0
230
1
  2
kerpele
 70
    0
 71
    0
 91
    1
 92
    0
 93
    4
 72
    1
 10
100.3608853142123
 20
1547.889753466048
 11
105.2190989305464
 21
1547.889753466048
 72
    1
 10
105.2190989305464
 20
1547.889753466048
 11
105.2190989305464
 21
1520.42672168241
 72
    1
 10
105.2190989305464
 20
1520.42672168241
 11
100.3608853142123
 21
1520.42672168241
 72
    1
 10
100.3608853142123
 20
1520.42672168241
 11
100.3608853142123
 21
1547.889753466048
 97
    0
 75
    0
 76
    1
 52
0
 41
0.1
 77
    0
 78
    0
 98
    0
  0
HATCH
  5
4EA
100
AcDbEntity
  8
7 Rib
  6
ByLayer
 62
  256
370
   -1
100
AcDbHatch
 10
0
 20
0
 30
0
210
0
220
0
230
1
  2
kerpele
 70
    0
 71
    0
 91
    1
 92
    0
 93
    4
 72
    1
 10
12.96934533313049
 20
1551.984419066248
 11
18.05651592415532
 21
1551.984419066248
 72
    1
 10
18.05651592415532
 20
1551.984419066248
 11
18.05651592415532
 21
1515.731101421385
 72
    1
 10
18.05651592415532
 20
1515.731101421385
 11
12.96934533313049
 21
1515.731101421385
 72
    1
 10
12.96934533313049
 20
1515.731101421385
 11
12.96934533313049
 21
1551.984419066248
 97
    0
 75
    0
 76
    1
 52
0
 41
0.1
 77
    0
 78
    0
 98
    0
  0
HATCH
  5
4EB
100
AcDbEntity
  8
7 Rib
  6
ByLayer
 62
  256
370
   -1
100
AcDbHatch
 10
0
 20
0
 30
0
210
0
220
0
230
1
  2
kerpele
 70
    0
 71
    0
 91
    1
 92
    0
 93
    4
 72
    1
 10
-111.9323612245754
 20
1555.152875875772
 11
-106.8865350769624
 21
1555.152875875772
 72
    1
 10
-106.8865350769624
 20
1555.152875875772
 11
-106.8865350769624
 21
1512.572031740272
 72
    1
 10
-106.8865350769624
 20
1512.572031740272
 11
-111.9323612245754
 21
1512.572031740272
 72
    1
 10
-111.9323612245754
 20
1512.572031740272
 11
-111.9323612245754
 21
1555.152875875772
 97
    0
 75
    0
 76
    1
 52
0
 41
0.1
 77
    0
 78
    0
 98
    0
  0
HATCH
  5
4EC
100
AcDbEntity
  8
7 Rib
  6
ByLayer
 62
  256
370
   -1
100
AcDbHatch
 10
0
 20
0
 30
0
210
0
220
0
230
1
  2
kerpele
 70
    0
 71
    0
 91
    1
 92
    0
 93
    4
 72
    1
 10
-184.6802020266369
 20
1555.152875875772
 11
-179.6343758790239
 21
1555.152875875772
 72
    1
 10
-179.6343758790239
 20
1555.152875875772
 11
-179.6343758790239
 21
1512.572031740272
 72
    1
 10
-179.6343758790239
 20
1512.572031740272
 11
-184.6802020266369
 21
1512.572031740272
 72
    1
 10
-184.6802020266369
 20
1512.572031740272
 11
-184.6802020266369
 21
1555.152875875772
 97
    0
 75
    0
 76
    1
 52
0
 41
0.1
 77
    0
 78
    0
 98
    0
  0
HATCH
  5
4ED
100
AcDbEntity
  8
7 Rib
  6
ByLayer
 62
  256
370
   -1
100
AcDbHatch
 10
0
 20
0
 30
0
210
0
220
0
230
1
  2
kerpele
 70
    0
 71
    0
 91
    1
 92
    0
 93
    4
 72
    1
 10
-257.5683004411919
 20
1555.004037334073
 11
-252.4944263279163
 21
1555.004037334073
 72
    1
 10
-252.4944263279163
 20
1555.004037334073
 11
-252.4944263279163
 21
1512.68589917894
 72
    1
 10
-252.4944263279163
 20
1512.68589917894
 11
-257.5683004411919
 21
1512.68589917894
 72
    1
 10
-257.5683004411919
 20
1512.68589917894
 11
-257.5683004411919
 21
1555.004037334073
 97
    0
 75
    0
 76
    1
 52
0
 41
0.1
 77
    0
 78
    0
 98
    0
  0
HATCH
  5
4EE
100
AcDbEntity
  8
8 Linkage
  6
ByLayer
 62
  256
370
   -1
100
AcDbHatch
 10
0
 20
0
 30
0
210
0
220
0
230
1
  2
kerpele
 70
    0
 71
    0
 91
    1
 92
    0
 93
    4
 72
    1
 10
-244.2159553901509
 20
1375.055975859986
 11
-247.9161971384865
 21
1375.055975859986
 72
    1
 10
-247.9161971384865
 20
1375.055975859986
 11
-247.9161971384865
 21
1380.055975859986
 72
    1
 10
-247.9161971384865
 20
1380.055975859986
 11
-244.2159553901509
 21
1380.055975859986
 72
    1
 10
-244.2159553901509
 20
1380.055975859986
 11
-244.2159553901509
 21
1375.055975859986
 97
    0
 75
    0
 76
    1
 52
0
 41
0.1
 77
    0
 78
    0
 98
    0
  0
HATCH
  5
4EF
100
AcDbEntity
  8
8 Linkage
  6
ByLayer
 62
  256
370
   -1
100
AcDbHatch
 10
0
 20
0
 30
0
210
0
220
0
230
1
  2
kerpele
 70
    0
 71
    0
 91
    1
 92
    0
 93
    4
 72
    1
 10
-309.2785394650522
 20
1380.055975859986
 11
-305.5782977167166
 21
1380.055975859986
 72
    1
 10
-305.5782977167166
 20
1380.055975859986
 11
-305.5782977167166
 21
1375.055975859986
 72
    1
 10
-305.5782977167166
 20
1375.055975859986
 11
-309.2785394650522
 21
1375.055975859986
 72
    1
 10
-309.2785394650522
 20
1375.055975859986
 11
-309.2785394650522
 21
1380.055975859986
 97
    0
 75
    0
 76
    1
 52
0
 41
0.1
 77
    0
 78
    0
 98
    0
  0
HATCH
  5
4F0
100
AcDbEntity
  8
6 Spar
  6
ByLayer
 62
  256
370
   -1
100
AcDbHatch
 10
0
 20
0
 30
0
210
0
220
0
230
1
  2
kerpele
 70
    0
 71
    0
 91
    1
 92
    0
 93
    4
 72
    1
 10
375.766316803269
 20
1819.790421156954
 11
-324.233683196731
 21
1819.790421156954
 72
    1
 10
-324.233683196731
 20
1819.790421156954
 11
-324.233683196731
 21
1880.790421156954
 72
    1
 10
-324.233683196731
 20
1880.790421156954
 11
375.766316803269
 21
1880.790421156954
 72
    1
 10
375.766316803269
 20
1880.790421156954
 11
375.766316803269
 21
1819.790421156954
 97
    0
 75
    0
 76
    1
 52
1.570796326794897
 41
0.2
 77
    0
 78
    0
 98
    0
  0
HATCH
  5
4F1
100
AcDbEntity
  8
2 BaseLine
  6
ByLayer
 62
  256
370
   -1
100
AcDbHatch
 10
0
 20
0
 30
0
210
0
220
0
230
1
  2
kerpele
 70
    0
 71
    0
 91
    1
 92
    0
 93
    4
 72
    1
 10
154.0225627741378
 20
1688.081120934972
 11
-31.45205486078494
 21
1688.081120934972
 72
    1
 10
-31.45205486078494
 20
1688.081120934972
 11
-31.45205486078494
 21
1695.019074213087
 72
    1
 10
-31.45205486078494
 20
1695.019074213087
 11
154.0225627741378
 21
1695.019074213087
 72
    1
 10
154.0225627741378
 20
1695.019074213087
 11
154.0225627741378
 21
1688.081120934972
 97
    0
 75
    0
 76
    1
 52
0
 41
0.3
 77
    0
 78
    0
 98
    0
  0
HATCH
  5
4F2
100
AcDbEntity
  8
2 BaseLine
  6
ByLayer
 62
  256
370
   -1
100
AcDbHatch
 10
0
 20
0
 30
0
210
0
220
0
230
1
  2
kerpele
 70
    0
 71
    0
 91
    1
 92
    0
 93
    4
 72
    1
 10
-37.8698327792232
 20
1613.852821123001
 11
154.0175329789473
 21
1613.852821123001
 72
    1
 10
154.0175329789473
 20
1613.852821123001
 11
154.0175329789473
 21
1607.832583477862
 72
    1
 10
154.0175329789473
 20
1607.832583477862
 11
-37.8698327792232
 21
1607.832583477862
 72
    1
 10
-37.8698327792232
 20
1607.832583477862
 11
-37.8698327792232
 21
1613.852821123001
 97
    0
 75
    0
 76
    1
 52
0
 41
0.3
 77
    0
 78
    0
 98
    0
  0
HATCH
  5
4F3
100
AcDbEntity
  8
2 BaseLine
  6
ByLayer
 62
  256
370
   -1
100
AcDbHatch
 10
0
 20
0
 30
0
210
0
220
0
230
1
  2
kerpele
 70
    0
 71
    0
 91
    1
 92
    0
 93
    4
 72
    1
 10
154.0168034707601
 20
1607.832583522061
 11
345.9041678201302
 21
1607.80933138276
 72
    1
 10
345.9041678201302
 20
1607.80933138276
 11
345.9048973283175
 21
1613.8295689837
 72
    1
 10
345.9048973283175
 20
1613.8295689837
 11
154.0175329789473
 21
1613.852821123001
 72
    1
 10
154.0175329789473
 20
1613.852821123001
 11
154.0168034707601
 21
1607.832583522061
 97
    0
 75
    0
 76
    1
 52
3.141471477611027
 41
0.3
 77
    0
 78
    0
 98
    0
  0
HATCH
  5
4F4
100
AcDbEntity
  8
2 BaseLine
  6
ByLayer
 62
  256
370
   -1
100
AcDbHatch
 10
0
 20
0
 30
0
210
0
220
0
230
1
  2
kerpele
 70
    0
 71
    0
 91
    1
 92
    0
 93
    4
 72
    1
 10
339.4969548571342
 20
1694.996599158397
 11
154.0223385839306
 21
1695.01907422667
 72
    1
 10
154.0223385839306
 20
1695.01907422667
 11
154.0214978706536
 21
1688.081120999493
 72
    1
 10
154.0214978706536
 20
1688.081120999493
 11
339.4961141438571
 21
1688.058645931219
 72
    1
 10
339.4961141438571
 20
1688.058645931219
 11
339.4969548571342
 21
1694.996599158397
 97
    0
 75
    0
 76
    1
 52
3.141471477611027
 41
0.3
 77
    0
 78
    0
 98
    0
  0
HATCH
  5
4F5
100
AcDbEntity
  8
2 BaseLine
  6
ByLayer
 62
  256
370
   -1
100
AcDbHatch
 10
0
 20
0
 30
0
210
0
220
0
230
1
  2
kerpele
 70
    0
 71
    0
 91
    1
 92
    0
 93
    4
 72
    1
 10
246.0738537723068
 20
1423.053697412143
 11
332.0966969125667
 21
1423.053697412143
 72
    1
 10
332.0966969125667
 20
1423.053697412143
 11
332.0966969125667
 21
1427.984961376134
 72
    1
 10
332.0966969125667
 20
1427.984961376134
 11
246.0738537723068
 21
1427.984961376134
 72
    1
 10
246.0738537723068
 20
1427.984961376134
 11
246.0738537723068
 21
1423.053697412143
 97
    0
 75
    0
 76
    1
 52
0
 41
0.3
 77
    0
 78
    0
 98
    0
  0
HATCH
  5
4F6
100
AcDbEntity
  8
7 Rib
  6
ByLayer
 62
  256
370
   -1
100
AcDbHatch
 10
0
 20
0
 30
0
210
0
220
0
230
1
  2
kerpele
 70
    0
 71
    0
 91
    1
 92
    0
 93
    4
 72
    1
 10
237.766316803269
 20
1700.790421156954
 11
235.766316803269
 21
1700.790421156954
 72
    1
 10
235.766316803269
 20
1700.790421156954
 11
235.766316803269
 21
1880.790421156954
 72
    1
 10
235.766316803269
 20
1880.790421156954
 11
237.766316803269
 21
1880.790421156954
 72
    1
 10
237.766316803269
 20
1880.790421156954
 11
237.766316803269
 21
1700.790421156954
 97
    0
 75
    0
 76
    1
 52
1.570796326794897
 41
0.1
 77
    0
 78
    0
 98
    0
  0
HATCH
  5
4F7
100
AcDbEntity
  8
7 Rib
  6
ByLayer
 62
  256
370
   -1
100
AcDbHatch
 10
0
 20
0
 30
0
210
0
220
0
230
1
  2
kerpele
 70
    0
 71
    0
 91
    1
 92
    0
 93
    4
 72
    1
 10
167.766316803269
 20
1700.790421156954
 11
165.766316803269
 21
1700.790421156954
 72
    1
 10
165.766316803269
 20
1700.790421156954
 11
165.766316803269
 21
1880.790421156954
 72
    1
 10
165.766316803269
 20
1880.790421156954
 11
167.766316803269
 21
1880.790421156954
 72
    1
 10
167.766316803269
 20
1880.790421156954
 11
167.766316803269
 21
1700.790421156954
 97
    0
 75
    0
 76
    1
 52
1.570796326794897
 41
0.1
 77
    0
 78
    0
 98
    0
  0
HATCH
  5
4F8
100
AcDbEntity
  8
7 Rib
  6
ByLayer
 62
  256
370
   -1
100
AcDbHatch
 10
0
 20
0
 30
0
210
0
220
0
230
1
  2
kerpele
 70
    0
 71
    0
 91
    1
 92
    0
 93
    4
 72
    1
 10
97.76631680326904
 20
1700.790421156954
 11
95.76631680326904
 21
1700.790421156954
 72
    1
 10
95.76631680326904
 20
1700.790421156954
 11
95.76631680326904
 21
1880.790421156954
 72
    1
 10
95.76631680326904
 20
1880.790421156954
 11
97.76631680326904
 21
1880.790421156954
 72
    1
 10
97.76631680326904
 20
1880.790421156954
 11
97.76631680326904
 21
1700.790421156954
 97
    0
 75
    0
 76
    1
 52
1.570796326794897
 41
0.1
 77
    0
 78
    0
 98
    0
  0
HATCH
  5
4F9
100
AcDbEntity
  8
7 Rib
  6
ByLayer
 62
  256
370
   -1
100
AcDbHatch
 10
0
 20
0
 30
0
210
0
220
0
230
1
  2
kerpele
 70
    0
 71
    0
 91
    1
 92
    0
 93
    4
 72
    1
 10
27.76631680326904
 20
1700.790421156954
 11
25.76631680326904
 21
1700.790421156954
 72
    1
 10
25.76631680326904
 20
1700.790421156954
 11
25.76631680326904
 21
1880.790421156954
 72
    1
 10
25.76631680326904
 20
1880.790421156954
 11
27.76631680326904
 21
1880.790421156954
 72
    1
 10
27.76631680326904
 20
1880.790421156954
 11
27.76631680326904
 21
1700.790421156954
 97
    0
 75
    0
 76
    1
 52
1.570796326794897
 41
0.1
 77
    0
 78
    0
 98
    0
  0
HATCH
  5
4FA
100
AcDbEntity
  8
7 Rib
  6
ByLayer
 62
  256
370
   -1
100
AcDbHatch
 10
0
 20
0
 30
0
210
0
220
0
230
1
  2
kerpele
 70
    0
 71
    0
 91
    1
 92
    0
 93
    4
 72
    1
 10
-42.23368319673096
 20
1700.790421156954
 11
-44.23368319673096
 21
1700.790421156954
 72
    1
 10
-44.23368319673096
 20
1700.790421156954
 11
-44.23368319673096
 21
1880.790421156954
 72
    1
 10
-44.23368319673096
 20
1880.790421156954
 11
-42.23368319673096
 21
1880.790421156954
 72
    1
 10
-42.23368319673096
 20
1880.790421156954
 11
-42.23368319673096
 21
1700.790421156954
 97
    0
 75
    0
 76
    1
 52
1.570796326794897
 41
0.1
 77
    0
 78
    0
 98
    0
  0
HATCH
  5
4FB
100
AcDbEntity
  8
7 Rib
  6
ByLayer
 62
  256
370
   -1
100
AcDbHatch
 10
0
 20
0
 30
0
210
0
220
0
230
1
  2
kerpele
 70
    0
 71
    0
 91
    1
 92
    0
 93
    4
 72
    1
 10
-112.233683196731
 20
1700.790421156954
 11
-114.233683196731
 21
1700.790421156954
 72
    1
 10
-114.233683196731
 20
1700.790421156954
 11
-114.233683196731
 21
1880.790421156954
 72
    1
 10
-114.233683196731
 20
1880.790421156954
 11
-112.233683196731
 21
1880.790421156954
 72
    1
 10
-112.233683196731
 20
1880.790421156954
 11
-112.233683196731
 21
1700.790421156954
 97
    0
 75
    0
 76
    1
 52
1.570796326794897
 41
0.1
 77
    0
 78
    0
 98
    0
  0
HATCH
  5
4FC
100
AcDbEntity
  8
7 Rib
  6
ByLayer
 62
  256
370
   -1
100
AcDbHatch
 10
0
 20
0
 30
0
210
0
220
0
230
1
  2
kerpele
 70
    0
 71
    0
 91
    1
 92
    0
 93
    4
 72
    1
 10
-182.233683196731
 20
1700.790421156954
 11
-184.233683196731
 21
1700.790421156954
 72
    1
 10
-184.233683196731
 20
1700.790421156954
 11
-184.233683196731
 21
1880.790421156954
 72
    1
 10
-184.233683196731
 20
1880.790421156954
 11
-182.233683196731
 21
1880.790421156954
 72
    1
 10
-182.233683196731
 20
1880.790421156954
 11
-182.233683196731
 21
1700.790421156954
 97
    0
 75
    0
 76
    1
 52
1.570796326794897
 41
0.1
 77
    0
 78
    0
 98
    0
  0
HATCH
  5
4FD
100
AcDbEntity
  8
7 Rib
  6
ByLayer
 62
  256
370
   -1
100
AcDbHatch
 10
0
 20
0
 30
0
210
0
220
0
230
1
  2
kerpele
 70
    0
 71
    0
 91
    1
 92
    0
 93
    4
 72
    1
 10
-254.233683196731
 20
1880.790421156954
 11
-252.233683196731
 21
1880.790421156954
 72
    1
 10
-252.233683196731
 20
1880.790421156954
 11
-252.233683196731
 21
1700.790421156954
 72
    1
 10
-252.233683196731
 20
1700.790421156954
 11
-254.233683196731
 21
1700.790421156954
 72
    1
 10
-254.233683196731
 20
1700.790421156954
 11
-254.233683196731
 21
1880.790421156954
 97
    0
 75
    0
 76
    1
 52
1.570796326794897
 41
0.1
 77
    0
 78
    0
 98
    0
  0
IMAGE
  5
500
100
AcDbEntity
  8
1 JPG
  6
ByLayer
 62
  256
370
   -1
100
AcDbRasterImage
 10
-495.961939166427
 20
1286.2218688
 30
0
 11
0.3356292
 21
0
 31
0
 12
2.055068254241608e-17
 22
0.3356292
 32
0
 13
2755
 23
1936
340
4FE
 70
    1
280
    0
281
   50
282
   50
283
    0
360
4FF
  0
LINE
  5
501
100
AcDbEntity
  8
3 RefLine
  6
ByLayer
 62
  256
370
   -1
100
AcDbLine
 10
375.5153275553122
 20
1700.953436512878
 11
525.5153275553122
 21
1700.953436512878
  0
LINE
  5
502
100
AcDbEntity
  8
3 RefLine
  6
ByLayer
 62
  256
370
   -1
100
AcDbLine
 10
375.766316803269
 20
1880.790421156954
 11
375.766316803269
 21
1680.790421156954
  0
DIMENSION
  5
503
100
AcDbEntity
  8
4 Text
  6
ByLayer
 62
  256
370
   -1
100
AcDbDimension
  2
*D1
 10
375.766316803269
 20
2048.334783918738
 30
0
 11
25.76631680326898
 21
2053.022283918738
 31
0
 70
   32
 71
    5
 72
    0
  3
Standard
 53
0
210
0
220
0
230
1
100
AcDbAlignedDimension
 13
-324.233683196731
 23
1880.790421156954
 33
0
 14
375.766316803269
 24
1880.790421156954
 34
0
100
AcDbRotatedDimension
  0
POINT
  5
504
100
AcDbEntity
  8
7 Rib
  6
ByLayer
 62
  256
370
   -1
100
AcDbPoint
 10
-254.233683196731
 20
1880.790421156954
  0
LWPOLYLINE
  5
505
100
AcDbEntity
  8
7 Rib
  6
ByLayer
 62
  256
370
   -1
100
AcDbPolyline
 90
    4
 70
    1
 43
0
 10
-254.233683196731
 20
1880.790421156954
 10
-252.233683196731
 20
1880.790421156954
 10
-252.233683196731
 20
1700.790421156954
 10
-254.233683196731
 20
1700.790421156954
  0
LINE
  5
506
100
AcDbEntity
  8
3 RefLine
  6
ByLayer
 62
  256
370
   -1
100
AcDbLine
 10
-254.233683196731
 20
1880.790421156954
 11
-184.233683196731
 21
1880.790421156954
  0
POINT
  5
507
100
AcDbEntity
  8
7 Rib
  6
ByLayer
 62
  256
370
   -1
100
AcDbPoint
 10
-184.233683196731
 20
1880.790421156954
  0
LWPOLYLINE
  5
508
100
AcDbEntity
  8
7 Rib
  6
ByLayer
 62
  256
370
   -1
100
AcDbPolyline
 90
    4
 70
    1
 43
0
 10
-184.233683196731
 20
1880.790421156954
 10
-182.233683196731
 20
1880.790421156954
 10
-182.233683196731
 20
1700.790421156954
 10
-184.233683196731
 20
1700.790421156954
  0
POINT
  5
509
100
AcDbEntity
  8
7 Rib
  6
ByLayer
 62
  256
370
   -1
100
AcDbPoint
 10
-114.233683196731
 20
1880.790421156954
  0
LWPOLYLINE
  5
50A
100
AcDbEntity
  8
7 Rib
  6
ByLayer
 62
  256
370
   -1
100
AcDbPolyline
 90
    4
 70
    1
 43
0
 10
-114.233683196731
 20
1880.790421156954
 10
-112.233683196731
 20
1880.790421156954
 10
-112.233683196731
 20
1700.790421156954
 10
-114.233683196731
 20
1700.790421156954
  0
POINT
  5
50B
100
AcDbEntity
  8
7 Rib
  6
ByLayer
 62
  256
370
   -1
100
AcDbPoint
 10
-44.23368319673096
 20
1880.790421156954
  0
LWPOLYLINE
  5
50C
100
AcDbEntity
  8
7 Rib
  6
ByLayer
 62
  256
370
   -1
100
AcDbPolyline
 90
    4
 70
    1
 43
0
 10
-44.23368319673096
 20
1880.790421156954
 10
-42.23368319673096
 20
1880.790421156954
 10
-42.23368319673096
 20
1700.790421156954
 10
-44.23368319673096
 20
1700.790421156954
  0
POINT
  5
50D
100
AcDbEntity
  8
7 Rib
  6
ByLayer
 62
  256
370
   -1
100
AcDbPoint
 10
25.76631680326904
 20
1880.790421156954
  0
LWPOLYLINE
  5
50E
100
AcDbEntity
  8
7 Rib
  6
ByLayer
 62
  256
370
   -1
100
AcDbPolyline
 90
    4
 70
    1
 43
0
 10
25.76631680326904
 20
1880.790421156954
 10
27.76631680326904
 20
1880.790421156954
 10
27.76631680326904
 20
1700.790421156954
 10
25.76631680326904
 20
1700.790421156954
  0
POINT
  5
50F
100
AcDbEntity
  8
7 Rib
  6
ByLayer
 62
  256
370
   -1
100
AcDbPoint
 10
95.76631680326904
 20
1880.790421156954
  0
LWPOLYLINE
  5
510
100
AcDbEntity
  8
7 Rib
  6
ByLayer
 62
  256
370
   -1
100
AcDbPolyline
 90
    4
 70
    1
 43
0
 10
95.76631680326904
 20
1880.790421156954
 10
97.76631680326904
 20
1880.790421156954
 10
97.76631680326904
 20
1700.790421156954
 10
95.76631680326904
 20
1700.790421156954
  0
POINT
  5
511
100
AcDbEntity
  8
7 Rib
  6
ByLayer
 62
  256
370
   -1
100
AcDbPoint
 10
165.766316803269
 20
1880.790421156954
  0
LWPOLYLINE
  5
512
100
AcDbEntity
  8
7 Rib
  6
ByLayer
 62
  256
370
   -1
100
AcDbPolyline
 90
    4
 70
    1
 43
0
 10
165.766316803269
 20
1880.790421156954
 10
167.766316803269
 20
1880.790421156954
 10
167.766316803269
 20
1700.790421156954
 10
165.766316803269
 20
1700.790421156954
  0
POINT
  5
513
100
AcDbEntity
  8
7 Rib
  6
ByLayer
 62
  256
370
   -1
100
AcDbPoint
 10
235.766316803269
 20
1880.790421156954
  0
LWPOLYLINE
  5
514
100
AcDbEntity
  8
7 Rib
  6
ByLayer
 62
  256
370
   -1
100
AcDbPolyline
 90
    4
 70
    1
 43
0
 10
235.766316803269
 20
1880.790421156954
 10
237.766316803269
 20
1880.790421156954
 10
237.766316803269
 20
1700.790421156954
 10
235.766316803269
 20
1700.790421156954
  0
POINT
  5
515
100
AcDbEntity
  8
7 Rib
  6
ByLayer
 62
  256
370
   -1
100
AcDbPoint
 10
305.766316803269
 20
1880.790421156954
  0
POINT
  5
516
100
AcDbEntity
  8
4 Text
  6
ByLayer
 62
  256
370
   -1
100
AcDbPoint
 10
-324.233683196731
 20
1880.790421156954
  0
LINE
  5
517
100
AcDbEntity
  8
3 RefLine
  6
ByLayer
 62
  256
370
   -1
100
AcDbLine
 10
-324.233683196731
 20
1700.790421156954
 11
675.7663168032691
 21
1700.790421156954
  0
LINE
  5
518
100
AcDbEntity
  8
9 Mecha
  6
ByLayer
 62
  256
370
   -1
100
AcDbLine
 10
-623.0063949917202
 20
1111.684763475048
 11
-615.0285596168789
 21
1111.684763475048
  0
LINE
  5
519
100
AcDbEntity
  8
9 Mecha
  6
ByLayer
 62
  256
370
   -1
100
AcDbLine
 10
-615.0285596168789
 20
1111.684763475048
 11
-615.0285596168789
 21
1110.864612174831
  0
LINE
  5
51A
100
AcDbEntity
  8
9 Mecha
  6
ByLayer
 62
  256
370
   -1
100
AcDbLine
 10
-615.0285596168789
 20
1110.864612174831
 11
-613.6119346437763
 21
1110.864612174831
  0
LINE
  5
51B
100
AcDbEntity
  8
9 Mecha
  6
ByLayer
 62
  256
370
   -1
100
AcDbLine
 10
-613.6119346437763
 20
1110.864612174831
 11
-613.6119346437763
 21
1102.812217590879
  0
LINE
  5
51C
100
AcDbEntity
  8
9 Mecha
  6
ByLayer
 62
  256
370
   -1
100
AcDbLine
 10
-613.6119346437763
 20
1102.812217590879
 11
-608.6910268424722
 21
1102.812217590879
  0
LINE
  5
51D
100
AcDbEntity
  8
9 Mecha
  6
ByLayer
 62
  256
370
   -1
100
AcDbLine
 10
-608.6910268424722
 20
1102.812217590879
 11
-608.6910268424722
 21
1100.500882108448
  0
LINE
  5
51E
100
AcDbEntity
  8
9 Mecha
  6
ByLayer
 62
  256
370
   -1
100
AcDbLine
 10
-608.6910268424722
 20
1100.500882108448
 11
-613.5373754346656
 21
1100.500882108448
  0
LINE
  5
51F
100
AcDbEntity
  8
9 Mecha
  6
ByLayer
 62
  256
370
   -1
100
AcDbLine
 10
-613.5373754346656
 20
1100.500882108448
 11
-613.5373754346656
 21
1085.887277122757
  0
LINE
  5
520
100
AcDbEntity
  8
9 Mecha
  6
ByLayer
 62
  256
370
   -1
100
AcDbLine
 10
-613.5373754346656
 20
1085.887277122757
 11
-636.3524934225296
 21
1085.887277122757
  0
LINE
  5
521
100
AcDbEntity
  8
9 Mecha
  6
ByLayer
 62
  256
370
   -1
100
AcDbLine
 10
-636.3524934225296
 20
1085.887277122757
 11
-636.3524934225296
 21
1100.426322899337
  0
LINE
  5
522
100
AcDbEntity
  8
9 Mecha
  6
ByLayer
 62
  256
370
   -1
100
AcDbLine
 10
-636.3524934225296
 20
1100.426322899337
 11
-639.9313354598416
 21
1100.426322899337
  0
LINE
  5
523
100
AcDbEntity
  8
9 Mecha
  6
ByLayer
 62
  256
370
   -1
100
AcDbLine
 10
-639.9313354598416
 20
1100.426322899337
 11
-639.9313354598416
 21
1102.737658381768
  0
LINE
  5
524
100
AcDbEntity
  8
9 Mecha
  6
ByLayer
 62
  256
370
   -1
100
AcDbLine
 10
-639.9313354598416
 20
1102.737658381768
 11
-636.3524934225296
 21
1102.737658381768
  0
LINE
  5
525
100
AcDbEntity
  8
9 Mecha
  6
ByLayer
 62
  256
370
   -1
100
AcDbLine
 10
-636.3524934225296
 20
1102.737658381768
 11
-636.3524934225296
 21
1105.19811228242
  0
LINE
  5
526
100
AcDbEntity
  8
9 Mecha
  6
ByLayer
 62
  256
370
   -1
100
AcDbLine
 10
-636.3524934225296
 20
1105.19811228242
 11
-636.3524934225296
 21
1106.912974091965
  0
LINE
  5
527
100
AcDbEntity
  8
9 Mecha
  6
ByLayer
 62
  256
370
   -1
100
AcDbLine
 10
-636.3524934225296
 20
1106.912974091965
 11
-629.120250138795
 21
1106.912974091965
  0
LINE
  5
528
100
AcDbEntity
  8
9 Mecha
  6
ByLayer
 62
  256
370
   -1
100
AcDbLine
 10
-629.120250138795
 20
1106.912974091965
 11
-629.120250138795
 21
1109.820783247281
  0
LINE
  5
529
100
AcDbEntity
  8
9 Mecha
  6
ByLayer
 62
  256
370
   -1
100
AcDbLine
 10
-629.120250138795
 20
1109.820783247281
 11
-627.4053883292496
 21
1111.684763475048
  0
LINE
  5
52A
100
AcDbEntity
  8
9 Mecha
  6
ByLayer
 62
  256
370
   -1
100
AcDbLine
 10
-627.4053883292496
 20
1111.684763475048
 11
-622.4099213188349
 21
1111.684763475048
  0
LWPOLYLINE
  5
52B
100
AcDbEntity
  8
9 Mecha
  6
ByLayer
 62
  256
370
   -1
100
AcDbPolyline
 90
    4
 70
    1
 43
0
 10
-622.9318357826096
 20
1115.039927885028
 10
-615.6250332897642
 20
1115.039927885028
 10
-615.6250332897642
 20
1111.759322684159
 10
-622.9318357826096
 20
1111.759322684159
  0
LWPOLYLINE
  5
52C
100
AcDbEntity
  8
9 Mecha
  6
ByLayer
 62
  256
370
   -1
100
AcDbPolyline
 90
    4
 70
    1
 43
0
 10
-629.8658422299017
 20
1116.680230485463
 10
-608.5419084242509
 20
1116.680230485463
 10
-608.5419084242509
 20
1114.890809466807
 10
-629.8658422299017
 20
1114.890809466807
  0
DIMENSION
  5
52D
100
AcDbEntity
  8
4 Text
  6
ByLayer
 62
  256
370
   -1
100
AcDbDimension
  2
*D2
 10
-608.6910268424722
 20
1063.37202398156
 30
0
 11
-624.3111811511569
 21
1068.05952398156
 31
0
 70
   32
 71
    5
  3
Standard
 53
0
210
0
220
0
230
1
100
AcDbAlignedDimension
 13
-639.9313354598416
 23
1100.426322899337
 33
0
 14
-608.6910268424722
 24
1100.500882108448
 34
0
100
AcDbRotatedDimension
  0
LINE
  5
52E
100
AcDbEntity
  8
2 BaseLine
  6
ByLayer
 62
  256
370
   -1
100
AcDbLine
 10
-324.4846724446878
 20
1700.953436512878
 11
375.5153275553122
 21
1700.953436512878
  0
LINE
  5
52F
100
AcDbEntity
  8
2 BaseLine
  6
ByLayer
 62
  256
370
   -1
100
AcDbLine
 10
-324.233683196731
 20
1880.790421156954
 11
375.766316803269
 21
1880.790421156954
  0
LINE
  5
530
100
AcDbEntity
  8
2 BaseLine
  6
ByLayer
 62
  256
370
   -1
100
AcDbLine
 10
-324.233683196731
 20
1880.790421156954
 11
-324.233683196731
 21
1700.790421156954
  0
LINE
  5
531
100
AcDbEntity
  8
2 BaseLine
  6
ByLayer
 62
  256
370
   -1
100
AcDbLine
 10
375.766316803269
 20
1880.790421156954
 11
375.5153275553122
 21
1700.953436512878
  0
LWPOLYLINE
  5
532
100
AcDbEntity
  8
2 BaseLine
  6
ByLayer
 62
  256
370
   -1
100
AcDbPolyline
 90
    4
 70
    1
 43
0
 10
-31.45205486078494
 20
1695.019074213087
 10
154.0225627741378
 20
1695.019074213087
 10
154.0225627741378
 20
1688.081120934972
 10
-31.45205486078494
 20
1688.081120934972
  0
LWPOLYLINE
  5
533
100
AcDbEntity
  8
2 BaseLine
  6
ByLayer
 62
  256
370
   -1
100
AcDbPolyline
 90
    4
 70
    1
 43
0
 10
-37.8698327792232
 20
1613.852821123001
 10
154.0175329789473
 20
1613.852821123001
 10
154.0175329789473
 20
1607.832583477862
 10
-37.8698327792232
 20
1607.832583477862
  0
LINE
  5
534
100
AcDbEntity
  8
2 BaseLine
  6
ByLayer
 62
  256
370
   -1
100
AcDbLine
 10
-31.45205486078494
 20
1688.081120934972
 11
-31.45205486078494
 21
1613.90342345883
  0
LINE
  5
535
100
AcDbEntity
  8
2 BaseLine
  6
ByLayer
 62
  256
370
   -1
100
AcDbLine
 10
-31.44341557244585
 20
1680.529314289867
 11
0.3627628768813125
 21
1613.936598410037
  0
LINE
  5
536
100
AcDbEntity
  8
2 BaseLine
  6
ByLayer
 62
  256
370
   -1
100
AcDbLine
 10
-29.47431922847051
 20
1688.007898020555
 11
6.011248321660446
 21
1613.852821123001
  0
LINE
  5
537
100
AcDbEntity
  8
2 BaseLine
  6
ByLayer
 62
  256
370
   -1
100
AcDbLine
 10
53.24522464552751
 20
1688.081120934972
 11
90.28965394204914
 21
1613.653506213753
  0
LINE
  5
538
100
AcDbEntity
  8
2 BaseLine
  6
ByLayer
 62
  256
370
   -1
100
AcDbLine
 10
6.374565527914648
 20
1613.852821123001
 11
42.27166992708278
 21
1688.081120934972
  0
LINE
  5
539
100
AcDbEntity
  8
2 BaseLine
  6
ByLayer
 62
  256
370
   -1
100
AcDbLine
 10
11.79129478479548
 20
1613.852821123001
 11
47.99328989701117
 21
1688.081120934972
  0
LINE
  5
53A
100
AcDbEntity
  8
2 BaseLine
  6
ByLayer
 62
  256
370
   -1
100
AcDbLine
 10
47.73709795805915
 20
1688.081120934972
 11
83.44348071908945
 21
1615.915475577356
  0
LINE
  5
53B
100
AcDbEntity
  8
2 BaseLine
  6
ByLayer
 62
  256
370
   -1
100
AcDbLine
 10
89.20022747318777
 20
1615.716160668107
 11
122.8012157139305
 21
1688.081120934972
  0
LINE
  5
53C
100
AcDbEntity
  8
2 BaseLine
  6
ByLayer
 62
  256
370
   -1
100
AcDbLine
 10
94.76929033486442
 20
1615.829364588077
 11
128.3575422186467
 21
1687.902195777783
  0
LINE
  5
53D
100
AcDbEntity
  8
2 BaseLine
  6
ByLayer
 62
  256
370
   -1
100
AcDbLine
 10
128.3575422186467
 20
1687.902195777783
 11
128.3575422186467
 21
1613.852821123001
  0
LINE
  5
53E
100
AcDbEntity
  8
2 BaseLine
  6
ByLayer
 62
  256
370
   -1
100
AcDbLine
 10
139.2607840638295
 20
1603.465210861523
 11
125.2940257789469
 21
1577.836887406738
  0
LINE
  5
53F
100
AcDbEntity
  8
2 BaseLine
  6
ByLayer
 62
  256
370
   -1
100
AcDbLine
 10
125.2940257789469
 20
1577.836887406738
 11
-24.36655444296446
 21
1590.136801094465
  0
LINE
  5
540
100
AcDbEntity
  8
2 BaseLine
  6
ByLayer
 62
  256
370
   -1
100
AcDbLine
 10
-24.36655444296446
 20
1590.136801094465
 11
-35.18057944318587
 21
1607.673984331713
  0
SPLINE
  5
541
100
AcDbEntity
  8
2 BaseLine
  6
ByLayer
 62
  256
370
   -1
100
AcDbSpline
210
0
220
0
230
0
 70
    8
 71
    2
 72
   13
 73
   10
 74
    0
 42
1e-07
 43
1e-07
 40
0
 40
0
 40
0
 40
0.125
 40
0.25
 40
0.375
 40
0.5
 40
0.625
 40
0.75
 40
0.875
 40
1
 40
1
 40
1
 10
-31.45205486078494
 20
1695.019074213087
 30
0
 10
-37.54611201124639
 20
1687.674717982533
 30
0
 10
-43.45349549998098
 20
1674.30613260703
 30
0
 10
-45.93213935766075
 20
1663.568090380885
 30
0
 10
-46.86249881366354
 20
1653.96880104133
 30
0
 10
-46.36051702355422
 20
1643.961121006193
 30
0
 10
-44.42663607711818
 20
1632.624945509818
 30
0
 10
-41.63912274806731
 20
1623.428674512411
 30
0
 10
-39.5735492824757
 20
1616.551815050216
 30
0
 10
-37.8698327792232
 20
1613.852821123001
 30
0
  0
LINE
  5
542
100
AcDbEntity
  8
2 BaseLine
  6
ByLayer
 62
  256
370
   -1
100
AcDbLine
 10
-31.46371468907543
 20
1624.576468445928
 11
-20.47901429762629
 21
1613.867765551752
  0
LINE
  5
543
100
AcDbEntity
  8
2 BaseLine
  6
ByLayer
 62
  256
370
   -1
100
AcDbLine
 10
119.0101208239425
 20
1608.016618609587
 11
119.0101208239425
 21
1603.214262157044
  0
LINE
  5
544
100
AcDbEntity
  8
2 BaseLine
  6
ByLayer
 62
  256
370
   -1
100
AcDbLine
 10
119.0101208239425
 20
1603.214262157044
 11
153.9514039786529
 21
1603.214262157044
  0
LWPOLYLINE
  5
545
100
AcDbEntity
  8
2 BaseLine
  6
ByLayer
 62
  256
370
   -1
100
AcDbPolyline
 90
    4
 70
    1
 43
0
 10
339.4969548571342
 20
1694.996599158397
 10
154.0223385839306
 20
1695.01907422667
 10
154.0214978706536
 20
1688.081120999493
 10
339.4961141438571
 20
1688.058645931219
  0
LWPOLYLINE
  5
546
100
AcDbEntity
  8
2 BaseLine
  6
ByLayer
 62
  256
370
   -1
100
AcDbPolyline
 90
    4
 70
    1
 43
0
 10
345.9048973283175
 20
1613.8295689837
 10
154.0175329789473
 20
1613.852821123001
 10
154.0168034707601
 20
1607.832583522061
 10
345.9041678201302
 20
1607.80933138276
  0
LINE
  5
547
100
AcDbEntity
  8
2 BaseLine
  6
ByLayer
 62
  256
370
   -1
100
AcDbLine
 10
339.4961141438571
 20
1688.058645931219
 11
339.4871255887849
 21
1613.880948999676
  0
LINE
  5
548
100
AcDbEntity
  8
2 BaseLine
  6
ByLayer
 62
  256
370
   -1
100
AcDbLine
 10
339.4865597580221
 20
1680.506840388432
 11
307.6723121047041
 21
1613.917979142308
  0
LINE
  5
549
100
AcDbEntity
  8
2 BaseLine
  6
ByLayer
 62
  256
370
   -1
100
AcDbLine
 10
337.5183696532046
 20
1687.98566267139
 11
302.0238165496004
 21
1613.834886316638
  0
LINE
  5
54A
100
AcDbEntity
  8
2 BaseLine
  6
ByLayer
 62
  256
370
   -1
100
AcDbLine
 10
254.7988352593759
 20
1688.068909206937
 11
217.7453873957885
 21
1613.645783927118
  0
LINE
  5
54B
100
AcDbEntity
  8
2 BaseLine
  6
ByLayer
 62
  256
370
   -1
100
AcDbLine
 10
301.6604993460136
 20
1613.834930341956
 11
265.7723898972549
 21
1688.067579475707
  0
LINE
  5
54C
100
AcDbEntity
  8
2 BaseLine
  6
ByLayer
 62
  256
370
   -1
100
AcDbLine
 10
296.2437701289014
 20
1613.835586719424
 11
260.0507699693336
 21
1688.068272798605
  0
LINE
  5
54D
100
AcDbEntity
  8
2 BaseLine
  6
ByLayer
 62
  256
370
   -1
100
AcDbLine
 10
260.3069619064047
 20
1688.068241754296
 11
224.5918346648358
 21
1615.906923682375
  0
LINE
  5
54E
100
AcDbEntity
  8
2 BaseLine
  6
ByLayer
 62
  256
370
   -1
100
AcDbLine
 10
218.8350638008232
 20
1615.70830635401
 11
185.2428447016398
 21
1688.077337722213
  0
LINE
  5
54F
100
AcDbEntity
  8
2 BaseLine
  6
ByLayer
 62
  256
370
   -1
100
AcDbLine
 10
213.2660146976293
 20
1615.822185109791
 11
179.6864965562861
 21
1687.899085859638
  0
LINE
  5
550
100
AcDbEntity
  8
2 BaseLine
  6
ByLayer
 62
  256
370
   -1
100
AcDbLine
 10
179.6864965562861
 20
1687.899085859638
 11
179.6775235508573
 21
1613.849711748514
  0
LINE
  5
551
100
AcDbEntity
  8
2 BaseLine
  6
ByLayer
 62
  256
370
   -1
100
AcDbLine
 10
168.7730230568866
 20
1603.463422774298
 11
182.7366757020567
 21
1577.83340707207
  0
LINE
  5
552
100
AcDbEntity
  8
2 BaseLine
  6
ByLayer
 62
  256
370
   -1
100
AcDbLine
 10
182.7366757020567
 20
1577.83340707207
 11
332.3987452792649
 21
1590.115185402247
  0
LINE
  5
553
100
AcDbEntity
  8
2 BaseLine
  6
ByLayer
 62
  256
370
   -1
100
AcDbLine
 10
332.3987452792649
 20
1590.115185402247
 11
343.2148952854302
 21
1607.651058110679
  0
SPLINE
  5
554
100
AcDbEntity
  8
2 BaseLine
  6
ByLayer
 62
  256
370
   -1
100
AcDbSpline
210
0
220
0
230
0
 70
    8
 71
    2
 72
   13
 73
   10
 74
    0
 42
1e-07
 43
1e-07
 40
0
 40
0
 40
0
 40
0.125
 40
0.25
 40
0.375
 40
0.5
 40
0.625
 40
0.75
 40
0.875
 40
1
 40
1
 40
1
 10
339.4969548571342
 20
1694.996599158397
 30
0
 10
345.5901220033017
 20
1687.651504528426
 30
0
 10
351.495885497252
 20
1674.282203418098
 30
0
 10
353.9732281439603
 20
1663.543860918695
 30
0
 10
354.9024243898543
 20
1653.944458912399
 30
0
 10
354.3992299130101
 20
1643.936839778871
 30
0
 10
352.4639753086142
 20
1632.60089870564
 30
0
 10
349.6753476328924
 20
1623.404965555404
 30
0
 10
347.6089408722916
 20
1616.528356441585
 30
0
 10
345.9048973283175
 20
1613.8295689837
 30
0
  0
LINE
  5
555
100
AcDbEntity
  8
2 BaseLine
  6
ByLayer
 62
  256
370
   -1
100
AcDbLine
 10
339.5000787336593
 20
1624.553992495523
 11
328.5140807853065
 21
1613.846620761786
  0
LINE
  5
556
100
AcDbEntity
  8
2 BaseLine
  6
ByLayer
 62
  256
370
   -1
100
AcDbLine
 10
189.0242376693843
 20
1608.012376595014
 11
189.0236557391422
 21
1603.210020177728
  0
LINE
  5
557
100
AcDbEntity
  8
2 BaseLine
  6
ByLayer
 62
  256
370
   -1
100
AcDbLine
 10
189.0236557391422
 20
1603.210020177728
 11
154.0823728409641
 21
1603.214254221904
  0
LINE
  5
558
100
AcDbEntity
  8
2 BaseLine
  6
ByLayer
 62
  256
370
   -1
100
AcDbLine
 10
-258.0400585614797
 20
1560.16068016112
 11
-80.11162144198111
 21
1560.16068016112
  0
SPLINE
  5
559
100
AcDbEntity
  8
2 BaseLine
  6
ByLayer
 62
  256
370
   -1
100
AcDbSpline
210
0
220
0
230
0
 70
    8
 71
    2
 72
   17
 73
   14
 74
    0
 42
1e-07
 43
1e-07
 40
0
 40
0
 40
0
 40
0.08333333333333333
 40
0.1666666666666667
 40
0.25
 40
0.3333333333333333
 40
0.4166666666666667
 40
0.5
 40
0.5833333333333334
 40
0.6666666666666666
 40
0.75
 40
0.8333333333333334
 40
0.9166666666666666
 40
1
 40
1
 40
1
 10
320.6687885054839
 20
1544.195847969164
 30
0
 10
323.8340154990528
 20
1551.423461748378
 30
0
 10
337.5740585748837
 20
1553.063098555215
 30
0
 10
352.8215912486211
 20
1545.984578826669
 30
0
 10
364.8905696063374
 20
1528.01304180203
 30
0
 10
376.6642834331212
 20
1506.08386178331
 30
0
 10
384.3972353178217
 20
1481.452887108956
 30
0
 10
390.0929409589155
 20
1458.791580334195
 30
0
 10
389.5048839764031
 20
1436.044622257833
 30
0
 10
380.2180425941839
 20
1416.975823948788
 30
0
 10
365.4349549068313
 20
1408.113250806994
 30
0
 10
349.4949957968678
 20
1405.168534210441
 30
0
 10
308.593194313942
 20
1402.857114868072
 30
0
 10
227.3130762938934
 20
1398.0899582596
 30
0
  0
LINE
  5
55A
100
AcDbEntity
  8
2 BaseLine
  6
ByLayer
 62
  256
370
   -1
100
AcDbLine
 10
332.6873832124213
 20
1427.955851389103
 11
335.8077000319573
 21
1422.883457003921
  0
LWPOLYLINE
  5
55B
100
AcDbEntity
  8
2 BaseLine
  6
ByLayer
 62
  256
370
   -1
100
AcDbPolyline
 90
    4
 70
    1
 43
0
 10
246.0738537723068
 20
1423.053697412143
 10
332.0966969125667
 20
1423.053697412143
 10
332.0966969125667
 20
1427.984961376134
 10
246.0738537723068
 20
1427.984961376134
  0
SPLINE
  5
55C
100
AcDbEntity
  8
2 BaseLine
  6
ByLayer
 62
  256
370
   -1
100
AcDbSpline
210
0
220
0
230
0
 70
    8
 71
    2
 72
   14
 73
   11
 74
    0
 42
1e-07
 43
1e-07
 40
0
 40
0
 40
0
 40
0.1111111111111111
 40
0.2222222222222222
 40
0.3333333333333333
 40
0.4444444444444444
 40
0.5555555555555556
 40
0.6666666666666666
 40
0.7777777777777778
 40
0.8888888888888888
 40
1
 40
1
 40
1
 10
332.6873832124213
 20
1427.955851389103
 30
0
 10
339.5058997546622
 20
1427.73175683633
 30
0
 10
350.2830540134731
 20
1427.55158406892
 30
0
 10
357.4976036885787
 20
1426.914917913079
 30
0
 10
361.9128640496392
 20
1426.647644882264
 30
0
 10
363.0098959901651
 20
1425.173795964058
 30
0
 10
361.753437928629
 20
1423.847175968677
 30
0
 10
357.4660361900652
 20
1423.614232962035
 30
0
 10
350.2605265827119
 20
1422.755482048197
 30
0
 10
340.6827991650393
 20
1423.037541353353
 30
0
 10
335.7496018139586
 20
1422.970604330919
 30
0
  0
LINE
  5
55D
100
AcDbEntity
  8
2 BaseLine
  6
ByLayer
 62
  256
370
   -1
100
AcDbLine
 10
-257.7141778082066
 20
1449.617335807492
 11
-257.7141778082066
 21
1341.847944210071
  0
LINE
  5
55E
100
AcDbEntity
  8
2 BaseLine
  6
ByLayer
 62
  256
370
   -1
100
AcDbLine
 10
-257.7141778082066
 20
1341.847944210071
 11
-253.7618906525832
 21
1341.847944210071
  0
LINE
  5
55F
100
AcDbEntity
  8
2 BaseLine
  6
ByLayer
 62
  256
370
   -1
100
AcDbLine
 10
-253.7618906525832
 20
1341.847944210071
 11
-253.7618906525832
 21
1449.662086560623
  0
LWPOLYLINE
  5
560
100
AcDbEntity
  8
6 Spar
  6
ByLayer
 62
  256
370
   -1
100
AcDbPolyline
 90
    4
 70
    1
 43
0
 10
-324.233683196731
 20
1880.790421156954
 10
375.5110830763711
 20
1880.790421156954
 10
375.5110830763711
 20
1870.756783823442
 10
-324.233683196731
 20
1870.756783823442
  0
POINT
  5
561
100
AcDbEntity
  8
6 Spar
  6
ByLayer
 62
  256
370
   -1
100
AcDbPoint
 10
-324.2545794691487
 20
1870.756783823442
  0
POINT
  5
562
100
AcDbEntity
  8
6 Spar
  6
ByLayer
 62
  256
370
   -1
100
AcDbPoint
 10
-324.3031278415838
 20
1826.244125751026
  0
LWPOLYLINE
  5
563
100
AcDbEntity
  8
6 Spar
  6
ByLayer
 62
  256
370
   -1
100
AcDbPolyline
 90
    4
 70
    1
 43
0
 10
-324.233683196731
 20
1880.790421156954
 10
375.766316803269
 20
1880.790421156954
 10
375.766316803269
 20
1819.790421156954
 10
-324.233683196731
 20
1819.790421156954
  0
LINE
  5
564
100
AcDbEntity
  8
2 BaseLine
  6
ByLayer
 62
  256
370
   -1
100
AcDbLine
 10
-258.0400585614797
 20
1555.16068016112
 11
-80.11162144198111
 21
1555.16068016112
  0
LINE
  5
565
100
AcDbEntity
  8
3 RefLine
  6
ByLayer
 62
  256
370
   -1
100
AcDbLine
 10
-257.7141778082066
 20
1449.617335807492
 11
-257.7141778082066
 21
1599.617335807492
  0
LINE
  5
566
100
AcDbEntity
  8
3 RefLine
  6
ByLayer
 62
  256
370
   -1
100
AcDbLine
 10
-111.9323612245754
 20
1449.617335807492
 11
-111.9323612245754
 21
1599.617335807492
  0
POINT
  5
567
100
AcDbEntity
  8
2 BaseLine
  6
ByLayer
 62
  256
370
   -1
100
AcDbPoint
 10
-106.9323612245754
 20
1444.628515247023
  0
LWPOLYLINE
  5
568
100
AcDbEntity
  8
9 Mecha
  6
ByLayer
 62
  256
370
   -1
100
AcDbPolyline
 90
    4
 70
    1
 43
0
 10
-106.9323612245754
 20
1538.683174042282
 10
-83.93236122457542
 20
1538.683174042282
 10
-83.93236122457542
 20
1550.683174042282
 10
-106.9323612245754
 20
1550.683174042282
  0
POINT
  5
569
100
AcDbEntity
  8
4 Text
  6
ByLayer
 62
  256
370
   -1
100
AcDbPoint
 10
-257.7141778082066
 20
1548.941547181466
  0
POINT
  5
56A
100
AcDbEntity
  8
9 Mecha
  6
ByLayer
 62
  256
370
   -1
100
AcDbPoint
 10
-317.2766016483961
 20
1380.055975859986
  0
DIMENSION
  5
56B
100
AcDbEntity
  8
4 Text
  6
ByLayer
 62
  256
370
   -1
100
AcDbDimension
  2
*D3
 10
-237.2766016483961
 20
1359.884915323962
 30
0
 11
-277.2766016483961
 21
1364.572415323962
 31
0
 70
   33
 71
    5
  3
Standard
 53
0
210
0
220
0
230
1
100
AcDbAlignedDimension
 13
-317.2766016483961
 23
1380.055975859986
 33
0
 14
-237.2766016483961
 24
1380.055975859986
 34
0
  0
LINE
  5
56C
100
AcDbEntity
  8
3 RefLine
  6
ByLayer
 62
  256
370
   -1
100
AcDbLine
 10
227.3111944308341
 20
1398.095032692901
 11
227.3111944308341
 21
1548.095032692901
  0
LWPOLYLINE
  5
56D
100
AcDbEntity
  8
5 Aerofoil
  6
ByLayer
 62
  256
370
   -1
100
AcDbPolyline
 90
    4
 70
    1
 43
0
 10
227.4940647878335
 20
1536.394962070347
 10
338.7450935141298
 20
1536.394962070347
 10
338.7450935141298
 20
1531.402036111682
 10
227.4940647878335
 20
1531.402036111682
  0
DIMENSION
  5
56E
100
AcDbEntity
  8
4 Text
  6
ByLayer
 62
  256
370
   -1
100
AcDbDimension
  2
*D4
 10
-133.4264086489737
 20
1352.706561059722
 30
0
 11
-129.1423365245849
 21
1354.856080810679
 31
0
 70
   33
 71
    5
  3
Standard
 53
0
210
0
220
0
230
1
100
AcDbAlignedDimension
 13
-125.337711845239
 23
1356.880746582594
 33
0
 14
-124.8334315823093
 24
1354.944277392728
 34
0
  0
LINE
  5
56F
100
AcDbEntity
  8
2 BaseLine
  6
ByLayer
 62
  256
370
   -1
100
AcDbLine
 10
226.592734144196
 20
1427.445669873878
 11
226.592734144196
 21
1400.525790657636
  0
LINE
  5
570
100
AcDbEntity
  8
2 BaseLine
  6
ByLayer
 62
  256
370
   -1
100
AcDbLine
 10
221.592734144196
 20
1427.445669873878
 11
221.592734144196
 21
1400.261974857623
  0
LINE
  5
571
100
AcDbEntity
  8
2 BaseLine
  6
ByLayer
 62
  256
370
   -1
100
AcDbLine
 10
105.3608853142123
 20
1426.778938579333
 11
105.3608853142123
 21
1391.868762100682
  0
LINE
  5
572
100
AcDbEntity
  8
2 BaseLine
  6
ByLayer
 62
  256
370
   -1
100
AcDbLine
 10
100.3608853142123
 20
1426.778938579333
 11
100.3608853142123
 21
1391.32594742717
  0
LINE
  5
573
100
AcDbEntity
  8
2 BaseLine
  6
ByLayer
 62
  256
370
   -1
100
AcDbLine
 10
-106.9323612245754
 20
1449.617335807492
 11
-106.9323612245754
 21
1360.850760670261
  0
LINE
  5
574
100
AcDbEntity
  8
2 BaseLine
  6
ByLayer
 62
  256
370
   -1
100
AcDbLine
 10
-111.9323612245754
 20
1449.617335807492
 11
-111.9323612245754
 21
1359.773980056711
  0
LINE
  5
575
100
AcDbEntity
  8
2 BaseLine
  6
ByLayer
 62
  256
370
   -1
100
AcDbLine
 10
-179.5702625442305
 20
1449.617335807492
 11
-179.5702625442305
 21
1345.291179560421
  0
LINE
  5
576
100
AcDbEntity
  8
2 BaseLine
  6
ByLayer
 62
  256
370
   -1
100
AcDbLine
 10
-184.5702625442305
 20
1449.617335807492
 11
-184.5702625442305
 21
1344.483223723193
  0
LINE
  5
577
100
AcDbEntity
  8
2 BaseLine
  6
ByLayer
 62
  256
370
   -1
100
AcDbLine
 10
330.7450935141298
 20
1551.817642766765
 11
330.7450935141298
 21
1406.322950222873
  0
LINE
  5
578
100
AcDbEntity
  8
2 BaseLine
  6
ByLayer
 62
  256
370
   -1
100
AcDbLine
 10
333.7450935141298
 20
1427.964791513722
 11
333.7450935141298
 21
1406.194854253397
  0
LINE
  5
579
100
AcDbEntity
  8
2 BaseLine
  6
ByLayer
 62
  256
370
   -1
100
AcDbLine
 10
338.7450935141298
 20
1551.817642766765
 11
338.7450935141298
 21
1406.280251566381
  0
LINE
  5
57A
100
AcDbEntity
  8
2 BaseLine
  6
ByLayer
 62
  256
370
   -1
100
AcDbLine
 10
330.7450935141298
 20
1440.233985187342
 11
263.8031191930884
 21
1440.233985187342
  0
LINE
  5
57B
100
AcDbEntity
  8
2 BaseLine
  6
ByLayer
 62
  256
370
   -1
100
AcDbLine
 10
324.6618514412515
 20
1440.233985187342
 11
290.8620143102664
 21
1482.727962453715
  0
LINE
  5
57C
100
AcDbEntity
  8
2 BaseLine
  6
ByLayer
 62
  256
370
   -1
100
AcDbLine
 10
295.4071131822976
 20
1489.836392690093
 11
330.7450935141298
 21
1496.655654419492
  0
LINE
  5
57D
100
AcDbEntity
  8
2 BaseLine
  6
ByLayer
 62
  256
370
   -1
100
AcDbLine
 10
330.922817089393
 20
1445.213976066128
 11
295.4071131822976
 21
1489.836392690093
  0
LINE
  5
57E
100
AcDbEntity
  8
2 BaseLine
  6
ByLayer
 62
  256
370
   -1
100
AcDbLine
 10
301.27217652381
 20
1499.009217037575
 11
330.7450935141298
 21
1504.708255141513
  0
LINE
  5
57F
100
AcDbEntity
  8
2 BaseLine
  6
ByLayer
 62
  256
370
   -1
100
AcDbLine
 10
321.7293724792122
 20
1530.990276677548
 11
330.7450935141298
 21
1530.990276677548
  0
POINT
  5
580
100
AcDbEntity
  8
9 Mecha
  6
ByLayer
 62
  256
370
   -1
100
AcDbPoint
 10
-382.4824525262625
 20
1388.552632139429
  0
LWPOLYLINE
  5
581
100
AcDbEntity
  8
9 Mecha
  6
ByLayer
 62
  256
370
   -1
100
AcDbPolyline
 90
    4
 70
    1
 43
0
 10
-382.4824525262625
 20
1388.552632139429
 10
-353.5530950687276
 20
1390.575569878009
 10
-355.5062763335631
 20
1418.507363285284
 10
-384.435633791098
 20
1416.484425546704
  0
POINT
  5
582
100
AcDbEntity
  8
9 Mecha
  6
ByLayer
 62
  256
370
   -1
100
AcDbPoint
 10
-404.314801280603
 20
1399.722437725115
  0
LWPOLYLINE
  5
583
100
AcDbEntity
  8
9 Mecha
  6
ByLayer
 62
  256
370
   -1
100
AcDbPolyline
 90
    4
 70
    1
 43
0
 10
-404.314801280603
 20
1399.722437725115
 10
-354.4365987676118
 20
1403.210261412321
 10
-354.6577267893806
 20
1406.372539451645
 10
-404.5359293023718
 20
1402.884715764439
  0
SPLINE
  5
584
100
AcDbEntity
  8
6 Spar
  6
ByLayer
 62
  256
370
   -1
100
AcDbSpline
210
0
220
0
230
0
 70
    8
 71
    2
 72
   21
 73
   18
 74
    0
 42
1e-07
 43
1e-07
 40
0
 40
0
 40
0
 40
0.0625
 40
0.125
 40
0.1875
 40
0.25
 40
0.3125
 40
0.375
 40
0.4375
 40
0.5
 40
0.5625
 40
0.625
 40
0.6875
 40
0.75
 40
0.8125
 40
0.875
 40
0.9375
 40
1
 40
1
 40
1
 10
-383.5244598643772
 20
1378.997301985846
 30
0
 10
-363.7229196943916
 20
1366.329455159937
 30
0
 10
-324.8947756296418
 20
1353.378339686645
 30
0
 10
-292.3769447114037
 20
1345.834909884537
 30
0
 10
-262.8172069454114
 20
1339.220497446413
 30
0
 10
-237.8860426374435
 20
1337.980734168668
 30
0
 10
-208.2065847615915
 20
1340.28021086572
 30
0
 10
-168.4426963540108
 20
1344.046852847111
 30
0
 10
-118.7696914440943
 20
1356.780217722926
 30
0
 10
-49.894115246773
 20
1369.936181784117
 30
0
 10
9.66433184270503
 20
1378.328535392796
 30
0
 10
65.06773783677471
 20
1385.293095357765
 30
0
 10
126.3676309723058
 20
1392.324997184744
 30
0
 10
182.2248538722641
 20
1396.122530322946
 30
0
 10
223.9068643440219
 20
1398.442807597995
 30
0
 10
262.178965863405
 20
1400.147335876839
 30
0
 10
310.2723298673035
 20
1403.203199181811
 30
0
 10
337.8367815109701
 20
1404.445320233348
 30
0
  0
SPLINE
  5
585
100
AcDbEntity
  8
2 BaseLine
  6
ByLayer
 62
  256
370
   -1
100
AcDbSpline
210
0
220
0
230
0
 70
    8
 71
    2
 72
   21
 73
   18
 74
    0
 42
1e-07
 43
1e-07
 40
0
 40
0
 40
0
 40
0.0625
 40
0.125
 40
0.1875
 40
0.25
 40
0.3125
 40
0.375
 40
0.4375
 40
0.5
 40
0.5625
 40
0.625
 40
0.6875
 40
0.75
 40
0.8125
 40
0.875
 40
0.9375
 40
1
 40
1
 40
1
 10
-383.9962125324369
 20
1381.553386034458
 30
0
 10
-363.0026135914919
 20
1368.197584223815
 30
0
 10
-324.3324855383473
 20
1355.298975835503
 30
0
 10
-291.9391662273745
 20
1347.788222395737
 30
0
 10
-262.5788962381133
 20
1341.20991278872
 30
0
 10
-237.8780174959834
 20
1339.98455158275
 30
0
 10
-208.4024887284955
 20
1342.272594174932
 30
0
 10
-168.796761194583
 20
1346.016323178201
 30
0
 10
-119.2040007024263
 20
1358.733295456776
 30
0
 10
-50.22482956183713
 20
1371.909071951404
 30
0
 10
9.395672405487151
 20
1380.310562858807
 30
0
 10
64.8338173879189
 20
1387.279482465035
 30
0
 10
126.1848116137515
 20
1394.316830503115
 30
0
 10
182.0974703156241
 20
1398.118561151033
 30
0
 10
223.8016135311715
 20
1400.440060297019
 30
0
 10
262.072879316227
 20
1402.144511244833
 30
0
 10
310.1703204877997
 20
1405.200638455733
 30
0
 10
338.7450935141298
 20
1406.502006681673
 30
0
  0
SPLINE
  5
586
100
AcDbEntity
  8
2 BaseLine
  6
ByLayer
 62
  256
370
   -1
100
AcDbSpline
210
0
220
0
230
0
 70
    8
 71
    2
 72
   21
 73
   18
 74
    0
 42
1e-07
 43
1e-07
 40
0
 40
0
 40
0
 40
0.0625
 40
0.125
 40
0.1875
 40
0.25
 40
0.3125
 40
0.375
 40
0.4375
 40
0.5
 40
0.5625
 40
0.625
 40
0.6875
 40
0.75
 40
0.8125
 40
0.875
 40
0.9375
 40
1
 40
1
 40
1
 10
-384.2159739131773
 20
1386.314652343143
 30
0
 10
-365.9599820516327
 20
1374.953768363501
 30
0
 10
-327.0530698427761
 20
1361.64250461425
 30
0
 10
-293.9018351673497
 20
1353.926367858337
 30
0
 10
-265.6315153080167
 20
1347.395788568591
 30
0
 10
-238.8796186046206
 20
1346.01950253914
 30
0
 10
-208.6642728752081
 20
1348.529986548424
 30
0
 10
-169.1152990563045
 20
1352.541444879216
 30
0
 10
-118.0071536161184
 20
1365.695875386364
 30
0
 10
-55.75757446499877
 20
1377.450960703498
 30
0
 10
5.311267044698458
 20
1386.203212577016
 30
0
 10
63.40835647158593
 20
1393.478397295942
 30
0
 10
122.0447334654666
 20
1400.205139411785
 30
0
 10
175.9312204197119
 20
1403.954468632994
 30
0
 10
220.3229227860815
 20
1406.452838807379
 30
0
 10
262.0213218868626
 20
1408.335145703536
 30
0
 10
309.3080805365021
 20
1411.347014579563
 30
0
 10
338.7450935141298
 20
1412.77348920953
 30
0
  0
LINE
  5
587
100
AcDbEntity
  8
3 RefLine
  6
ByLayer
 62
  256
370
   -1
100
AcDbLine
 10
-317.2766016483961
 20
1380.055975859986
 11
-381.743791916266
 21
1380.055975859986
  0
LINE
  5
588
100
AcDbEntity
  8
2 BaseLine
  6
ByLayer
 62
  256
370
   -1
100
AcDbLine
 10
-381.7067735659026
 20
1380.055975859986
 11
-179.5702625442305
 21
1380.055975859986
  0
LINE
  5
589
100
AcDbEntity
  8
2 BaseLine
  6
ByLayer
 62
  256
370
   -1
100
AcDbLine
 10
-373.3064132893903
 20
1375.055975859986
 11
-179.5702625442305
 21
1375.055975859986
  0
LINE
  5
58A
100
AcDbEntity
  8
2 BaseLine
  6
ByLayer
 62
  256
370
   -1
100
AcDbLine
 10
-381.3350929573968
 20
1416.794070400227
 11
-261.946280434207
 21
1380.055975859986
  0
LINE
  5
58B
100
AcDbEntity
  8
2 BaseLine
  6
ByLayer
 62
  256
370
   -1
100
AcDbLine
 10
-250.711096390771
 20
1380.055975859986
 11
-184.5702625442305
 21
1430.058155158046
  0
LINE
  5
58C
100
AcDbEntity
  8
2 BaseLine
  6
ByLayer
 62
  256
370
   -1
100
AcDbLine
 10
-253.7263790077078
 20
1384.04446814906
 11
-187.5855451611673
 21
1434.04664744712
  0
LINE
  5
58D
100
AcDbEntity
  8
2 BaseLine
  6
ByLayer
 62
  256
370
   -1
100
AcDbLine
 10
-179.5702625442305
 20
1428.610355911673
 11
-118.0511090276056
 21
1365.204025305861
  0
LINE
  5
58E
100
AcDbEntity
  8
2 BaseLine
  6
ByLayer
 62
  256
370
   -1
100
AcDbLine
 10
21.43800510288672
 20
1388.195653266587
 11
100.3608853142123
 21
1417.675397543198
  0
LINE
  5
58F
100
AcDbEntity
  8
2 BaseLine
  6
ByLayer
 62
  256
370
   -1
100
AcDbLine
 10
105.3608853142123
 20
1416.796491531082
 11
215.7703775781364
 21
1406.159023098604
  0
LINE
  5
590
100
AcDbEntity
  8
2 BaseLine
  6
ByLayer
 62
  256
370
   -1
100
AcDbLine
 10
229.8730621291471
 20
1406.866098610984
 11
330.7450935141298
 21
1419.185361260382
  0
LINE
  5
591
100
AcDbEntity
  8
2 BaseLine
  6
ByLayer
 62
  256
370
   -1
100
AcDbLine
 10
105.840392930795
 20
1421.773445664449
 11
221.592734144196
 21
1410.720911841755
  0
LINE
  5
592
100
AcDbEntity
  8
2 BaseLine
  6
ByLayer
 62
  256
370
   -1
100
AcDbLine
 10
17.96934533313049
 20
1392.360489550218
 11
97.77927586868248
 21
1422.090993357245
  0
LINE
  5
593
100
AcDbEntity
  8
2 BaseLine
  6
ByLayer
 62
  256
370
   -1
100
AcDbLine
 10
-175.9817288064044
 20
1432.092083300841
 11
-112.4769029717249
 21
1366.420050292784
  0
LINE
  5
594
100
AcDbEntity
  8
3 RefLine
  6
ByLayer
 62
  256
370
   -1
100
AcDbLine
 10
100.3608853142123
 20
1691.32594742717
 11
100.3608853142123
 21
1391.32594742717
  0
LINE
  5
595
100
AcDbEntity
  8
3 RefLine
  6
ByLayer
 62
  256
370
   -1
100
AcDbLine
 10
12.96934533313049
 20
1680.705876549462
 11
12.96934533313049
 21
1380.705876549462
  0
LWPOLYLINE
  5
596
100
AcDbEntity
  8
8 Linkage
  6
ByLayer
 62
  256
370
   -1
100
AcDbPolyline
 90
    4
 70
    1
 43
0
 10
-309.2785394650522
 20
1380.055975859986
 10
-305.5782977167166
 20
1380.055975859986
 10
-305.5782977167166
 20
1375.055975859986
 10
-309.2785394650522
 20
1375.055975859986
  0
LWPOLYLINE
  5
597
100
AcDbEntity
  8
8 Linkage
  6
ByLayer
 62
  256
370
   -1
100
AcDbPolyline
 90
    4
 70
    1
 43
0
 10
-247.9161971384865
 20
1380.055975859986
 10
-244.2159553901509
 20
1380.055975859986
 10
-244.2159553901509
 20
1375.055975859986
 10
-247.9161971384865
 20
1375.055975859986
  0
LWPOLYLINE
  5
598
100
AcDbEntity
  8
7 Rib
  6
ByLayer
 62
  256
370
   -1
100
AcDbPolyline
 90
    4
 70
    1
 43
0
 10
-257.5683004411919
 20
1555.004037334073
 10
-252.4944263279163
 20
1555.004037334073
 10
-252.4944263279163
 20
1512.68589917894
 10
-257.5683004411919
 20
1512.68589917894
  0
LWPOLYLINE
  5
599
100
AcDbEntity
  8
7 Rib
  6
ByLayer
 62
  256
370
   -1
100
AcDbPolyline
 90
    4
 70
    1
 43
0
 10
-184.6802020266369
 20
1555.152875875772
 10
-179.6343758790239
 20
1555.152875875772
 10
-179.6343758790239
 20
1512.572031740272
 10
-184.6802020266369
 20
1512.572031740272
  0
LWPOLYLINE
  5
59A
100
AcDbEntity
  8
7 Rib
  6
ByLayer
 62
  256
370
   -1
100
AcDbPolyline
 90
    4
 70
    1
 43
0
 10
-111.9323612245754
 20
1555.152875875772
 10
-106.8865350769624
 20
1555.152875875772
 10
-106.8865350769624
 20
1512.572031740272
 10
-111.9323612245754
 20
1512.572031740272
  0
DIMENSION
  5
59B
100
AcDbEntity
  8
4 Text
  6
ByLayer
 62
  256
370
   -1
100
AcDbDimension
  2
*D5
 10
-106.8865350769624
 20
1489.878947501631
 30
0
 11
-109.4094481507689
 21
1494.566447501631
 31
0
 70
   33
 71
    5
  3
Standard
 53
0
210
0
220
0
230
1
100
AcDbAlignedDimension
 13
-111.9323612245754
 23
1512.572031740272
 33
0
 14
-106.8865350769624
 24
1512.572031740272
 34
0
  0
LINE
  5
59C
100
AcDbEntity
  8
3 RefLine
  6
ByLayer
 62
  256
370
   -1
100
AcDbLine
 10
154.0225627741378
 20
1696.869195087248
 11
154.0225627741378
 21
1568.65345693565
  0
LWPOLYLINE
  5
59D
100
AcDbEntity
  8
7 Rib
  6
ByLayer
 62
  256
370
   -1
100
AcDbPolyline
 90
    4
 70
    1
 43
0
 10
12.96934533313049
 20
1551.984419066248
 10
18.05651592415532
 20
1551.984419066248
 10
18.05651592415532
 20
1515.731101421385
 10
12.96934533313049
 20
1515.731101421385
  0
LWPOLYLINE
  5
59E
100
AcDbEntity
  8
7 Rib
  6
ByLayer
 62
  256
370
   -1
100
AcDbPolyline
 90
    4
 70
    1
 43
0
 10
100.3608853142123
 20
1547.889753466048
 10
105.2190989305464
 20
1547.889753466048
 10
105.2190989305464
 20
1520.42672168241
 10
100.3608853142123
 20
1520.42672168241
  0
POINT
  5
59F
100
AcDbEntity
  8
4 Text
  6
ByLayer
 62
  256
370
   -1
100
AcDbPoint
 10
227.4940647878335
 20
1536.394962070347
  0
POINT
  5
5A0
100
AcDbEntity
  8
4 Text
  6
ByLayer
 62
  256
370
   -1
100
AcDbPoint
 10
227.4940647878335
 20
1526.409377619033
  0
DIMENSION
  5
5A1
100
AcDbEntity
  8
4 Text
  6
ByLayer
 62
  256
370
   -1
100
AcDbDimension
  2
*D6
 10
80.94460699787948
 20
1520.42672168241
 30
0
 11
76.25710699787948
 21
1534.158237574229
 31
0
 70
   32
 71
    5
  3
Standard
 53
0
210
0
220
0
230
1
100
AcDbAlignedDimension
 13
100.3608853142123
 23
1547.889753466048
 33
0
 14
100.3608853142123
 24
1520.42672168241
 34
0
 50
90
100
AcDbRotatedDimension
  0
DIMENSION
  5
5A2
100
AcDbEntity
  8
4 Text
  6
ByLayer
 62
  256
370
   -1
100
AcDbDimension
  2
*D7
 10
-3.664159164513062
 20
1515.731101421385
 30
0
 11
-8.351659164513061
 21
1533.857760243816
 31
0
 70
   32
 71
    5
  3
Standard
 53
0
210
0
220
0
230
1
100
AcDbAlignedDimension
 13
12.96934533313049
 23
1551.984419066248
 33
0
 14
12.96934533313049
 24
1515.731101421385
 34
0
 50
90
100
AcDbRotatedDimension
  0
DIMENSION
  5
5A3
100
AcDbEntity
  8
4 Text
  6
ByLayer
 62
  256
370
   -1
100
AcDbDimension
  2
*D8
 10
-266.128293835464
 20
1512.68589917894
 30
0
 11
-270.815793835464
 21
1533.92328967003
 31
0
 70
   32
 71
    5
  3
Standard
 53
0
210
0
220
0
230
1
100
AcDbAlignedDimension
 13
-258.0400585614797
 23
1555.16068016112
 33
0
 14
-258.0400585614797
 24
1512.68589917894
 34
0
 50
90
100
AcDbRotatedDimension
  0
SPLINE
  5
5A4
100
AcDbEntity
  8
2 BaseLine
  6
ByLayer
 62
  256
370
   -1
100
AcDbSpline
210
0
220
0
230
0
 70
    8
 71
    2
 72
    7
 73
    4
 74
    0
 42
1e-07
 43
1e-07
 40
0
 40
0
 40
0
 40
0.5
 40
1
 40
1
 40
1
 10
-258.0400585614797
 20
1560.16068016112
 30
0
 10
-294.918537413608
 20
1559.650599542462
 30
0
 10
-358.2898217182867
 20
1557.172123523548
 30
0
 10
-385.696964093072
 20
1554.700781533582
 30
0
  0
SPLINE
  5
5A5
100
AcDbEntity
  8
2 BaseLine
  6
ByLayer
 62
  256
370
   -1
100
AcDbSpline
210
0
220
0
230
0
 70
    8
 71
    2
 72
    7
 73
    4
 74
    0
 42
1e-07
 43
1e-07
 40
0
 40
0
 40
0
 40
0.5
 40
1
 40
1
 40
1
 10
-256.3736045921233
 20
1555.330172701289
 30
0
 10
-292.8814070174706
 20
1554.8442008392
 30
0
 10
-357.4350506478833
 20
1552.267288320587
 30
0
 10
-386.0812520015009
 20
1549.790436036991
 30
0
  0
LINE
  5
5A6
100
AcDbEntity
  8
6 Spar
  6
ByLayer
 62
  256
370
   -1
100
AcDbLine
 10
-388.0379980134191
 20
1513.226185994537
 11
-385.696964093072
 21
1554.743480190074
  0
LINE
  5
5A7
100
AcDbEntity
  8
6 Spar
  6
ByLayer
 62
  256
370
   -1
100
AcDbLine
 10
-385.9464621654653
 20
1512.935694904544
 11
-383.8609218639121
 21
1554.828877503058
  0
POINT
  5
5A8
100
AcDbEntity
  8
9 Mecha
  6
ByLayer
 62
  256
370
   -1
100
AcDbPoint
 10
-385.9716831083655
 20
1519.796545000537
  0
LWPOLYLINE
  5
5A9
100
AcDbEntity
  8
9 Mecha
  6
ByLayer
 62
  256
370
   -1
100
AcDbPolyline
 90
    4
 70
    1
 43
0
 10
-385.9716831083655
 20
1519.796545000537
 10
-357.0114266004829
 20
1518.278802269491
 10
-355.5460198256804
 20
1546.240429242619
 10
-384.5062763335631
 20
1547.758171973665
  0
POINT
  5
5AA
100
AcDbEntity
  8
9 Mecha
  6
ByLayer
 62
  256
370
   -1
100
AcDbPoint
 10
-406.2800399730867
 20
1533.543786556875
  0
LWPOLYLINE
  5
5AB
100
AcDbEntity
  8
9 Mecha
  6
ByLayer
 62
  256
370
   -1
100
AcDbPolyline
 90
    4
 70
    1
 43
0
 10
-406.2800399730867
 20
1533.543786556875
 10
-356.348563235358
 20
1530.926988744728
 10
-356.1826582540678
 20
1534.0926443699
 10
-406.1141349917965
 20
1536.709442182047
  0
LINE
  5
5AC
100
AcDbEntity
  8
3 RefLine
  6
ByLayer
 62
  256
370
   -1
100
AcDbLine
 10
-380
 20
1900
 11
-380
 21
1640
  0
LINE
  5
5AD
100
AcDbEntity
  8
3 RefLine
  6
ByLayer
 62
  256
370
   -1
100
AcDbLine
 10
-505.766316803269
 20
1880.790421156954
 11
-575.766316803269
 21
1880.790421156954
  0
POINT
  5
5AE
100
AcDbEntity
  8
4 Text
  6
ByLayer
 62
  256
370
   -1
100
AcDbPoint
 10
-435.766316803269
 20
1880.790421156954
  0
LINE
  5
5AF
100
AcDbEntity
  8
2 BaseLine
  6
ByLayer
 62
  256
370
   -1
100
AcDbLine
 10
375.766316803269
 20
1880.790421156954
 11
375.766316803269
 21
1700.953436512878
  0
DIMENSION
  5
5B0
100
AcDbEntity
  8
4 Text
  6
ByLayer
 62
  256
370
   -1
100
AcDbDimension
  2
*D9
 10
345.9048973283175
 20
1569.246154760085
 30
0
 11
154.0175322745471
 21
1573.933654760085
 31
0
 70
   32
 71
    5
 72
    0
  3
Standard
 53
0
210
0
220
0
230
1
100
AcDbAlignedDimension
 13
-37.8698327792232
 23
1613.852821123001
 33
0
 14
345.9048973283175
 24
1613.8295689837
 34
0
100
AcDbRotatedDimension
  0
DIMENSION
  5
5B1
100
AcDbEntity
  8
4 Text
  6
ByLayer
 62
  256
370
   -1
100
AcDbDimension
  2
*D10
 10
411.0520371827874
 20
1607.810189797771
 30
0
 11
406.3645371827874
 21
1651.403394478084
 31
0
 70
   32
 71
    5
 72
    0
  3
Standard
 53
0
210
0
220
0
230
1
100
AcDbAlignedDimension
 13
339.4969548571342
 23
1694.996599158397
 33
0
 14
339.4969548571342
 24
1607.810189797771
 34
0
 50
90
100
AcDbRotatedDimension
  0
DIMENSION
  5
5B2
100
AcDbEntity
  8
4 Text
  6
ByLayer
 62
  256
370
   -1
100
AcDbDimension
  2
*D11
 10
165.527298948636
 20
1613.849532447195
 30
0
 11
160.839798948636
 21
1595.841469759633
 31
0
 70
   32
 71
    5
 72
    0
  3
Standard
 53
0
210
0
220
0
230
1
100
AcDbAlignedDimension
 13
182.7366757020567
 23
1577.83340707207
 33
0
 14
182.7366757020567
 24
1613.849532447195
 34
0
 50
90
100
AcDbRotatedDimension
  0
DIMENSION
  5
5B3
100
AcDbEntity
  8
4 Text
  6
ByLayer
 62
  256
370
   -1
100
AcDbDimension
  2
*D12
 10
189.0236557391422
 20
1557.421453470706
 30
0
 11
154.0168882815424
 21
1562.108953470706
 31
0
 70
   32
 71
    5
 72
    0
  3
Standard
 53
0
210
0
220
0
230
1
100
AcDbAlignedDimension
 13
119.0101208239425
 23
1603.214262157044
 33
0
 14
189.0236557391422
 24
1603.210020177728
 34
0
100
AcDbRotatedDimension
  0
DIMENSION
  5
5B4
100
AcDbEntity
  8
4 Text
  6
ByLayer
 62
  256
370
   -1
100
AcDbDimension
  2
*D13
 10
179.6775235508573
 20
1627.147997098627
 30
0
 11
154.017532884752
 21
1631.835497098627
 31
0
 70
   32
 71
    5
 72
    0
  3
Standard
 53
0
210
0
220
0
230
1
100
AcDbAlignedDimension
 13
128.3575422186467
 23
1613.852821123001
 33
0
 14
179.6775235508573
 24
1613.849711748514
 34
0
100
AcDbRotatedDimension
  0
DIMENSION
  5
5B5
100
AcDbEntity
  8
4 Text
  6
ByLayer
 62
  256
370
   -1
100
AcDbDimension
  2
*D14
 10
354.5105642116855
 20
1651.401003324626
 30
0
 11
347.0011308669685
 21
1656.088503324626
 31
0
 70
   32
 71
    5
 72
    0
  3
Standard
 53
0
210
0
220
0
230
1
100
AcDbAlignedDimension
 13
339.4916975222515
 23
1651.610649975087
 33
0
 14
354.5105642116855
 24
1651.610649975087
 34
0
100
AcDbRotatedDimension
  0
DIMENSION
  5
5B6
100
AcDbEntity
  8
4 Text
  6
ByLayer
 62
  256
370
   -1
100
AcDbDimension
  2
*D15
 10
362.1092769920622
 20
1607.80933138276
 30
0
 11
357.4217769920622
 21
1610.81945018323
 31
0
 70
   32
 71
    5
 72
    0
  3
Standard
 53
0
210
0
220
0
230
1
100
AcDbAlignedDimension
 13
345.9048973283175
 23
1613.8295689837
 33
0
 14
345.9041678201302
 24
1607.80933138276
 34
0
 50
90
100
AcDbRotatedDimension
  0
LINE
  5
5B7
100
AcDbEntity
  8
4 Text
  6
ByLayer
 62
  256
370
   -1
100
AcDbLine
 10
-48.49690511683841
 20
1618.754174063443
 11
-12.02546188221508
 21
1639.873871350648
  0
LEADER
  5
5B8
100
AcDbEntity
  8
4 Text
  6
ByLayer
 62
  256
370
   -1
100
AcDbLeader
  3
Standard
 71
    1
 72
    0
 73
    3
 74
    0
 75
    0
 40
1
 41
10
 76
2
 76
2
 10
-12.35091585701673
 20
1639.685409123242
 30
0
 10
-15.51532995320737
 20
1637.852976351855
 30
0
  0
LINE
  5
5B9
100
AcDbEntity
  8
3 RefLine
  6
ByLayer
 62
  256
370
   -1
100
AcDbLine
 10
-435.766316803269
 20
1880.790421156954
 11
-1131.93164356106
 21
1953.960345444311
  0
LINE
  5
5BA
100
AcDbEntity
  8
3 RefLine
  6
ByLayer
 62
  256
370
   -1
100
AcDbLine
 10
-1131.93164356106
 20
1953.960345444311
 11
-1131.93164356106
 21
1880.790421156954
  0
DIMENSION
  5
5BB
100
AcDbEntity
  8
4 Text
  6
ByLayer
 62
  256
370
   -1
100
AcDbDimension
  2
*D17
 10
-1155.993985985973
 20
1953.960345444311
 30
0
 11
-1160.681485985973
 21
1917.375383300633
 31
0
 70
   32
 71
    5
 72
    0
  3
Standard
 53
0
210
0
220
0
230
1
100
AcDbAlignedDimension
 13
-1131.93164356106
 23
1880.790421156954
 33
0
 14
-1131.93164356106
 24
1953.960345444311
 34
0
 50
90
100
AcDbRotatedDimension
  0
DIMENSION
  5
5BC
100
AcDbEntity
  8
4 Text
  6
ByLayer
 62
  256
370
   -1
100
AcDbDimension
  2
*D18
 10
-1135.766316803269
 20
1880.790421156954
 30
0
 11
0
 21
0
 31
0
 70
   34
 71
    5
 72
    0
  3
Standard
 53
0
210
0
220
0
230
1
100
AcDb2LineAngularDimension
 13
-435.766316803269
 23
1880.790421156954
 33
0
 14
-1131.93164356106
 24
1953.960345444311
 34
0
 15
-435.766316803269
 25
1880.790421156954
 35
0
 16
-983.137367388922
 26
1915.058065582045
 36
0
  0
DIMENSION
  5
5BD
100
AcDbEntity
  8
4 Text
  6
ByLayer
 62
  256
370
   -1
100
AcDbDimension
  2
*D19
 10
412.5168681966051
 20
1404.628996462868
 30
0
 11
407.8293681966051
 21
1478.223319614816
 31
0
 70
   32
 71
    5
 72
    0
  3
Standard
 53
0
210
0
220
0
230
1
100
AcDbAlignedDimension
 13
338.7450935141298
 23
1551.817642766765
 33
0
 14
338.7485460732796
 24
1404.628996462868
 34
0
 50
90
100
AcDbRotatedDimension
  0
DIMENSION
  5
5BE
100
AcDbEntity
  8
4 Text
  6
ByLayer
 62
  256
370
   -1
100
AcDbDimension
  2
*D20
 10
195.9265559056681
 20
1400.261974857623
 30
0
 11
191.2390559056681
 21
1413.853822365751
 31
0
 70
   32
 71
    5
 72
    0
  3
Standard
 53
0
210
0
220
0
230
1
100
AcDbAlignedDimension
 13
221.592734144196
 23
1427.445669873878
 33
0
 14
221.592734144196
 24
1400.261974857623
 34
0
 50
90
100
AcDbRotatedDimension
  0
DIMENSION
  5
5BF
100
AcDbEntity
  8
4 Text
  6
ByLayer
 62
  256
370
   -1
100
AcDbDimension
  2
*D21
 10
97.96802191980177
 20
1391.32594742717
 30
0
 11
93.28052191980177
 21
1409.052443003251
 31
0
 70
   32
 71
    5
 72
    0
  3
Standard
 53
0
210
0
220
0
230
1
100
AcDbAlignedDimension
 13
100.3608853142123
 23
1426.778938579333
 33
0
 14
100.3608853142123
 24
1391.32594742717
 34
0
 50
90
100
AcDbRotatedDimension
  0
DIMENSION
  5
5C0
100
AcDbEntity
  8
4 Text
  6
ByLayer
 62
  256
370
   -1
100
AcDbDimension
  2
*D22
 10
-119.9495033419525
 20
1359.773980056711
 30
0
 11
-124.6370033419525
 21
1404.695657932102
 31
0
 70
   32
 71
    5
 72
    0
  3
Standard
 53
0
210
0
220
0
230
1
100
AcDbAlignedDimension
 13
-111.9323612245754
 23
1449.617335807492
 33
0
 14
-111.9323612245754
 24
1359.773980056711
 34
0
 50
90
100
AcDbRotatedDimension
  0
DIMENSION
  5
5C1
100
AcDbEntity
  8
4 Text
  6
ByLayer
 62
  256
370
   -1
100
AcDbDimension
  2
*D23
 10
-189.6734669593631
 20
1344.483223723193
 30
0
 11
-194.3609669593631
 21
1397.050279765343
 31
0
 70
   32
 71
    5
 72
    0
  3
Standard
 53
0
210
0
220
0
230
1
100
AcDbAlignedDimension
 13
-184.5702625442305
 23
1449.617335807492
 33
0
 14
-184.5702625442305
 24
1344.483223723193
 34
0
 50
90
100
AcDbRotatedDimension
  0
DIMENSION
  5
5C2
100
AcDbEntity
  8
4 Text
  6
ByLayer
 62
  256
370
   -1
100
AcDbDimension
  2
*D24
 10
-261.5011610867184
 20
1341.847944210071
 30
0
 11
-266.1886610867184
 21
1395.755015385347
 31
0
 70
   32
 71
    5
 72
    0
  3
Standard
 53
0
210
0
220
0
230
1
100
AcDbAlignedDimension
 13
-253.7618906525832
 23
1449.662086560623
 33
0
 14
-253.7618906525832
 24
1341.847944210071
 34
0
 50
90
100
AcDbRotatedDimension
  0
DIMENSION
  5
5C3
100
AcDbEntity
  8
4 Text
  6
ByLayer
 62
  256
370
   -1
100
AcDbDimension
  2
*D25
 10
-385.5994677941874
 20
1434.770710656088
 30
0
 11
-386.9240153151225
 21
1439.377035667937
 31
0
 70
   33
 71
    5
 72
    0
  3
Standard
 53
0
210
0
220
0
230
1
100
AcDbAlignedDimension
 13
-386.9305282784908
 23
1425.134588357192
 33
0
 14
-384.9354001779711
 24
1425.27410130468
 34
0
  0
DIMENSION
  5
5C4
100
AcDbEntity
  8
4 Text
  6
ByLayer
 62
  256
370
   -1
100
AcDbDimension
  2
*D26
 10
-240.5594186233879
 20
1434.617335807492
 30
0
 11
-245.2469186233879
 21
1442.117335807492
 31
0
 70
   32
 71
    5
 72
    0
  3
Standard
 53
0
210
0
220
0
230
1
100
AcDbAlignedDimension
 13
-257.7141778082066
 23
1449.617335807492
 33
0
 14
-257.7141778082066
 24
1434.617335807492
 34
0
 50
90
100
AcDbRotatedDimension
  0
LINE
  5
5C5
100
AcDbEntity
  8
3 RefLine
  6
ByLayer
 62
  256
370
   -1
100
AcDbLine
 10
-317.2766016483961
 20
1413.055975859986
 11
-317.2766016483961
 21
1578.919494527448
  0
DIMENSION
  5
5C6
100
AcDbEntity
  8
4 Text
  6
ByLayer
 62
  256
370
   -1
100
AcDbDimension
  2
*D27
 10
-613.5373754346656
 20
1075.108477691225
 30
0
 11
-624.9449344285977
 21
1079.795977691225
 31
0
 70
   32
 71
    5
 72
    0
  3
Standard
 53
0
210
0
220
0
230
1
100
AcDbAlignedDimension
 13
-636.3524934225296
 23
1085.887277122757
 33
0
 14
-613.5373754346656
 24
1085.887277122757
 34
0
100
AcDbRotatedDimension
  0
DIMENSION
  5
5C7
100
AcDbEntity
  8
4 Text
  6
ByLayer
 62
  256
370
   -1
100
AcDbDimension
  2
*D28
 10
-650.7097128957816
 20
1116.680230485463
 30
0
 11
-655.3972128957816
 21
1101.28375380411
 31
0
 70
   32
 71
    5
 72
    0
  3
Standard
 53
0
210
0
220
0
230
1
100
AcDbAlignedDimension
 13
-636.3524934225296
 23
1085.887277122757
 33
0
 14
-629.8658422299017
 24
1116.680230485463
 34
0
 50
90
100
AcDbRotatedDimension
  0
LINE
  5
5C8
100
AcDbEntity
  8
3 RefLine
  6
ByLayer
 62
  256
370
   -1
100
AcDbLine
 10
-636.3524934225296
 20
1085.887277122757
 11
-636.3524934225296
 21
1027.07656461651
  0
LWPOLYLINE
  5
5C9
100
AcDbEntity
  8
9 Mecha
  6
ByLayer
 62
  256
370
   -1
100
AcDbPolyline
 90
    4
 70
    1
 43
0
 10
-636.3524934225296
 20
1027.07656461651
 10
-613.3524934225296
 20
1027.07656461651
 10
-613.3524934225296
 20
1039.07656461651
 10
-636.3524934225296
 20
1039.07656461651
  0
DIMENSION
  5
5CA
100
AcDbEntity
  8
4 Text
  6
ByLayer
 62
  256
370
   -1
100
AcDbDimension
  2
*D29
 10
-650.709712895812
 20
1027.07656461651
 30
0
 11
-655.397212895812
 21
1033.07656461651
 31
0
 70
   32
 71
    5
 72
    0
  3
Standard
 53
0
210
0
220
0
230
1
100
AcDbAlignedDimension
 13
-636.3524934225296
 23
1039.07656461651
 33
0
 14
-636.3524934225296
 24
1027.07656461651
 34
0
 50
90
100
AcDbRotatedDimension
  0
LINE
  5
5CB
100
AcDbEntity
  8
3 RefLine
  6
ByLayer
 62
  256
370
   -1
100
AcDbLine
 10
246.0738537723068
 20
1427.984961376134
 11
-753.9261462276932
 21
1427.984961376134
  0
DIMENSION
  5
5CC
100
AcDbEntity
  8
4 Text
  6
ByLayer
 62
  256
370
   -1
100
AcDbDimension
  2
*D30
 10
332.0966969125667
 20
1373.623897342109
 30
0
 11
289.1107701219731
 21
1378.311397342109
 31
0
 70
   32
 71
    5
 72
    0
  3
Standard
 53
0
210
0
220
0
230
1
100
AcDbAlignedDimension
 13
246.1248433313796
 23
1422.672529929023
 33
0
 14
332.0966969125667
 24
1423.053697412143
 34
0
100
AcDbRotatedDimension
  0
LINE
  5
5CD
100
AcDbEntity
  8
2 BaseLine
  6
ByLayer
 62
  256
370
   -1
100
AcDbLine
 10
226.592734144196
 20
1411.489487658612
 11
320.016401036977
 21
1422.981381553935
  0
LINE
  5
5CE
100
AcDbEntity
  8
2 BaseLine
  6
ByLayer
 62
  256
370
   -1
100
AcDbLine
 10
330.7450935141298
 20
1545.089189233752
 11
256.0055081593253
 21
1427.957176180674
  0
LINE
  5
5CF
100
AcDbEntity
  8
2 BaseLine
  6
ByLayer
 62
  256
370
   -1
100
AcDbLine
 10
320.6687885054839
 20
1544.195847969164
 11
246.2774243729327
 21
1428.019938011554
  0
DIMENSION
  5
5D0
100
AcDbEntity
  8
2 BaseLine
  6
ByLayer
 62
  256
370
   -1
100
AcDbDimension
  2
*D31
 10
375.8409548622933
 20
1428.110985111836
 30
0
 11
371.1534548622933
 21
1434.172485149589
 31
0
 70
   32
 71
    5
 72
    0
  3
Standard
 53
0
210
0
220
0
230
1
100
AcDbAlignedDimension
 13
330.7450935141298
 23
1440.233985187342
 33
0
 14
330.7450935141298
 24
1428.110985111836
 34
0
 50
90
100
AcDbRotatedDimension
  0
DIMENSION
  5
5D1
100
AcDbEntity
  8
2 BaseLine
  6
ByLayer
 62
  256
370
   -1
100
AcDbDimension
  2
*D32
 10
338.7450935141298
 20
1469.150150830117
 30
0
 11
334.7450935141298
 21
1473.837650830117
 31
0
 70
   32
 71
    5
 72
    0
  3
Standard
 53
0
210
0
220
0
230
1
100
AcDbAlignedDimension
 13
330.7450935141298
 23
1475.62557388971
 33
0
 14
338.7450935141298
 24
1475.471397150196
 34
0
100
AcDbRotatedDimension
  0
DIMENSION
  5
5D2
100
AcDbEntity
  8
2 BaseLine
  6
ByLayer
 62
  256
370
   -1
100
AcDbDimension
  2
*D33
 10
276.2858114842173
 20
1460.427339225744
 30
0
 11
275.7778756137736
 21
1466.625560202654
 31
0
 70
   33
 71
    5
 72
    0
  3
Standard
 53
0
210
0
220
0
230
1
100
AcDbAlignedDimension
 13
272.9644455243042
 23
1469.696670283787
 33
0
 14
279.5436024890613
 24
1464.846120094222
 34
0
  0
DIMENSION
  5
5D3
100
AcDbEntity
  8
2 BaseLine
  6
ByLayer
 62
  256
370
   -1
100
AcDbDimension
  2
*D34
 10
389.8115847494612
 20
1373.550195856477
 30
0
 11
364.2783391317955
 21
1378.237695856477
 31
0
 70
   32
 71
    5
 72
    0
  3
Standard
 53
0
210
0
220
0
230
1
100
AcDbAlignedDimension
 13
338.7450935141298
 23
1406.280251566381
 33
0
 14
389.8115847494612
 24
1447.98329716734
 34
0
100
AcDbRotatedDimension
  0
LINE
  5
5D4
100
AcDbEntity
  8
3 RefLine
  6
ByLayer
 62
  256
370
   -1
100
AcDbLine
 10
338.7450935141298
 20
1551.817642766765
 11
338.7450935141298
 21
1504.708255141513
  0
LINE
  5
5D5
100
AcDbEntity
  8
3 RefLine
  6
ByLayer
 62
  256
370
   -1
100
AcDbLine
 10
338.6628394282774
 20
1533.886465360347
 11
338.6628394282774
 21
1538.886465360347
  0
SPLINE
  5
5D6
100
AcDbEntity
  8
2 BaseLine
  6
ByLayer
 62
  256
370
   -1
100
AcDbSpline
210
0
220
0
230
0
 70
    8
 71
    2
 72
   10
 73
    7
 74
    0
 42
1e-07
 43
1e-07
 40
0
 40
0
 40
0
 40
0.2
 40
0.4
 40
0.6
 40
0.8
 40
1
 40
1
 40
1
 10
-80.11162144198111
 20
1560.16068016112
 30
0
 10
-15.27805038912869
 20
1558.431455965911
 30
0
 10
56.79789187813679
 20
1555.595084826668
 30
0
 10
112.0486181469397
 20
1551.888249378136
 30
0
 10
194.8893230817102
 20
1547.496141355494
 30
0
 10
283.131954358422
 20
1539.869000811418
 30
0
 10
338.6628394282774
 20
1538.835794872287
 30
0
  0
SPLINE
  5
5D7
100
AcDbEntity
  8
2 BaseLine
  6
ByLayer
 62
  256
370
   -1
100
AcDbSpline
210
0
220
0
230
0
 70
    8
 71
    2
 72
   10
 73
    7
 74
    0
 42
1e-07
 43
1e-07
 40
0
 40
0
 40
0
 40
0.2
 40
0.4
 40
0.6
 40
0.8
 40
1
 40
1
 40
1
 10
-80.24493273625632
 20
1555.162457667191
 30
0
 10
-28.85158815418066
 20
1553.820261812402
 30
0
 10
51.81793876905734
 20
1550.898841521963
 30
0
 10
118.8505396437679
 20
1546.479359619831
 30
0
 10
195.9052664441588
 20
1542.380417515089
 30
0
 10
288.4367317585178
 20
1534.610432871825
 30
0
 10
338.5698256805625
 20
1533.836660102876
 30
0
  0
LINE
  5
5D8
100
AcDbEntity
  8
2 BaseLine
  6
ByLayer
 62
  256
370
   -1
100
AcDbLine
 10
-258.0400585614797
 20
1507.68589917894
 11
-80.11162144198111
 21
1507.68589917894
  0
LINE
  5
5D9
100
AcDbEntity
  8
2 BaseLine
  6
ByLayer
 62
  256
370
   -1
100
AcDbLine
 10
-258.0400585614797
 20
1512.68589917894
 11
-80.11162144198111
 21
1512.68589917894
  0
SPLINE
  5
5DA
100
AcDbEntity
  8
2 BaseLine
  6
ByLayer
 62
  256
370
   -1
100
AcDbSpline
210
0
220
0
230
0
 70
    8
 71
    2
 72
    7
 73
    4
 74
    0
 42
1e-07
 43
1e-07
 40
0
 40
0
 40
0
 40
0.5
 40
1
 40
1
 40
1
 10
-258.0400585614797
 20
1507.68589917894
 30
0
 10
-294.9185374136081
 20
1508.195979797598
 30
0
 10
-358.2898217182867
 20
1510.674455816512
 30
0
 10
-385.696964093072
 20
1513.145797806478
 30
0
  0
SPLINE
  5
5DB
100
AcDbEntity
  8
2 BaseLine
  6
ByLayer
 62
  256
370
   -1
100
AcDbSpline
210
0
220
0
230
0
 70
    8
 71
    2
 72
    7
 73
    4
 74
    0
 42
1e-07
 43
1e-07
 40
0
 40
0
 40
0
 40
0.5
 40
1
 40
1
 40
1
 10
-256.3736045921233
 20
1512.516406638771
 30
0
 10
-292.8814070174706
 20
1513.00237850086
 30
0
 10
-357.4350506478833
 20
1515.579291019473
 30
0
 10
-386.0812520015009
 20
1518.056143303069
 30
0
  0
SPLINE
  5
5DC
100
AcDbEntity
  8
2 BaseLine
  6
ByLayer
 62
  256
370
   -1
100
AcDbSpline
210
0
220
0
230
0
 70
    8
 71
    2
 72
   10
 73
    7
 74
    0
 42
1e-07
 43
1e-07
 40
0
 40
0
 40
0
 40
0.2
 40
0.4
 40
0.6
 40
0.8
 40
1
 40
1
 40
1
 10
-80.11162144198111
 20
1507.68589917894
 30
0
 10
-15.2780503891287
 20
1509.415123374149
 30
0
 10
56.79789187813677
 20
1512.251494513392
 30
0
 10
112.0486181469397
 20
1515.958329961924
 30
0
 10
194.8893230817102
 20
1520.350437984566
 30
0
 10
283.131954358422
 20
1527.977578528642
 30
0
 10
338.6628394282774
 20
1529.010784467773
 30
0
  0
SPLINE
  5
5DD
100
AcDbEntity
  8
2 BaseLine
  6
ByLayer
 62
  256
370
   -1
100
AcDbSpline
210
0
220
0
230
0
 70
    8
 71
    2
 72
   10
 73
    7
 74
    0
 42
1e-07
 43
1e-07
 40
0
 40
0
 40
0
 40
0.2
 40
0.4
 40
0.6
 40
0.8
 40
1
 40
1
 40
1
 10
-80.24493273625632
 20
1512.684121672869
 30
0
 10
-28.85158815418066
 20
1514.026317527658
 30
0
 10
51.81793876905736
 20
1516.947737818097
 30
0
 10
118.8505396437679
 20
1521.367219720229
 30
0
 10
195.9052664441588
 20
1525.466161824972
 30
0
 10
288.4367317585178
 20
1533.236146468235
 30
0
 10
338.5698256805625
 20
1534.009919237184
 30
0
  0
DIMENSION
  5
5DE
100
AcDbEntity
  8
4 Text
  6
ByLayer
 62
  256
370
   -1
100
AcDbDimension
  2
*D35
 10
-204.2232800441345
 20
1507.68589917894
 30
0
 11
-208.9107800441345
 21
1510.18589917894
 31
0
 70
   32
 71
    5
 72
    0
  3
Standard
 53
0
210
0
220
0
230
1
100
AcDbAlignedDimension
 13
-169.8646852899282
 23
1512.68589917894
 33
0
 14
-171.2670769125489
 24
1507.68589917894
 34
0
 50
90
100
AcDbRotatedDimension
  0
SPLINE
  5
5DF
100
AcDbEntity
  8
7 Rib
  6
ByLayer
 62
  256
370
   -1
100
AcDbSpline
210
0
220
0
230
0
 70
    8
 71
    2
 72
    8
 73
    5
 74
    0
 42
1e-07
 43
1e-07
 40
0
 40
0
 40
0
 40
0.3333333333333333
 40
0.6666666666666666
 40
1
 40
1
 40
1
 10
227.5068843629927
 20
1539.241477621374
 30
0
 10
252.368264737091
 20
1536.964257888304
 30
0
 10
286.3229651077837
 20
1535.054950748339
 30
0
 10
311.1356260586044
 20
1534.305640444916
 30
0
 10
323.7348318859988
 20
1533.643055716579
 30
0
  0
SPLINE
  5
5E0
100
AcDbEntity
  8
7 Rib
  6
ByLayer
 62
  256
370
   -1
100
AcDbSpline
210
0
220
0
230
0
 70
    8
 71
    2
 72
    8
 73
    5
 74
    0
 42
1e-07
 43
1e-07
 40
0
 40
0
 40
0
 40
0.3333333333333333
 40
0.6666666666666666
 40
1
 40
1
 40
1
 10
227.5068843629927
 20
1528.605101718686
 30
0
 10
252.368264737091
 20
1530.882321451757
 30
0
 10
286.3229651077837
 20
1532.791628591721
 30
0
 10
311.1356260586044
 20
1533.540938895144
 30
0
 10
323.7348318859988
 20
1534.203523623481
 30
0
  0
LWPOLYLINE
  5
5E1
100
AcDbEntity
  8
7 Rib
  6
ByLayer
 62
  256
370
   -1
100
AcDbPolyline
 90
    2
 70
    0
 43
0
 10
227.5068843629927
 20
1539.241477621374
 10
227.5068843629927
 20
1528.605101718686
  0
LINE
  5
5E2
100
AcDbEntity
  8
3 RefLine
  6
ByLayer
 62
  256
370
   -1
100
AcDbLine
 10
-77.73281465212729
 20
1449.617335807492
 11
-57.73281465212729
 21
1449.617335807492
  0
LINE
  5
5E3
100
AcDbEntity
  8
2 BaseLine
  6
ByLayer
 62
  256
370
   -1
100
AcDbLine
 10
-57.73281465212729
 20
1449.617335807492
 11
-257.7141778082066
 21
1449.617335807492
  0
LINE
  5
5E4
100
AcDbEntity
  8
2 BaseLine
  6
ByLayer
 62
  256
370
   -1
100
AcDbLine
 10
-63.00246493305697
 20
1434.617335807492
 11
-257.7141778082066
 21
1434.617335807492
  0
DIMENSION
  5
5E5
100
AcDbEntity
  8
4 Text
  6
ByLayer
 62
  256
370
   -1
100
AcDbDimension
  2
*D36
 10
-57.73281465212729
 20
1463.714690057408
 30
0
 11
-157.723496230167
 21
1468.402190057408
 31
0
 70
   32
 71
    5
  3
Standard
 53
0
210
0
220
0
230
1
100
AcDbAlignedDimension
 13
-257.7141778082066
 23
1449.617335807492
 33
0
 14
-57.73281465212729
 24
1449.617335807492
 34
0
100
AcDbRotatedDimension
  0
SPLINE
  5
5E6
100
AcDbEntity
  8
2 BaseLine
  6
ByLayer
 62
  256
370
   -1
100
AcDbSpline
210
0
220
0
230
0
 70
    8
 71
    2
 72
   14
 73
   11
 74
    0
 42
1e-07
 43
1e-07
 40
0
 40
0
 40
0
 40
0.1111111111111111
 40
0.2222222222222222
 40
0.3333333333333333
 40
0.4444444444444444
 40
0.5555555555555556
 40
0.6666666666666666
 40
0.7777777777777778
 40
0.8888888888888888
 40
1
 40
1
 40
1
 10
-57.73281465212729
 20
1449.617335807492
 30
0
 10
-49.00965554113565
 20
1445.784838463502
 30
0
 10
-24.01797978409151
 20
1437.383713232553
 30
0
 10
-10.62333721219432
 20
1434.458446463978
 30
0
 10
12.62483552753528
 20
1430.917334059913
 30
0
 10
24.32590260183627
 20
1429.37771997119
 30
0
 10
57.88948973601543
 20
1427.222260246976
 30
0
 10
95.99356463196733
 20
1426.903515124104
 30
0
 10
170.4379945221256
 20
1427.611930846982
 30
0
 10
225.0834332992829
 20
1427.295815098665
 30
0
 10
246.0351490613753
 20
1427.671725358083
 30
0
  0
SPLINE
  5
5E7
100
AcDbEntity
  8
2 BaseLine
  6
ByLayer
 62
  256
370
   -1
100
AcDbSpline
210
0
220
0
230
0
 70
    8
 71
    2
 72
   14
 73
   11
 74
    0
 42
1e-07
 43
1e-07
 40
0
 40
0
 40
0
 40
0.1111111111111111
 40
0.2222222222222222
 40
0.3333333333333333
 40
0.4444444444444444
 40
0.5555555555555556
 40
0.6666666666666666
 40
0.7777777777777778
 40
0.8888888888888888
 40
1
 40
1
 40
1
 10
-57.54779100969222
 20
1444.647995001929
 30
0
 10
-47.84624769771345
 20
1440.127957777029
 30
0
 10
-38.60729161002045
 20
1436.49208393128
 30
0
 10
-28.79078345913533
 20
1433.380716601871
 30
0
 10
-13.08671975415242
 20
1429.37771997119
 30
0
 10
8.323483182436666
 20
1425.796132429846
 30
0
 10
37.25396999662615
 20
1422.694225634749
 30
0
 10
95.97074948093827
 20
1421.903491816637
 30
0
 10
170.450016543484
 20
1422.611935060343
 30
0
 10
225.1436939003933
 20
1422.295958795213
 30
0
 10
246.1248433313796
 20
1422.672529929023
 30
0
  0
LINE
  5
5E8
100
AcDbEntity
  8
2 BaseLine
  6
ByLayer
 62
  256
370
   -1
100
AcDbLine
 10
17.81988392225755
 20
1430.234492441294
 11
17.96934533313049
 21
1381.403935343306
  0
LINE
  5
5E9
100
AcDbEntity
  8
2 BaseLine
  6
ByLayer
 62
  256
370
   -1
100
AcDbLine
 10
12.92930990117704
 20
1430.915158215025
 11
12.96934533313049
 21
1380.705876549462
  0
DIMENSION
  5
5EA
100
AcDbEntity
  8
4 Text
  6
ByLayer
 62
  256
370
   -1
100
AcDbDimension
  2
*D37
 10
7.177218997404095
 20
1380.705876549462
 30
0
 11
2.489718997404097
 21
1405.810517382243
 31
0
 70
   32
 71
    5
  3
Standard
 53
0
210
0
220
0
230
1
100
AcDbAlignedDimension
 13
12.92930990117704
 23
1430.915158215025
 33
0
 14
12.96934533313049
 24
1380.705876549462
 34
0
 50
90
100
AcDbRotatedDimension
  0
LINE
  5
5EB
100
AcDbEntity
  8
4 Text
  6
ByLayer
 62
  256
370
   -1
100
AcDbLine
 10
-57.53763847236532
 20
1428.970733231099
 11
-42.807288753295
 21
1438.145712184946
  0
LINE
  5
5EC
100
AcDbEntity
  8
2 BaseLine
  6
ByLayer
 62
  256
370
   -1
100
AcDbLine
 10
-57.93481627559088
 20
1426.065858926353
 11
7.878666770106223
 21
1386.412533844943
  0
LINE
  5
5ED
100
AcDbEntity
  8
2 BaseLine
  6
ByLayer
 62
  256
370
   -1
100
AcDbLine
 10
-54.51431051762241
 20
1430.626533270311
 11
12.96934533313049
 21
1389.713172847709
  0
POINT
  5
5EE
100
AcDbEntity
  8
7 Rib
  6
ByLayer
 62
  256
370
   -1
100
AcDbPoint
 10
-709.6221708906183
 20
1573.358914242925
  0
LWPOLYLINE
  5
5EF
100
AcDbEntity
  8
7 Rib
  6
ByLayer
 62
  256
370
   -1
100
AcDbPolyline
 90
    4
 70
    1
 43
0
 10
-709.6221708906183
 20
1573.358914242925
 10
-671.6221708906183
 20
1573.358914242925
 10
-671.6221708906183
 20
1639.358914242925
 10
-709.6221708906183
 20
1639.358914242925
  0
LWPOLYLINE
  5
5F0
100
AcDbEntity
  8
7 Rib
  6
ByLayer
 62
  256
370
   -1
100
AcDbPolyline
 90
    4
 70
    1
 43
0
 10
-704.6221708906183
 20
1578.358914242925
 10
-676.6221708906183
 20
1578.358914242925
 10
-676.6221708906183
 20
1634.358914242925
 10
-704.6221708906183
 20
1634.358914242925
  0
POINT
  5
5F1
100
AcDbEntity
  8
7 Rib
  6
ByLayer
 62
  256
370
   -1
100
AcDbPoint
 10
-639.6221708906183
 20
1480.358914242925
  0
POINT
  5
5F2
100
AcDbEntity
  8
7 Rib
  6
ByLayer
 62
  256
370
   -1
100
AcDbPoint
 10
-579.6221708906183
 20
1480.358914242925
  0
LWPOLYLINE
  5
5F3
100
AcDbEntity
  8
7 Rib
  6
ByLayer
 62
  256
370
   -1
100
AcDbPolyline
 90
    4
 70
    1
 43
0
 10
-579.6221708906183
 20
1480.358914242925
 10
-552.6221708906183
 20
1480.358914242925
 10
-552.6221708906183
 20
1515.358914242925
 10
-579.6221708906183
 20
1515.358914242925
  0
POINT
  5
5F4
100
AcDbEntity
  8
7 Rib
  6
ByLayer
 62
  256
370
   -1
100
AcDbPoint
 10
-529.6221708906183
 20
1480.358914242925
  0
LWPOLYLINE
  5
5F5
100
AcDbEntity
  8
7 Rib
  6
ByLayer
 62
  256
370
   -1
100
AcDbPolyline
 90
    4
 70
    1
 43
0
 10
-634.6221708906183
 20
1485.358914242925
 10
-608.6221708906183
 20
1485.358914242925
 10
-608.6221708906183
 20
1523.358914242925
 10
-634.6221708906183
 20
1523.358914242925
  0
LWPOLYLINE
  5
5F6
100
AcDbEntity
  8
7 Rib
  6
ByLayer
 62
  256
370
   -1
100
AcDbPolyline
 90
    4
 70
    1
 43
0
 10
-574.6221708906183
 20
1485.358914242925
 10
-557.6221708906183
 20
1485.358914242925
 10
-557.6221708906183
 20
1510.358914242925
 10
-574.6221708906183
 20
1510.358914242925
  0
LINE
  5
5F7
100
AcDbEntity
  8
3 RefLine
  6
ByLayer
 62
  256
370
   -1
100
AcDbLine
 10
-499.6221708906183
 20
1543.358914242925
 11
-457.6221708906183
 21
1496.358914242925
  0
LINE
  5
5F8
100
AcDbEntity
  8
3 RefLine
  6
ByLayer
 62
  256
370
   -1
100
AcDbLine
 10
-457.6221708906183
 20
1543.358914242925
 11
-499.6221708906183
 21
1496.358914242925
  0
CIRCLE
  5
5F9
100
AcDbEntity
  8
7 Rib
  6
ByLayer
 62
  256
370
   -1
100
AcDbCircle
 10
-478.6222563935283
 20
1519.843003410004
 40
3
  0
DIMENSION
  5
5FA
100
AcDbEntity
  8
4 Text
  6
ByLayer
 62
  256
370
   -1
100
AcDbDimension
  2
*D38
 10
-475.6317883948808
 20
1484.018850937299
 30
0
 11
-478.6232286483243
 21
1488.706350937299
 31
0
 70
   32
 71
    5
 72
    0
  3
Standard
 53
0
210
0
220
0
230
1
100
AcDbAlignedDimension
 13
-481.6146689017678
 23
1520.056234225159
 33
0
 14
-475.6317883948808
 24
1520.081961877242
 34
0
100
AcDbRotatedDimension
  0
LWPOLYLINE
  5
5FB
100
AcDbEntity
  8
7 Rib
  6
ByLayer
 62
  256
370
   -1
100
AcDbPolyline
 90
    4
 70
    1
 43
0
 10
-499.6221708906183
 20
1496.358914242925
 10
-457.6221708906183
 20
1496.358914242925
 10
-457.6221708906183
 20
1543.358914242925
 10
-499.6221708906183
 20
1543.358914242925
  0
LINE
  5
5FC
100
AcDbEntity
  8
3 RefLine
  6
ByLayer
 62
  256
370
   -1
100
AcDbLine
 10
-488.085987104655
 20
1519.840329928155
 11
-469.085987104655
 21
1519.840329928155
  0
CIRCLE
  5
5FD
100
AcDbEntity
  8
7 Rib
  6
ByLayer
 62
  256
370
   -1
100
AcDbCircle
 10
-488.085987104655
 20
1519.840329928155
 40
1.6
  0
CIRCLE
  5
5FE
100
AcDbEntity
  8
7 Rib
  6
ByLayer
 62
  256
370
   -1
100
AcDbCircle
 10
-469.085987104655
 20
1519.840329928155
 40
1.6
  0
LINE
  5
5FF
100
AcDbEntity
  8
3 RefLine
  6
ByLayer
 62
  256
370
   -1
100
AcDbLine
 10
-478.5914682351778
 20
1511.598004065052
 11
-478.5914682351778
 21
1528.098004065052
  0
CIRCLE
  5
600
100
AcDbEntity
  8
7 Rib
  6
ByLayer
 62
  256
370
   -1
100
AcDbCircle
 10
-478.5914682351778
 20
1528.098004065052
 40
1.6
  0
CIRCLE
  5
601
100
AcDbEntity
  8
7 Rib
  6
ByLayer
 62
  256
370
   -1
100
AcDbCircle
 10
-478.5914682351778
 20
1511.598004065052
 40
1.6
  0
POINT
  5
602
100
AcDbEntity
  8
7 Rib
  6
ByLayer
 62
  256
370
   -1
100
AcDbPoint
 10
-509.6221708906183
 20
1553.358914242925
  0
POINT
  5
603
100
AcDbEntity
  8
7 Rib
  6
ByLayer
 62
  256
370
   -1
100
AcDbPoint
 10
-649.6221708906183
 20
1543.514769041275
  0
POINT
  5
604
100
AcDbEntity
  8
7 Rib
  6
ByLayer
 62
  256
370
   -1
100
AcDbPoint
 10
-649.6221708906183
 20
1533.514769041275
  0
POINT
  5
605
100
AcDbEntity
  8
7 Rib
  6
ByLayer
 62
  256
370
   -1
100
AcDbPoint
 10
-579.6221708906183
 20
1533.514769041275
  0
DIMENSION
  5
606
100
AcDbEntity
  8
4 Text
  6
ByLayer
 62
  256
370
   -1
100
AcDbDimension
  2
*D39
 10
-671.6221708906183
 20
1643.4297222133
 30
0
 11
-690.6221708906183
 21
1648.1172222133
 31
0
 70
   32
 71
    5
 72
    0
  3
Standard
 53
0
210
0
220
0
230
1
100
AcDbAlignedDimension
 13
-709.6221708906183
 23
1639.358914242925
 33
0
 14
-671.6221708906183
 24
1639.358914242925
 34
0
100
AcDbRotatedDimension
  0
DIMENSION
  5
607
100
AcDbEntity
  8
4 Text
  6
ByLayer
 62
  256
370
   -1
100
AcDbDimension
  2
*D40
 10
-607.6221708906183
 20
1646.444120363544
 30
0
 11
-628.6221708906183
 21
1651.131620363544
 31
0
 70
   32
 71
    5
 72
    0
  3
Standard
 53
0
210
0
220
0
230
1
100
AcDbAlignedDimension
 13
-649.6221708906183
 23
1641.514769041275
 33
0
 14
-607.6221708906183
 24
1641.514769041275
 34
0
100
AcDbRotatedDimension
  0
DIMENSION
  5
608
100
AcDbEntity
  8
4 Text
  6
ByLayer
 62
  256
370
   -1
100
AcDbDimension
  2
*D41
 10
-537.6221708906183
 20
1646.444120363544
 30
0
 11
-558.6221708906183
 21
1651.131620363544
 31
0
 70
   32
 71
    5
 72
    0
  3
Standard
 53
0
210
0
220
0
230
1
100
AcDbAlignedDimension
 13
-579.6221708906183
 23
1638.514769041275
 33
0
 14
-537.6221708906183
 24
1638.514769041275
 34
0
100
AcDbRotatedDimension
  0
DIMENSION
  5
609
100
AcDbEntity
  8
4 Text
  6
ByLayer
 62
  256
370
   -1
100
AcDbDimension
  2
*D42
 10
-466.6221708906183
 20
1650.319775128145
 30
0
 11
-488.1221708906183
 21
1655.007275128145
 31
0
 70
   32
 71
    5
 72
    0
  3
Standard
 53
0
210
0
220
0
230
1
100
AcDbAlignedDimension
 13
-509.6221708906183
 23
1643.358914242925
 33
0
 14
-466.6221708906183
 24
1643.358914242925
 34
0
100
AcDbRotatedDimension
  0
DIMENSION
  5
60A
100
AcDbEntity
  8
4 Text
  6
ByLayer
 62
  256
370
   -1
100
AcDbDimension
  2
*D43
 10
-603.6221708906183
 20
1468.164001191923
 30
0
 11
-621.6221708906183
 21
1472.851501191923
 31
0
 70
   32
 71
    5
 72
    0
  3
Standard
 53
0
210
0
220
0
230
1
100
AcDbAlignedDimension
 13
-639.6221708906183
 23
1480.358914242925
 33
0
 14
-603.6221708906183
 24
1480.358914242925
 34
0
100
AcDbRotatedDimension
  0
DIMENSION
  5
60B
100
AcDbEntity
  8
4 Text
  6
ByLayer
 62
  256
370
   -1
100
AcDbDimension
  2
*D44
 10
-552.6221708906183
 20
1467.733372884745
 30
0
 11
-566.1221708906183
 21
1472.420872884745
 31
0
 70
   32
 71
    5
 72
    0
  3
Standard
 53
0
210
0
220
0
230
1
100
AcDbAlignedDimension
 13
-579.6221708906183
 23
1480.358914242925
 33
0
 14
-552.6221708906183
 24
1480.358914242925
 34
0
100
AcDbRotatedDimension
  0
DIMENSION
  5
60C
100
AcDbEntity
  8
4 Text
  6
ByLayer
 62
  256
370
   -1
100
AcDbDimension
  2
*D45
 10
-717.5345725244364
 20
1573.358914242925
 30
0
 11
-722.2220725244364
 21
1606.358914242925
 31
0
 70
   32
 71
    5
 72
    0
  3
Standard
 53
0
210
0
220
0
230
1
100
AcDbAlignedDimension
 13
-709.6221708906183
 23
1639.358914242925
 33
0
 14
-709.6221708906183
 24
1573.358914242925
 34
0
 50
90
100
AcDbRotatedDimension
  0
DIMENSION
  5
60D
100
AcDbEntity
  8
4 Text
  6
ByLayer
 62
  256
370
   -1
100
AcDbDimension
  2
*D46
 10
-654.5053571135314
 20
1533.514769041275
 30
0
 11
-659.1928571135314
 21
1587.514769041275
 31
0
 70
   32
 71
    5
 72
    0
  3
Standard
 53
0
210
0
220
0
230
1
100
AcDbAlignedDimension
 13
-649.6221708906183
 23
1641.514769041275
 33
0
 14
-649.6221708906183
 24
1533.514769041275
 34
0
 50
90
100
AcDbRotatedDimension
  0
DIMENSION
  5
60E
100
AcDbEntity
  8
4 Text
  6
ByLayer
 62
  256
370
   -1
100
AcDbDimension
  2
*D47
 10
-585.5525437448545
 20
1533.514769041275
 30
0
 11
-590.2400437448545
 21
1586.014769041275
 31
0
 70
   32
 71
    5
 72
    0
  3
Standard
 53
0
210
0
220
0
230
1
100
AcDbAlignedDimension
 13
-579.6221708906183
 23
1638.514769041275
 33
0
 14
-579.6221708906183
 24
1533.514769041275
 34
0
 50
90
100
AcDbRotatedDimension
  0
DIMENSION
  5
60F
100
AcDbEntity
  8
4 Text
  6
ByLayer
 62
  256
370
   -1
100
AcDbDimension
  2
*D48
 10
-513.2686765902504
 20
1553.358914242925
 30
0
 11
-517.9561765902504
 21
1598.358914242925
 31
0
 70
   32
 71
    5
 72
    0
  3
Standard
 53
0
210
0
220
0
230
1
100
AcDbAlignedDimension
 13
-509.6221708906183
 23
1643.358914242925
 33
0
 14
-509.6221708906183
 24
1553.358914242925
 34
0
 50
90
100
AcDbRotatedDimension
  0
DIMENSION
  5
610
100
AcDbEntity
  8
4 Text
  6
ByLayer
 62
  256
370
   -1
100
AcDbDimension
  2
*D49
 10
-585.5525437448545
 20
1480.358914242925
 30
0
 11
-590.2400437448545
 21
1497.858914242925
 31
0
 70
   32
 71
    5
 72
    0
  3
Standard
 53
0
210
0
220
0
230
1
100
AcDbAlignedDimension
 13
-579.6221708906183
 23
1515.358914242925
 33
0
 14
-579.6221708906183
 24
1480.358914242925
 34
0
 50
90
100
AcDbRotatedDimension
  0
DIMENSION
  5
611
100
AcDbEntity
  8
4 Text
  6
ByLayer
 62
  256
370
   -1
100
AcDbDimension
  2
*D50
 10
-535.9198423345503
 20
1480.358914242925
 30
0
 11
-540.6073423345503
 21
1493.858914242925
 31
0
 70
   32
 71
    5
 72
    0
  3
Standard
 53
0
210
0
220
0
230
1
100
AcDbAlignedDimension
 13
-529.6221708906183
 23
1507.358914242925
 33
0
 14
-529.6221708906183
 24
1480.358914242925
 34
0
 50
90
100
AcDbRotatedDimension
  0
LINE
  5
612
100
AcDbEntity
  8
7 Rib
  6
ByLayer
 62
  256
370
   -1
100
AcDbLine
 10
-644.6221708906183
 20
1538.514769041275
 11
-612.6221708906183
 21
1538.514769041275
  0
LINE
  5
613
100
AcDbEntity
  8
7 Rib
  6
ByLayer
 62
  256
370
   -1
100
AcDbLine
 10
-574.6221708906183
 20
1538.514769041275
 11
-542.6221708906183
 21
1538.514769041275
  0
LINE
  5
614
100
AcDbEntity
  8
7 Rib
  6
ByLayer
 62
  256
370
   -1
100
AcDbLine
 10
-542.6221708906183
 20
1623.490939534636
 11
-574.6221708906183
 21
1623.490939534636
  0
LINE
  5
615
100
AcDbEntity
  8
7 Rib
  6
ByLayer
 62
  256
370
   -1
100
AcDbLine
 10
-504.6221708906183
 20
1558.358914242925
 11
-471.6221708906183
 21
1558.358914242925
  0
LINE
  5
616
100
AcDbEntity
  8
7 Rib
  6
ByLayer
 62
  256
370
   -1
100
AcDbLine
 10
-471.6221708906183
 20
1628.401285031259
 11
-504.6221708906183
 21
1628.401285031259
  0
LINE
  5
617
100
AcDbEntity
  8
7 Rib
  6
ByLayer
 62
  256
370
   -1
100
AcDbLine
 10
-612.6221708906183
 20
1538.514769041275
 11
-612.6221708906183
 21
1626.555878353013
  0
LINE
  5
618
100
AcDbEntity
  8
7 Rib
  6
ByLayer
 62
  256
370
   -1
100
AcDbLine
 10
-644.6221708906183
 20
1626.555878353013
 11
-644.6221708906183
 21
1538.514769041275
  0
LINE
  5
619
100
AcDbEntity
  8
7 Rib
  6
ByLayer
 62
  256
370
   -1
100
AcDbLine
 10
-612.6221708906183
 20
1626.555878353013
 11
-644.6221708906183
 21
1626.555878353013
  0
LINE
  5
61A
100
AcDbEntity
  8
7 Rib
  6
ByLayer
 62
  256
370
   -1
100
AcDbLine
 10
-542.6221708906183
 20
1538.514769041275
 11
-542.6221708906183
 21
1623.490939534636
  0
LINE
  5
61B
100
AcDbEntity
  8
7 Rib
  6
ByLayer
 62
  256
370
   -1
100
AcDbLine
 10
-574.6221708906183
 20
1623.490939534636
 11
-574.6221708906183
 21
1538.514769041275
  0
LINE
  5
61C
100
AcDbEntity
  8
7 Rib
  6
ByLayer
 62
  256
370
   -1
100
AcDbLine
 10
-471.6221708906183
 20
1558.358914242925
 11
-471.6221708906183
 21
1628.401285031259
  0
LINE
  5
61D
100
AcDbEntity
  8
7 Rib
  6
ByLayer
 62
  256
370
   -1
100
AcDbLine
 10
-504.6221708906183
 20
1628.401285031259
 11
-504.6221708906183
 21
1558.358914242925
  0
LINE
  5
61E
100
AcDbEntity
  8
3 RefLine
  6
ByLayer
 62
  256
370
   -1
100
AcDbLine
 10
-628.7372110878842
 20
1624.319671312654
 11
-628.7372110878842
 21
1654.319671312654
  0
LINE
  5
61F
100
AcDbEntity
  8
2 BaseLine
  6
ByLayer
 62
  256
370
   -1
100
AcDbLine
 10
-62.73281465212729
 20
1449.617335807492
 11
-62.73281465212729
 21
1369.461034334219
  0
LINE
  5
620
100
AcDbEntity
  8
2 BaseLine
  6
ByLayer
 62
  256
370
   -1
100
AcDbLine
 10
-57.73281465212729
 20
1449.617335807492
 11
-57.73281465212729
 21
1370.216682101371
  0
DIMENSION
  5
621
100
AcDbEntity
  8
4 Text
  6
ByLayer
 62
  256
370
   -1
100
AcDbDimension
  2
*D51
 10
-66.87627629308274
 20
1369.461034334219
 30
0
 11
-71.56377629308274
 21
1409.539185070856
 31
0
 70
   32
 71
    5
  3
Standard
 53
0
210
0
220
0
230
1
100
AcDbAlignedDimension
 13
-62.73281465212729
 23
1449.617335807492
 33
0
 14
-62.73281465212729
 24
1369.461034334219
 34
0
 50
90
100
AcDbRotatedDimension
  0
LINE
  5
622
100
AcDbEntity
  8
7 Rib
  6
ByLayer
 62
  256
370
   -1
100
AcDbLine
 10
-709.6221708906183
 20
1560.502908748608
 11
-709.6221708906183
 21
1480.358914242925
  0
DIMENSION
  5
623
100
AcDbEntity
  8
4 Text
  6
ByLayer
 62
  256
370
   -1
100
AcDbDimension
  2
*D52
 10
-717.8374385570568
 20
1480.358914242925
 30
0
 11
-722.5249385570568
 21
1520.421580592666
 31
0
 70
   32
 71
    5
  3
Standard
 53
0
210
0
220
0
230
1
100
AcDbAlignedDimension
 13
-709.6676891764013
 23
1560.484246942408
 33
0
 14
-709.6221708906183
 24
1480.358914242925
 34
0
 50
90
100
AcDbRotatedDimension
  0
LINE
  5
624
100
AcDbEntity
  8
7 Rib
  6
ByLayer
 62
  256
370
   -1
100
AcDbLine
 10
-603.6221708906183
 20
1528.358914242925
 11
-639.6221708906183
 21
1528.358914242925
  0
LINE
  5
625
100
AcDbEntity
  8
7 Rib
  6
ByLayer
 62
  256
370
   -1
100
AcDbLine
 10
-639.6221708906183
 20
1478.353428875369
 11
-603.6221708906183
 21
1478.353428875369
  0
LINE
  5
626
100
AcDbEntity
  8
7 Rib
  6
ByLayer
 62
  256
370
   -1
100
AcDbLine
 10
-639.6221708906183
 20
1528.358914242925
 11
-639.6221708906183
 21
1478.353428875369
  0
LINE
  5
627
100
AcDbEntity
  8
7 Rib
  6
ByLayer
 62
  256
370
   -1
100
AcDbLine
 10
-603.6221708906183
 20
1478.304085556428
 11
-603.6221708906183
 21
1528.358914242925
  0
DIMENSION
  5
628
100
AcDbEntity
  8
4 Text
  6
ByLayer
 62
  256
370
   -1
100
AcDbDimension
  2
*D53
 10
-647.4572949451074
 20
1478.353428875369
 30
0
 11
-652.1447949451074
 21
1503.356171559147
 31
0
 70
   32
 71
    5
  3
Standard
 53
0
210
0
220
0
230
1
100
AcDbAlignedDimension
 13
-639.6221708906183
 23
1528.358914242925
 33
0
 14
-639.6221708906183
 24
1478.353428875369
 34
0
 50
90
100
AcDbRotatedDimension
  0
LINE
  5
629
100
AcDbEntity
  8
7 Rib
  6
ByLayer
 62
  256
370
   -1
100
AcDbLine
 10
-649.6221708906183
 20
1533.514769041275
 11
-607.6221708906183
 21
1533.514769041275
  0
LINE
  5
62A
100
AcDbEntity
  8
7 Rib
  6
ByLayer
 62
  256
370
   -1
100
AcDbLine
 10
-607.6221708906183
 20
1533.514769041275
 11
-607.6221708906183
 21
1641.514769041275
  0
LINE
  5
62B
100
AcDbEntity
  8
7 Rib
  6
ByLayer
 62
  256
370
   -1
100
AcDbLine
 10
-649.6221708906183
 20
1641.514769041275
 11
-649.6221708906183
 21
1533.514769041275
  0
LINE
  5
62C
100
AcDbEntity
  8
7 Rib
  6
ByLayer
 62
  256
370
   -1
100
AcDbLine
 10
-649.6221708906183
 20
1641.514769041275
 11
-628.7372110878842
 21
1639.319671312654
  0
LINE
  5
62D
100
AcDbEntity
  8
7 Rib
  6
ByLayer
 62
  256
370
   -1
100
AcDbLine
 10
-607.8522512851513
 20
1641.514769041275
 11
-628.7372110878842
 21
1639.319671312654
  0
LINE
  5
62E
100
AcDbEntity
  8
7 Rib
  6
ByLayer
 62
  256
370
   -1
100
AcDbLine
 10
-579.6221708906183
 20
1533.514769041275
 11
-537.6221708906183
 21
1533.514769041275
  0
LINE
  5
62F
100
AcDbEntity
  8
7 Rib
  6
ByLayer
 62
  256
370
   -1
100
AcDbLine
 10
-537.6221708906183
 20
1533.514769041275
 11
-537.6221708906183
 21
1638.514769041275
  0
LINE
  5
630
100
AcDbEntity
  8
7 Rib
  6
ByLayer
 62
  256
370
   -1
100
AcDbLine
 10
-579.6221708906183
 20
1638.514769041275
 11
-579.6221708906183
 21
1533.514769041275
  0
LINE
  5
631
100
AcDbEntity
  8
7 Rib
  6
ByLayer
 62
  256
370
   -1
100
AcDbLine
 10
-579.6221708906183
 20
1638.514769041275
 11
-558.7372110878842
 21
1636.319671312654
  0
LINE
  5
632
100
AcDbEntity
  8
7 Rib
  6
ByLayer
 62
  256
370
   -1
100
AcDbLine
 10
-537.8522512851513
 20
1638.514769041275
 11
-558.7372110878842
 21
1636.319671312654
  0
LINE
  5
633
100
AcDbEntity
  8
7 Rib
  6
ByLayer
 62
  256
370
   -1
100
AcDbLine
 10
-509.6221708906183
 20
1553.358914242925
 11
-466.6221708906183
 21
1553.358914242925
  0
LINE
  5
634
100
AcDbEntity
  8
7 Rib
  6
ByLayer
 62
  256
370
   -1
100
AcDbLine
 10
-466.6221708906183
 20
1553.358914242925
 11
-466.6221708906183
 21
1643.358914242925
  0
LINE
  5
635
100
AcDbEntity
  8
7 Rib
  6
ByLayer
 62
  256
370
   -1
100
AcDbLine
 10
-509.6221708906183
 20
1643.358914242925
 11
-509.6221708906183
 21
1553.358914242925
  0
LINE
  5
636
100
AcDbEntity
  8
7 Rib
  6
ByLayer
 62
  256
370
   -1
100
AcDbLine
 10
-508.6221708906183
 20
1643.358914242925
 11
-487.7372110878847
 21
1641.163816514304
  0
LINE
  5
637
100
AcDbEntity
  8
7 Rib
  6
ByLayer
 62
  256
370
   -1
100
AcDbLine
 10
-466.8522512851511
 20
1643.358914242925
 11
-487.7372110878847
 21
1641.163816514304
  0
LWPOLYLINE
  5
638
100
AcDbEntity
  8
9 Mecha
  6
ByLayer
 62
  256
370
   -1
100
AcDbPolyline
 90
    4
 70
    1
 43
0
 10
-317.2766016483961
 20
1516.770447746882
 10
-237.2766016483961
 20
1516.770447746882
 10
-237.2766016483961
 20
1549.770447746882
 10
-317.2766016483961
 20
1549.770447746882
  0
DIMENSION
  5
639
100
AcDbEntity
  8
4 Text
  6
ByLayer
 62
  256
370
   -1
100
AcDbDimension
  2
*D54
 10
-210.8541362109895
 20
1516.770447746882
 30
0
 11
-215.5416362109895
 21
1533.270447746882
 31
0
 70
   33
 71
    5
  3
Standard
 53
0
210
0
220
0
230
1
100
AcDbAlignedDimension
 13
-237.2766016483961
 23
1549.770447746882
 33
0
 14
-237.2766016483961
 24
1516.770447746882
 34
0
  0
LWPOLYLINE
  5
63A
100
AcDbEntity
  8
9 Mecha
  6
ByLayer
 62
  256
370
   -1
100
AcDbPolyline
 90
    4
 70
    1
 43
0
 10
-317.2766016483961
 20
1380.642502078527
 10
-237.2766016483961
 20
1380.642502078527
 10
-237.2766016483961
 20
1403.642502078527
 10
-317.2766016483961
 20
1403.642502078527
  0
DIMENSION
  5
63B
100
AcDbEntity
  8
4 Text
  6
ByLayer
 62
  256
370
   -1
100
AcDbDimension
  2
*D55
 10
-220.8618839377198
 20
1380.642502078527
 30
0
 11
-225.5493839377198
 21
1392.142502078527
 31
0
 70
   32
 71
    5
 72
    0
  3
Standard
 53
0
210
0
220
0
230
1
100
AcDbAlignedDimension
 13
-237.2766016483961
 23
1403.642502078527
 33
0
 14
-237.2766016483961
 24
1380.642502078527
 34
0
 50
90
100
AcDbRotatedDimension
  0
MTEXT
  5
63C
100
AcDbEntity
  8
4 Text
  6
ByLayer
 62
  256
370
   -1
100
AcDbMText
 10
-340.0000633929395
 20
1529.162330706569
 30
0
 40
8
 41
50.4444444444453
 71
    1
 72
    1
  1
1300 Batt
  7
STANDARD
210
0
220
0
230
1
 50
0
 73
    2
 44
1
  0
LINE
  5
63D
100
AcDbEntity
  8
4 Text
  6
ByLayer
 62
  256
370
   -1
100
AcDbLine
 10
-349.05791904458
 20
1348.792009146685
 11
-312.6466616918856
 21
1372.249261479671
  0
LEADER
  5
63E
100
AcDbEntity
  8
4 Text
  6
ByLayer
 62
  256
370
   -1
100
AcDbLeader
  3
Standard
 71
    1
 72
    0
 73
    3
 74
    0
 75
    0
 40
1
 41
10
 76
2
 76
2
 10
-308.8605533009232
 20
1374.802169047761
 30
0
 10
-312.5876218874506
 20
1372.371472143504
 30
0
  0
LINE
  5
63F
100
AcDbEntity
  8
9 Mecha
  6
ByLayer
 62
  256
370
   -1
100
AcDbLine
 10
335.9744886473794
 20
1422.808026290602
 11
335.9744886473794
 21
1419.313145645426
  0
LINE
  5
640
100
AcDbEntity
  8
9 Mecha
  6
ByLayer
 62
  256
370
   -1
100
AcDbLine
 10
335.9744886473794
 20
1419.313145645426
 11
332.2243548305765
 21
1419.313145645426
  0
LINE
  5
641
100
AcDbEntity
  8
9 Mecha
  6
ByLayer
 62
  256
370
   -1
100
AcDbLine
 10
332.2243548305765
 20
1419.313145645426
 11
330.7618026420233
 21
1418.413113529393
  0
LINE
  5
642
100
AcDbEntity
  8
9 Mecha
  6
ByLayer
 62
  256
370
   -1
100
AcDbLine
 10
330.7618026420233
 20
1418.413113529393
 11
330.7618026420233
 21
1407.200213417152
  0
LINE
  5
643
100
AcDbEntity
  8
9 Mecha
  6
ByLayer
 62
  256
370
   -1
100
AcDbLine
 10
330.7618026420233
 20
1407.200213417152
 11
332.4118615214166
 21
1405.662658552263
  0
LINE
  5
644
100
AcDbEntity
  8
9 Mecha
  6
ByLayer
 62
  256
370
   -1
100
AcDbLine
 10
332.4118615214166
 20
1405.662658552263
 11
333.9869177244739
 21
1405.662658552263
  0
LINE
  5
645
100
AcDbEntity
  8
9 Mecha
  6
ByLayer
 62
  256
370
   -1
100
AcDbLine
 10
333.9869177244739
 20
1405.662658552263
 11
345.0498124840427
 21
1422.838271433221
  0
LINE
  5
646
100
AcDbEntity
  8
9 Mecha
  6
ByLayer
 62
  256
370
   -1
100
AcDbLine
 10
345.0498124840427
 20
1422.838271433221
 11
336.0494913237155
 21
1422.838271433221
  0
LINE
  5
647
100
AcDbEntity
  8
3 RefLine
  6
ByLayer
 62
  256
370
   -1
100
AcDbLine
 10
332.437330839073
 20
1428.026268743253
 11
332.437330839073
 21
1378.026268743253
  0
CIRCLE
  5
648
100
AcDbEntity
  8
9 Mecha
  6
ByLayer
 62
  256
370
   -1
100
AcDbCircle
 10
332.4614065629158
 20
1417.312618646703
 40
0.6
  0
CIRCLE
  5
649
100
AcDbEntity
  8
9 Mecha
  6
ByLayer
 62
  256
370
   -1
100
AcDbCircle
 10
332.500877227354
 20
1413.582640857294
 40
0.6
  0
CIRCLE
  5
64A
100
AcDbEntity
  8
9 Mecha
  6
ByLayer
 62
  256
370
   -1
100
AcDbCircle
 10
332.500877227354
 20
1410.069751722294
 40
0.6
  0
LINE
  5
64B
100
AcDbEntity
  8
9 Mecha
  6
ByLayer
 62
  256
370
   -1
100
AcDbLine
 10
340.1741135035019
 20
1554.234972589139
 11
351.174981049742
 21
1537.818949312772
  0
LINE
  5
64C
100
AcDbEntity
  8
9 Mecha
  6
ByLayer
 62
  256
370
   -1
100
AcDbLine
 10
351.174981049742
 20
1537.818949312772
 11
351.174981049742
 21
1536.625056710855
  0
LINE
  5
64D
100
AcDbEntity
  8
9 Mecha
  6
ByLayer
 62
  256
370
   -1
100
AcDbLine
 10
351.174981049742
 20
1536.625056710855
 11
341.7091182773959
 21
1536.625056710855
  0
LINE
  5
64E
100
AcDbEntity
  8
9 Mecha
  6
ByLayer
 62
  256
370
   -1
100
AcDbLine
 10
341.7091182773959
 20
1536.625056710855
 11
341.7091182773959
 21
1539.481871151158
  0
LINE
  5
64F
100
AcDbEntity
  8
9 Mecha
  6
ByLayer
 62
  256
370
   -1
100
AcDbLine
 10
341.7091182773959
 20
1539.481871151158
 11
340.6005037184725
 21
1540.633124731578
  0
LINE
  5
650
100
AcDbEntity
  8
9 Mecha
  6
ByLayer
 62
  256
370
   -1
100
AcDbLine
 10
340.6005037184725
 20
1540.633124731578
 11
338.1700794931403
 21
1540.633124731578
  0
LINE
  5
651
100
AcDbEntity
  8
9 Mecha
  6
ByLayer
 62
  256
370
   -1
100
AcDbLine
 10
338.1700794931403
 20
1540.633124731578
 11
336.9761868912228
 21
1541.784378311999
  0
LINE
  5
652
100
AcDbEntity
  8
9 Mecha
  6
ByLayer
 62
  256
370
   -1
100
AcDbLine
 10
336.9761868912228
 20
1541.784378311999
 11
336.9761868912228
 21
1552.273577600274
  0
LINE
  5
653
100
AcDbEntity
  8
9 Mecha
  6
ByLayer
 62
  256
370
   -1
100
AcDbLine
 10
337.0187560219113
 20
1552.278771362146
 11
338.8523038370932
 21
1554.234972589139
  0
LINE
  5
654
100
AcDbEntity
  8
9 Mecha
  6
ByLayer
 62
  256
370
   -1
100
AcDbLine
 10
338.8523038370932
 20
1554.234972589139
 11
340.1741135035019
 21
1554.234972589139
  0
LINE
  5
655
100
AcDbEntity
  8
3 RefLine
  6
ByLayer
 62
  256
370
   -1
100
AcDbLine
 10
390.2685679093528
 20
1508.925153869804
 11
390.2685679093528
 21
1558.925153869804
  0
LINE
  5
656
100
AcDbEntity
  8
2 BaseLine
  6
ByLayer
 62
  256
370
   -1
100
AcDbLine
 10
338.6628394282774
 20
1538.835794872287
 11
390.3170484768001
 21
1533.92328967003
  0
LINE
  5
657
100
AcDbEntity
  8
2 BaseLine
  6
ByLayer
 62
  256
370
   -1
100
AcDbLine
 10
390.3170484768001
 20
1533.92328967003
 11
345.8312911683118
 21
1529.248650344693
  0
LINE
  5
658
100
AcDbEntity
  8
2 BaseLine
  6
ByLayer
 62
  256
370
   -1
100
AcDbLine
 10
345.8312911683118
 20
1529.248650344693
 11
338.6628394282774
 21
1538.886465360347
  0
CIRCLE
  5
659
100
AcDbEntity
  8
9 Mecha
  6
ByLayer
 62
  256
370
   -1
100
AcDbCircle
 10
338.7450935141298
 20
1550.530327895736
 40
0.6
  0
CIRCLE
  5
65A
100
AcDbEntity
  8
9 Mecha
  6
ByLayer
 62
  256
370
   -1
100
AcDbCircle
 10
338.7450935141298
 20
1546.592687388092
 40
0.6
  0
CIRCLE
  5
65B
100
AcDbEntity
  8
9 Mecha
  6
ByLayer
 62
  256
370
   -1
100
AcDbCircle
 10
338.7450935141298
 20
1543.142564276633
 40
0.6
  0
LWPOLYLINE
  5
65C
100
AcDbEntity
  8
9 Mecha
  6
ByLayer
 62
  256
370
   -1
100
AcDbPolyline
 90
    4
 70
    1
 43
0
 10
-106.9323612245754
 20
1517.208085269784
 10
-83.93236122457542
 20
1517.208085269784
 10
-83.93236122457542
 20
1529.208085269784
 10
-106.9323612245754
 20
1529.208085269784
  0
LWPOLYLINE
  5
65D
100
AcDbEntity
  8
9 Mecha
  6
ByLayer
 62
  256
370
   -1
100
AcDbPolyline
 90
    4
 70
    1
 43
0
 10
-90.16326971146405
 20
1514.325787979168
 10
-90.16326971146405
 20
1524.987754881993
 10
-88.3738486928081
 20
1524.987754881993
 10
-88.3738486928081
 20
1514.325787979168
  0
LINE
  5
65E
100
AcDbEntity
  8
3 RefLine
  6
ByLayer
 62
  256
370
   -1
100
AcDbLine
 10
-62.73281465212729
 20
1449.617335807492
 11
-62.73281465212727
 21
1599.617335807492
  0
LWPOLYLINE
  5
65F
100
AcDbEntity
  8
7 Rib
  6
ByLayer
 62
  256
370
   -1
100
AcDbPolyline
 90
    4
 70
    1
 43
0
 10
-62.5488263422525
 20
1554.695577400717
 10
-57.53489236692165
 20
1554.695577400717
 10
-57.53489236692165
 20
1513.330622104238
 10
-62.5488263422525
 20
1513.330622104238
  0
DIMENSION
  5
660
100
AcDbEntity
  8
4 Text
  6
ByLayer
 62
  256
370
   -1
100
AcDbDimension
  2
*D57
 10
-68.18855245498787
 20
1513.330622104238
 30
0
 11
-72.87605245498787
 21
1534.013099752478
 31
0
 70
   32
 71
    5
 72
    0
  3
Standard
 53
0
210
0
220
0
230
1
100
AcDbAlignedDimension
 13
-62.5488263422525
 23
1554.695577400717
 33
0
 14
-62.5488263422525
 24
1513.330622104238
 34
0
 50
90
100
AcDbRotatedDimension
  0
DIMENSION
  5
661
100
AcDbEntity
  8
4 Text
  6
ByLayer
 62
  256
370
   -1
100
AcDbDimension
  2
*D58
 10
-153.9614088724921
 20
1512.68589917894
 30
0
 11
-158.6489088724921
 21
1533.92328967003
 31
0
 70
   32
 71
    5
 72
    0
  3
Standard
 53
0
210
0
220
0
230
1
100
AcDbAlignedDimension
 13
-142.8577716451004
 23
1555.16068016112
 33
0
 14
-142.3161308047398
 24
1512.68589917894
 34
0
 50
90
100
AcDbRotatedDimension
  0
LINE
  5
662
100
AcDbEntity
  8
7 Rib
  6
ByLayer
 62
  256
370
   -1
100
AcDbLine
 10
-704.8571708906184
 20
1485.358914242925
 11
-673.4081708906184
 21
1485.358914242925
  0
LINE
  5
663
100
AcDbEntity
  8
7 Rib
  6
ByLayer
 62
  256
370
   -1
100
AcDbLine
 10
-673.4081708906184
 20
1548.404113832177
 11
-704.8571708906184
 21
1548.404113832177
  0
LINE
  5
664
100
AcDbEntity
  8
7 Rib
  6
ByLayer
 62
  256
370
   -1
100
AcDbLine
 10
-673.4081708906184
 20
1485.358914242925
 11
-673.4081708906184
 21
1548.404113832177
  0
LINE
  5
665
100
AcDbEntity
  8
7 Rib
  6
ByLayer
 62
  256
370
   -1
100
AcDbLine
 10
-704.8571708906184
 20
1548.404113832177
 11
-704.8571708906184
 21
1485.358914242925
  0
LINE
  5
666
100
AcDbEntity
  8
7 Rib
  6
ByLayer
 62
  256
370
   -1
100
AcDbLine
 10
-709.6221708906183
 20
1480.358914242925
 11
-668.6431708906183
 21
1480.358914242925
  0
LINE
  5
667
100
AcDbEntity
  8
7 Rib
  6
ByLayer
 62
  256
370
   -1
100
AcDbLine
 10
-668.8624375066082
 20
1560.390678787439
 11
-688.7658041986127
 21
1558.195581058818
  0
LINE
  5
668
100
AcDbEntity
  8
7 Rib
  6
ByLayer
 62
  256
370
   -1
100
AcDbLine
 10
-709.6655498169695
 20
1560.484246942408
 11
-688.7658041986127
 21
1558.195581058818
  0
LINE
  5
669
100
AcDbEntity
  8
7 Rib
  6
ByLayer
 62
  256
370
   -1
100
AcDbLine
 10
-668.8624375066082
 20
1480.358914242925
 11
-668.8624375066082
 21
1560.247074619626
  0
DIMENSION
  5
66A
100
AcDbEntity
  8
4 Text
  6
ByLayer
 62
  256
370
   -1
100
AcDbDimension
  2
*D59
 10
-668.8624375066082
 20
1466.000823717718
 30
0
 11
-689.2423041986133
 21
1470.688323717718
 31
0
 70
   32
 71
    5
 72
    0
  3
Standard
 53
0
210
0
220
0
230
1
100
AcDbAlignedDimension
 13
-709.6221708906183
 23
1480.358914242925
 33
0
 14
-668.8624375066082
 24
1480.358914242925
 34
0
100
AcDbRotatedDimension
  0
LINE
  5
66B
100
AcDbEntity
  8
8 Linkage
  6
ByLayer
 62
  256
370
   -1
100
AcDbLine
 10
-88.81491941373575
 20
1514.510592100145
 11
338.7337247183956
 21
1546.530101405012
  0
LINE
  5
66C
100
AcDbEntity
  8
3 RefLine
  6
ByLayer
 62
  256
370
   -1
100
AcDbLine
 10
246.0738537723068
 20
1427.984961376134
 11
246.0738537723068
 21
477.9886441479957
  0
LWPOLYLINE
  5
66D
100
AcDbEntity
  8
2 BaseLine
  6
ByLayer
 62
  256
370
   -1
100
AcDbPolyline
 90
    4
 70
    1
 43
0
 10
246.0513787176168
 20
852.6143363066362
 10
246.0513787176168
 20
1038.088953941559
 10
252.9893319957318
 20
1038.088953941559
 10
252.9893319957318
 20
852.6143363066362
  0
LWPOLYLINE
  5
66E
100
AcDbEntity
  8
2 BaseLine
  6
ByLayer
 62
  256
370
   -1
100
AcDbPolyline
 90
    4
 70
    1
 43
0
 10
327.2176318077028
 20
846.1965583881979
 10
327.2176318077028
 20
1038.083924146368
 10
333.2378694528417
 20
1038.083924146368
 10
333.2378694528417
 20
846.1965583881979
  0
LINE
  5
66F
100
AcDbEntity
  8
2 BaseLine
  6
ByLayer
 62
  256
370
   -1
100
AcDbLine
 10
252.9893319957318
 20
852.6143363066362
 11
327.1670294718737
 21
852.6143363066362
  0
LINE
  5
670
100
AcDbEntity
  8
2 BaseLine
  6
ByLayer
 62
  256
370
   -1
100
AcDbLine
 10
260.5411386408368
 20
852.6229755949753
 11
327.1338545206667
 21
884.4291540443024
  0
LINE
  5
671
100
AcDbEntity
  8
2 BaseLine
  6
ByLayer
 62
  256
370
   -1
100
AcDbLine
 10
253.0625549101487
 20
854.5920719389507
 11
327.2176318077028
 21
890.0776394890815
  0
LINE
  5
672
100
AcDbEntity
  8
2 BaseLine
  6
ByLayer
 62
  256
370
   -1
100
AcDbLine
 10
252.9893319957318
 20
937.3116158129486
 11
327.4169467169508
 21
974.3560451094703
  0
LINE
  5
673
100
AcDbEntity
  8
2 BaseLine
  6
ByLayer
 62
  256
370
   -1
100
AcDbLine
 10
327.2176318077028
 20
890.4409566953358
 11
252.9893319957318
 21
926.3380610945039
  0
LINE
  5
674
100
AcDbEntity
  8
2 BaseLine
  6
ByLayer
 62
  256
370
   -1
100
AcDbLine
 10
327.2176318077028
 20
895.8576859522166
 11
252.9893319957318
 21
932.0596810644323
  0
LINE
  5
675
100
AcDbEntity
  8
2 BaseLine
  6
ByLayer
 62
  256
370
   -1
100
AcDbLine
 10
252.9893319957318
 20
931.8034891254803
 11
325.1549773533479
 21
967.5098718865106
  0
LINE
  5
676
100
AcDbEntity
  8
2 BaseLine
  6
ByLayer
 62
  256
370
   -1
100
AcDbLine
 10
325.3542922625967
 20
973.266618640609
 11
252.9893319957318
 21
1006.867606881352
  0
LINE
  5
677
100
AcDbEntity
  8
2 BaseLine
  6
ByLayer
 62
  256
370
   -1
100
AcDbLine
 10
325.2410883426268
 20
978.8356815022855
 11
253.1682571529208
 21
1012.423933386068
  0
LINE
  5
678
100
AcDbEntity
  8
2 BaseLine
  6
ByLayer
 62
  256
370
   -1
100
AcDbLine
 10
253.1682571529208
 20
1012.423933386068
 11
327.2176318077028
 21
1012.423933386068
  0
LINE
  5
679
100
AcDbEntity
  8
2 BaseLine
  6
ByLayer
 62
  256
370
   -1
100
AcDbLine
 10
337.6052420691807
 20
1023.327175231251
 11
363.2335655239658
 21
1009.360416946368
  0
LINE
  5
67A
100
AcDbEntity
  8
2 BaseLine
  6
ByLayer
 62
  256
370
   -1
100
AcDbLine
 10
363.2335655239658
 20
1009.360416946368
 11
350.9336518362388
 21
859.6998367244566
  0
LINE
  5
67B
100
AcDbEntity
  8
2 BaseLine
  6
ByLayer
 62
  256
370
   -1
100
AcDbLine
 10
350.9336518362388
 20
859.6998367244566
 11
333.3964685989908
 21
848.8858117242353
  0
SPLINE
  5
67C
100
AcDbEntity
  8
2 BaseLine
  6
ByLayer
 62
  256
370
   -1
100
AcDbSpline
210
0
220
0
230
0
 70
    8
 71
    2
 72
   13
 73
   10
 74
    0
 42
1e-07
 43
1e-07
 40
0
 40
0
 40
0
 40
0.125
 40
0.25
 40
0.375
 40
0.5
 40
0.625
 40
0.75
 40
0.875
 40
1
 40
1
 40
1
 10
246.0513787176168
 20
852.6143363066362
 30
0
 10
253.3957349481709
 20
846.5202791561748
 30
0
 10
266.7643203236739
 20
840.6128956674402
 30
0
 10
277.5023625498188
 20
838.1342518097604
 30
0
 10
287.1016518893738
 20
837.2038923537576
 30
0
 10
297.1093319245107
 20
837.7058741438669
 30
0
 10
308.4455074208858
 20
839.639755090303
 30
0
 10
317.6417784182929
 20
842.4272684193538
 30
0
 10
324.5186378804878
 20
844.4928418849454
 30
0
 10
327.2176318077028
 20
846.1965583881979
 30
0
  0
LINE
  5
67D
100
AcDbEntity
  8
2 BaseLine
  6
ByLayer
 62
  256
370
   -1
100
AcDbLine
 10
316.4939844847758
 20
852.6026764783458
 11
327.2026873789518
 21
863.5873768697949
  0
LINE
  5
67E
100
AcDbEntity
  8
2 BaseLine
  6
ByLayer
 62
  256
370
   -1
100
AcDbLine
 10
333.0538343211167
 20
1003.076511991364
 11
337.8561907736598
 21
1003.076511991364
  0
LINE
  5
67F
100
AcDbEntity
  8
2 BaseLine
  6
ByLayer
 62
  256
370
   -1
100
AcDbLine
 10
337.8561907736598
 20
1003.076511991364
 11
337.8561907736598
 21
1038.017795146074
  0
LWPOLYLINE
  5
680
100
AcDbEntity
  8
2 BaseLine
  6
ByLayer
 62
  256
370
   -1
100
AcDbPolyline
 90
    4
 70
    1
 43
0
 10
246.0738537723068
 20
1223.563346024555
 10
246.0513787040338
 20
1038.088729751352
 10
252.9893319312109
 20
1038.087889038075
 10
253.0118069994848
 20
1223.562505311278
  0
LWPOLYLINE
  5
681
100
AcDbEntity
  8
2 BaseLine
  6
ByLayer
 62
  256
370
   -1
100
AcDbPolyline
 90
    4
 70
    1
 43
0
 10
327.2408839470037
 20
1229.971288495738
 10
327.2176318077028
 20
1038.083924146368
 10
333.2378694086428
 20
1038.083194638181
 10
333.2611215479437
 20
1229.970558987551
  0
LINE
  5
682
100
AcDbEntity
  8
2 BaseLine
  6
ByLayer
 62
  256
370
   -1
100
AcDbLine
 10
253.0118069994848
 20
1223.562505311278
 11
327.1895039310277
 21
1223.553516756206
  0
LINE
  5
683
100
AcDbEntity
  8
2 BaseLine
  6
ByLayer
 62
  256
370
   -1
100
AcDbLine
 10
260.5636125422718
 20
1223.552950925443
 11
327.1524737883958
 21
1191.738703272125
  0
LINE
  5
684
100
AcDbEntity
  8
2 BaseLine
  6
ByLayer
 62
  256
370
   -1
100
AcDbLine
 10
253.0847902593138
 20
1221.584760820626
 11
327.2355666140658
 21
1186.090207717021
  0
LINE
  5
685
100
AcDbEntity
  8
2 BaseLine
  6
ByLayer
 62
  256
370
   -1
100
AcDbLine
 10
253.0015437237668
 20
1138.865226426797
 11
327.4246690035858
 21
1101.81177856321
  0
LINE
  5
686
100
AcDbEntity
  8
2 BaseLine
  6
ByLayer
 62
  256
370
   -1
100
AcDbLine
 10
327.2355225887479
 20
1185.726890513435
 11
253.0028734549969
 21
1149.838781064676
  0
LINE
  5
687
100
AcDbEntity
  8
2 BaseLine
  6
ByLayer
 62
  256
370
   -1
100
AcDbLine
 10
327.2348662112797
 20
1180.310161296323
 11
253.0021801320988
 21
1144.117161136755
  0
LINE
  5
688
100
AcDbEntity
  8
2 BaseLine
  6
ByLayer
 62
  256
370
   -1
100
AcDbLine
 10
253.0022111764078
 20
1144.373353073826
 11
325.1635292483288
 21
1108.658225832257
  0
LINE
  5
689
100
AcDbEntity
  8
2 BaseLine
  6
ByLayer
 62
  256
370
   -1
100
AcDbLine
 10
325.3621465766939
 20
1102.901454968244
 11
252.9931152084907
 21
1069.309235869061
  0
LINE
  5
68A
100
AcDbEntity
  8
2 BaseLine
  6
ByLayer
 62
  256
370
   -1
100
AcDbLine
 10
325.2482678209128
 20
1097.332405865051
 11
253.1713670710657
 21
1063.752887723707
  0
LINE
  5
68B
100
AcDbEntity
  8
2 BaseLine
  6
ByLayer
 62
  256
370
   -1
100
AcDbLine
 10
253.1713670710657
 20
1063.752887723707
 11
327.2207411821898
 21
1063.743914718279
  0
LINE
  5
68C
100
AcDbEntity
  8
2 BaseLine
  6
ByLayer
 62
  256
370
   -1
100
AcDbLine
 10
337.6070301564059
 20
1052.839414224308
 11
363.2370458586337
 21
1066.803066869478
  0
LINE
  5
68D
100
AcDbEntity
  8
2 BaseLine
  6
ByLayer
 62
  256
370
   -1
100
AcDbLine
 10
363.2370458586337
 20
1066.803066869478
 11
350.9552675284567
 21
1216.465136446686
  0
LINE
  5
68E
100
AcDbEntity
  8
2 BaseLine
  6
ByLayer
 62
  256
370
   -1
100
AcDbLine
 10
350.9552675284567
 20
1216.465136446686
 11
333.4193948200247
 21
1227.281286452851
  0
SPLINE
  5
68F
100
AcDbEntity
  8
2 BaseLine
  6
ByLayer
 62
  256
370
   -1
100
AcDbSpline
210
0
220
0
230
0
 70
    8
 71
    2
 72
   13
 73
   10
 74
    0
 42
1e-07
 43
1e-07
 40
0
 40
0
 40
0
 40
0.125
 40
0.25
 40
0.375
 40
0.5
 40
0.625
 40
0.75
 40
0.875
 40
1
 40
1
 40
1
 10
246.0738537723068
 20
1223.563346024555
 30
0
 10
253.4189484022779
 20
1229.656513170723
 30
0
 10
266.7882495126057
 20
1235.562276664673
 30
0
 10
277.5265920120088
 20
1238.039619311382
 30
0
 10
287.1259940183047
 20
1238.968815557275
 30
0
 10
297.1336131518328
 20
1238.465621080431
 30
0
 10
308.4695542250637
 20
1236.530366476035
 30
0
 10
317.6654873752997
 20
1233.741738800314
 30
0
 10
324.5420964891188
 20
1231.675332039713
 30
0
 10
327.2408839470037
 20
1229.971288495738
 30
0
  0
LINE
  5
690
100
AcDbEntity
  8
2 BaseLine
  6
ByLayer
 62
  256
370
   -1
100
AcDbLine
 10
316.5164604351807
 20
1223.56646990108
 11
327.2238321689178
 21
1212.580471952728
  0
LINE
  5
691
100
AcDbEntity
  8
2 BaseLine
  6
ByLayer
 62
  256
370
   -1
100
AcDbLine
 10
333.0580763356897
 20
1073.090628836806
 11
337.8604327529758
 21
1073.090046906563
  0
LINE
  5
692
100
AcDbEntity
  8
2 BaseLine
  6
ByLayer
 62
  256
370
   -1
100
AcDbLine
 10
337.8604327529758
 20
1073.090046906563
 11
337.8561987087998
 21
1038.148764008385
  0
LINE
  5
693
100
AcDbEntity
  8
3 RefLine
  6
ByLayer
 62
  256
370
   -1
100
AcDbLine
 10
244.2012578434557
 20
1038.088953941559
 11
372.4169959950538
 21
1038.088953941559
  0
POINT
  5
694
100
AcDbEntity
  8
9 Mecha
  6
ByLayer
 62
  256
370
   -1
100
AcDbPoint
 10
341.5305918035582
 20
1007.611525587535
  0
LWPOLYLINE
  5
695
100
AcDbEntity
  8
9 Mecha
  6
ByLayer
 62
  256
370
   -1
100
AcDbPolyline
 90
    4
 70
    1
 43
0
 10
341.5305918035582
 20
1004.13222157436
 10
356.5305918035582
 20
1004.13222157436
 10
356.5305918035582
 20
1010.13222157436
 10
341.5305918035582
 20
1010.13222157436
  0
DIMENSION
  5
696
100
AcDbEntity
  8
4 Text
  6
ByLayer
 62
  256
370
   -1
100
AcDbDimension
  2
*D60
 10
384.4416379546427
 20
1010.13222157436
 30
0
 11
379.7541379546427
 21
1024.11058775796
 31
0
 70
   32
 71
    5
 72
    0
  3
Standard
 53
0
210
0
220
0
230
1
100
AcDbAlignedDimension
 13
347.6448612341142
 23
1038.088953941559
 33
0
 14
347.6448612341142
 24
1010.13222157436
 34
0
 50
90
100
AcDbRotatedDimension
  0
LINE
  5
697
100
AcDbEntity
  8
3 RefLine
  6
ByLayer
 62
  256
370
   -1
100
AcDbLine
 10
341.7091182773959
 20
1536.625056710855
 11
341.7091182773959
 21
1508.625056710855
  0
LWPOLYLINE
  5
698
100
AcDbEntity
  8
9 Mecha
  6
ByLayer
 62
  256
370
   -1
100
AcDbPolyline
 90
    4
 70
    1
 43
0
 10
-90.16326971146405
 20
1543.017237692971
 10
-90.16326971146405
 20
1553.679204595796
 10
-88.3738486928081
 20
1553.679204595796
 10
-88.3738486928081
 20
1543.017237692971
  0
LWPOLYLINE
  5
699
100
AcDbEntity
  8
9 Mecha
  6
ByLayer
 62
  256
370
   -1
100
AcDbPolyline
 90
    4
 70
    1
 43
0
 10
340.9034210239523
 20
1502.657925338645
 10
355.8212494544764
 20
1501.089998389631
 10
356.4484202340823
 20
1507.05712976184
 10
341.5305918035582
 20
1508.625056710855
  0
LINE
  5
69A
100
AcDbEntity
  8
9 Mecha
  6
ByLayer
 62
  256
370
   -1
100
AcDbLine
 10
-67.00621132739025
 20
1552.324066289564
 11
-67.24928101781609
 21
1548.353928012609
  0
LINE
  5
69B
100
AcDbEntity
  8
9 Mecha
  6
ByLayer
 62
  256
370
   -1
100
AcDbLine
 10
-66.85798570741008
 20
1518.204999424772
 11
-66.55951255693057
 21
1514.069014339556
  0
LINE
  5
69C
100
AcDbEntity
  8
9 Mecha
  6
ByLayer
 62
  256
370
   -1
100
AcDbLine
 10
-66.55951255693057
 20
1514.069014339556
 11
273.4534017290815
 21
1539.360349466909
  0
LINE
  5
69D
100
AcDbEntity
  8
9 Mecha
  6
ByLayer
 62
  256
370
   -1
100
AcDbLine
 10
-66.85798570741008
 20
1518.204999424772
 11
273.0482855783717
 21
1543.654580664433
  0
LINE
  5
69E
100
AcDbEntity
  8
9 Mecha
  6
ByLayer
 62
  256
370
   -1
100
AcDbLine
 10
273.0482855783717
 20
1543.654580664433
 11
273.4534017290815
 21
1539.360349466909
  0
LINE
  5
69F
100
AcDbEntity
  8
9 Mecha
  6
ByLayer
 62
  256
370
   -1
100
AcDbLine
 10
-67.00621132739025
 20
1552.324066289564
 11
273.1223937518808
 21
1524.854375825449
  0
LINE
  5
6A0
100
AcDbEntity
  8
9 Mecha
  6
ByLayer
 62
  256
370
   -1
100
AcDbLine
 10
-67.24928101781609
 20
1548.353928012609
 11
273.3932141720612
 21
1519.573377631932
  0
LINE
  5
6A1
100
AcDbEntity
  8
9 Mecha
  6
ByLayer
 62
  256
370
   -1
100
AcDbLine
 10
273.1223937518808
 20
1524.854375825449
 11
273.3932141720612
 21
1519.573377631932
  0
LINE
  5
6A2
100
AcDbEntity
  8
8 Linkage
  6
ByLayer
 62
  256
370
   -1
100
AcDbLine
 10
-89.45164945709072
 20
1552.729802753996
 11
279.7574940463008
 21
1521.469120573202
  0
LINE
  5
6A3
100
AcDbEntity
  8
8 Linkage
  6
ByLayer
 62
  256
370
   -1
100
AcDbLine
 10
279.7574940463008
 20
1521.469120573202
 11
282.7365186682865
 21
1513.479918177892
  0
LINE
  5
6A4
100
AcDbEntity
  8
8 Linkage
  6
ByLayer
 62
  256
370
   -1
100
AcDbLine
 10
282.7365186682865
 20
1513.479918177892
 11
338.9317558557093
 21
1505.355305572481
  0
LWPOLYLINE
  5
6A5
100
AcDbEntity
  8
7 Rib
  6
ByLayer
 62
  256
370
   -1
100
AcDbPolyline
 90
    4
 70
    1
 43
0
 10
227.3498012246181
 20
1540.193481471927
 10
222.3694124265741
 20
1540.193481471927
 10
222.3694124265741
 20
1527.857948952268
 10
227.3498012246181
 20
1527.857948952268
  0
DIMENSION
  5
6A6
100
AcDbEntity
  8
4 Text
  6
ByLayer
 62
  256
370
   -1
100
AcDbDimension
  2
*D61
 10
218.2595146246787
 20
1527.857948952268
 30
0
 11
213.5720146246787
 21
1534.025715212098
 31
0
 70
   32
 71
    5
 72
    0
  3
Standard
 53
0
210
0
220
0
230
1
100
AcDbAlignedDimension
 13
222.3694124265741
 23
1540.193481471927
 33
0
 14
222.3694124265741
 24
1527.857948952268
 34
0
 50
90
100
AcDbRotatedDimension
  0
LINE
  5
6A7
100
AcDbEntity
  8
7 Rib
  6
ByLayer
 62
  256
370
   -1
100
AcDbLine
 10
-529.6221708906183
 20
1507.358914242925
 11
-529.6221708906183
 21
1480.358914242925
  0
LINE
  5
6A8
100
AcDbEntity
  8
7 Rib
  6
ByLayer
 62
  256
370
   -1
100
AcDbLine
 10
-529.6221708906183
 20
1507.358914242925
 11
-517.6221708906183
 21
1507.358914242925
  0
LINE
  5
6A9
100
AcDbEntity
  8
7 Rib
  6
ByLayer
 62
  256
370
   -1
100
AcDbLine
 10
-529.6221708906183
 20
1480.358914242925
 11
-517.6221708906183
 21
1480.358914242925
  0
LINE
  5
6AA
100
AcDbEntity
  8
7 Rib
  6
ByLayer
 62
  256
370
   -1
100
AcDbLine
 10
-517.6221708906183
 20
1480.358914242925
 11
-517.6221708906183
 21
1507.358914242925
  0
LINE
  5
6AB
100
AcDbEntity
  8
7 Rib
  6
ByLayer
 62
  256
370
   -1
100
AcDbLine
 10
-529.6221708906183
 20
1502.358914242925
 11
-517.6221708906183
 21
1502.358914242925
  0
LINE
  5
6AC
100
AcDbEntity
  8
7 Rib
  6
ByLayer
 62
  256
370
   -1
100
AcDbLine
 10
-529.6221708906183
 20
1485.358914242925
 11
-517.6221708906183
 21
1485.358914242925
  0
LINE
  5
6AD
100
AcDbEntity
  8
7 Rib
  6
ByLayer
 62
  256
370
   -1
100
AcDbLine
 10
-522.6221708906183
 20
1480.358914242925
 11
-522.6221708906183
 21
1507.358914242925
  0
LINE
  5
6AE
100
AcDbEntity
  8
7 Rib
  6
ByLayer
 62
  256
370
   -1
100
AcDbLine
 10
-524.6221708906183
 20
1507.358914242925
 11
-524.6221708906183
 21
1480.358914242925
  0
DIMENSION
  5
6AF
100
AcDbEntity
  8
4 Text
  6
ByLayer
 62
  256
370
   -1
100
AcDbDimension
  2
*D62
 10
-517.6221708906183
 20
1467.824533389659
 30
0
 11
-523.6221708906183
 21
1472.512033389659
 31
0
 70
   32
 71
    5
 72
    0
  3
Standard
 53
0
210
0
220
0
230
1
100
AcDbAlignedDimension
 13
-529.6221708906183
 23
1480.358914242925
 33
0
 14
-517.6221708906183
 24
1480.358914242925
 34
0
100
AcDbRotatedDimension
  0
DIMENSION
  5
6B0
100
AcDbEntity
  8
4 Text
  6
ByLayer
 62
  256
370
   -1
100
AcDbDimension
  2
*D63
 10
389.7989124676593
 20
1303.193933973255
 30
0
 11
1.434192094584262
 21
1307.881433973255
 31
0
 70
   32
 71
    5
 72
    0
  3
Standard
 53
0
210
0
220
0
230
1
100
AcDbAlignedDimension
 13
-386.9305282784908
 23
1425.134588357192
 33
0
 14
389.7989124676593
 24
1447.418101296014
 34
0
100
AcDbRotatedDimension
  0
MTEXT
  5
6B1
100
AcDbEntity
  8
4 Text
  6
ByLayer
 62
  256
370
   -1
100
AcDbMText
 10
-1225.778943969016
 20
1850.477141193932
 30
0
 40
8
 41
55.51111111111285
 71
    1
 72
    1
  1
Tip 5mm*5
  7
STANDARD
210
0
220
0
230
1
 50
0
 73
    2
 44
1
  0
DIMENSION
  5
6B2
100
AcDbEntity
  8
4 Text
  6
ByLayer
 62
  256
370
   -1
100
AcDbDimension
  2
*D64
 10
-252.233683196731
 20
1890.934624635111
 30
0
 11
-253.233683196731
 21
1895.622124635111
 31
0
 70
   32
 71
    5
 72
    0
  3
Standard
 53
0
210
0
220
0
230
1
100
AcDbAlignedDimension
 13
-254.233683196731
 23
1880.790421156954
 33
0
 14
-252.233683196731
 24
1880.790421156954
 34
0
100
AcDbRotatedDimension
  0
MTEXT
  5
6B3
100
AcDbEntity
  8
4 Text
  6
ByLayer
 62
  256
370
   -1
100
AcDbMText
 10
435.4099389987485
 20
1676.690352412541
 30
0
 40
8
 41
92.66666666666853
 71
    1
 72
    1
  1
Rib 2mm make 20
  7
STANDARD
210
0
220
0
230
1
 50
0
 73
    2
 44
1
  0
MTEXT
  5
6B4
100
AcDbEntity
  8
4 Text
  6
ByLayer
 62
  256
370
   -1
100
AcDbMText
 10
435.4099389987485
 20
1656.775552707816
 30
0
 40
8
 41
86.44444444444682
 71
    1
 72
    1
  1
Rib 3mm make 2
  7
STANDARD
210
0
220
0
230
1
 50
0
 73
    2
 44
1
  0
LINE
  5
6B5
100
AcDbEntity
  8
3 RefLine
  6
ByLayer
 62
  256
370
   -1
100
AcDbLine
 10
273.3932141720612
 20
1369.573377631932
 11
273.3932141720612
 21
1519.573377631932
  0
LINE
  5
6B6
100
AcDbEntity
  8
7 Rib
  6
ByLayer
 62
  256
370
   -1
100
AcDbLine
 10
273.4404946060572
 20
1421.985847385158
 11
273.4404946060572
 21
1403.16894923718
  0
LINE
  5
6B7
100
AcDbEntity
  8
7 Rib
  6
ByLayer
 62
  256
370
   -1
100
AcDbLine
 10
273.4404946060572
 20
1403.16894923718
 11
227.2319092806434
 21
1401.144346271892
  0
LINE
  5
6B8
100
AcDbEntity
  8
7 Rib
  6
ByLayer
 62
  256
370
   -1
100
AcDbLine
 10
227.2319092806434
 20
1401.144346271892
 11
227.2319092806434
 21
1421.985847385158
  0
LINE
  5
6B9
100
AcDbEntity
  8
7 Rib
  6
ByLayer
 62
  256
370
   -1
100
AcDbLine
 10
227.2319092806434
 20
1421.985847385158
 11
273.4404946060572
 21
1421.985847385158
  0
LWPOLYLINE
  5
6BA
100
AcDbEntity
  8
7 Rib
  6
ByLayer
 62
  256
370
   -1
100
AcDbPolyline
 90
    4
 70
    0
 43
0
 10
227.2319092806434
 20
1421.985847385158
 10
227.2319092806434
 20
1421.985847385158
 10
227.2319092806434
 20
1421.985847385158
 10
227.2319092806434
 20
1421.985847385158
  0
MTEXT
  5
6BB
100
AcDbEntity
  8
4 Text
  6
ByLayer
 62
  256
370
   -1
100
AcDbMText
 10
171.5388429112081
 20
1366.200520652986
 30
0
 40
8
 41
156.4444485587455
 71
    1
 72
    1
  1
3mm panel for linkage tubes
  7
STANDARD
210
0
220
0
230
1
 50
0
 73
    2
 44
1
  0
LINE
  5
6BC
100
AcDbEntity
  8
4 Text
  6
ByLayer
 62
  256
370
   -1
100
AcDbLine
 10
220.4206240046395
 20
1371.179220579169
 11
230.8306329412036
 21
1392.904456620694
  0
LEADER
  5
6BD
100
AcDbEntity
  8
4 Text
  6
ByLayer
 62
  256
370
   -1
100
AcDbLeader
  3
Standard
 71
    1
 72
    0
 73
    3
 74
    0
 75
    0
 40
1
 41
10
 76
2
 76
2
 10
232.8794336886756
 20
1397.7041653518
 30
0
 10
230.527835980069
 20
1392.288364568342
 30
0
  0
LINE
  5
6BE
100
AcDbEntity
  8
2 BaseLine
  6
ByLayer
 62
  256
370
   -1
100
AcDbLine
 10
-257.824408779457
 20
1399.047322425448
 11
-385.0985482769998
 21
1399.047322425448
  0
LINE
  5
6BF
100
AcDbEntity
  8
2 BaseLine
  6
ByLayer
 62
  256
370
   -1
100
AcDbLine
 10
-257.824408779457
 20
1404.047322425448
 11
-385.4520372110417
 21
1404.047322425448
  0
LINE
  5
6C0
100
AcDbEntity
  8
3 RefLine
  6
ByLayer
 62
  256
370
   -1
100
AcDbLine
 10
-388.1118815594225
 20
1567.260806274082
 11
-388.1118815594225
 21
1427.984961376134
  0
LINE
  5
6C1
100
AcDbEntity
  8
3 RefLine
  6
ByLayer
 62
  256
370
   -1
100
AcDbLine
 10
-381.7067735659026
 20
1380.055975859986
 11
-431.7067735659026
 21
1380.055975859986
  0
LINE
  5
6C2
100
AcDbEntity
  8
3 RefLine
  6
ByLayer
 62
  256
370
   -1
100
AcDbLine
 10
-454.005630734792
 20
1427.055975859986
 11
-412.005630734792
 21
1380.055975859986
  0
LINE
  5
6C3
100
AcDbEntity
  8
3 RefLine
  6
ByLayer
 62
  256
370
   -1
100
AcDbLine
 10
-412.005630734792
 20
1427.055975859986
 11
-454.005630734792
 21
1380.055975859986
  0
CIRCLE
  5
6C4
100
AcDbEntity
  8
7 Rib
  6
ByLayer
 62
  256
370
   -1
100
AcDbCircle
 10
-433.005716237702
 20
1403.540065027065
 40
3
  0
LINE
  5
6C5
100
AcDbEntity
  8
3 RefLine
  6
ByLayer
 62
  256
370
   -1
100
AcDbLine
 10
-442.4694469488286
 20
1403.537391545216
 11
-423.4694469488286
 21
1403.537391545216
  0
CIRCLE
  5
6C6
100
AcDbEntity
  8
7 Rib
  6
ByLayer
 62
  256
370
   -1
100
AcDbCircle
 10
-442.4694469488286
 20
1403.537391545216
 40
1.6
  0
CIRCLE
  5
6C7
100
AcDbEntity
  8
7 Rib
  6
ByLayer
 62
  256
370
   -1
100
AcDbCircle
 10
-423.4694469488286
 20
1403.537391545216
 40
1.6
  0
CIRCLE
  5
6C8
100
AcDbEntity
  8
7 Rib
  6
ByLayer
 62
  256
370
   -1
100
AcDbCircle
 10
-432.9749280793515
 20
1411.795065682113
 40
1.6
  0
CIRCLE
  5
6C9
100
AcDbEntity
  8
7 Rib
  6
ByLayer
 62
  256
370
   -1
100
AcDbCircle
 10
-432.9749280793515
 20
1395.295065682113
 40
1.6
  0
LINE
  5
6CA
100
AcDbEntity
  8
3 RefLine
  6
ByLayer
 62
  256
370
   -1
100
AcDbLine
 10
-432.9749280793515
 20
1395.295065682113
 11
-432.9749280793515
 21
1427.984961376134
  0
SPLINE
  5
6CB
100
AcDbEntity
  8
7 Rib
  6
ByLayer
 62
  256
370
   -1
100
AcDbSpline
210
0
220
0
230
0
 70
    8
 71
    2
 72
   12
 73
    9
 74
    0
 42
1e-07
 43
1e-07
 40
0
 40
0
 40
0
 40
0.1428571428571428
 40
0.2857142857142857
 40
0.4285714285714285
 40
0.5714285714285714
 40
0.7142857142857143
 40
0.8571428571428571
 40
1
 40
1
 40
1
 10
-412.005630734792
 20
1403.633948663108
 30
0
 10
-411.6642589469349
 20
1407.402878728168
 30
0
 10
-413.9459457483298
 20
1412.079628994593
 30
0
 10
-416.6843372011628
 20
1415.605550670153
 30
0
 10
-420.3367291697932
 20
1418.317889252856
 30
0
 10
-423.1962144034674
 20
1419.947788083084
 30
0
 10
-426.6631377920365
 20
1421.42178916283
 30
0
 10
-431.0669532942828
 20
1422.450966435316
 30
0
 10
-432.9749280793515
 20
1422.336819414382
 30
0
  0
SPLINE
  5
6CC
100
AcDbEntity
  8
7 Rib
  6
ByLayer
 62
  256
370
   -1
100
AcDbSpline
210
0
220
0
230
0
 70
    8
 71
    2
 72
   12
 73
    9
 74
    0
 42
1e-07
 43
1e-07
 40
0
 40
0
 40
0
 40
0.1428571428571428
 40
0.2857142857142857
 40
0.4285714285714285
 40
0.5714285714285714
 40
0.7142857142857143
 40
0.8571428571428571
 40
1
 40
1
 40
1
 10
-453.944225423911
 20
1403.633948663108
 30
0
 10
-454.285597211768
 20
1407.402878728168
 30
0
 10
-452.0039104103731
 20
1412.079628994593
 30
0
 10
-449.2655189575402
 20
1415.605550670153
 30
0
 10
-445.6131269889096
 20
1418.317889252856
 30
0
 10
-442.7536417552357
 20
1419.947788083084
 30
0
 10
-439.2867183666663
 20
1421.42178916283
 30
0
 10
-434.8829028644203
 20
1422.450966435316
 30
0
 10
-432.9749280793515
 20
1422.336819414382
 30
0
  0
DIMENSION
  5
6CD
100
AcDbEntity
  8
4 Text
  6
ByLayer
 62
  256
370
   -1
100
AcDbDimension
  2
*D66
 10
-397.1642841428343
 20
1387.525978460991
 30
0
 11
-393.4647932896591
 21
1401.818858635304
 31
0
 70
   33
 71
    5
  3
Standard
 53
0
210
0
220
0
230
1
100
AcDbAlignedDimension
 13
-384.435633791098
 23
1416.484425546704
 33
0
 14
-382.4824525262625
 24
1388.552632139429
 34
0
  0
CIRCLE
  5
6CE
100
AcDbEntity
  8
9 Mecha
  6
ByLayer
 62
  256
370
   -1
100
AcDbCircle
 10
-432.9539139695413
 20
1403.505820528715
 40
14
  0
LINE
  5
6CF
100
AcDbEntity
  8
7 Rib
  6
ByLayer
 62
  256
370
   -1
100
AcDbLine
 10
-454.005630734792
 20
1380.055975859986
 11
-412.005630734792
 21
1380.055975859986
  0
LINE
  5
6D0
100
AcDbEntity
  8
7 Rib
  6
ByLayer
 62
  256
370
   -1
100
AcDbLine
 10
-412.005630734792
 20
1380.055975859986
 11
-412.005630734792
 21
1406.40198742569
  0
LINE
  5
6D1
100
AcDbEntity
  8
7 Rib
  6
ByLayer
 62
  256
370
   -1
100
AcDbLine
 10
-454.005630734792
 20
1406.192289953201
 11
-454.005630734792
 21
1380.055975859986
  0
LINE
  5
6D2
100
AcDbEntity
  8
6 Spar
  6
ByLayer
 62
  256
370
   -1
100
AcDbLine
 10
-388.0379980134191
 20
1513.226185994537
 11
-385.9464621654653
 21
1512.935694904544
  0
DIMENSION
  5
6D3
100
AcDbEntity
  8
4 Text
  6
ByLayer
 62
  256
370
   -1
100
AcDbDimension
  2
*D67
 10
-412.2511387566798
 20
1514.245203033254
 30
0
 11
-415.8900709099389
 21
1535.424860388355
 31
0
 70
   33
 71
    5
  3
Standard
 53
0
210
0
220
0
230
1
100
AcDbAlignedDimension
 13
-383.8609218639121
 23
1554.828877503058
 33
0
 14
-385.9464621654653
 24
1512.935694904544
 34
0
  0
DIMENSION
  5
6D4
100
AcDbEntity
  8
4 Text
  6
ByLayer
 62
  256
370
   -1
100
AcDbDimension
  2
*D68
 10
-412.005630734792
 20
1368.049352542225
 30
0
 11
-433.005630734792
 21
1372.736852542225
 31
0
 70
   32
 71
    5
  3
Standard
 53
0
210
0
220
0
230
1
100
AcDbAlignedDimension
 13
-454.005630734792
 23
1380.055975859986
 33
0
 14
-412.005630734792
 24
1380.055975859986
 34
0
100
AcDbRotatedDimension
  0
DIMENSION
  5
6D5
100
AcDbEntity
  8
4 Text
  6
ByLayer
 62
  256
370
   -1
100
AcDbDimension
  2
*D69
 10
-469.5271898085662
 20
1422.433665716511
 30
0
 11
-474.2146898085662
 21
1401.244820788248
 31
0
 70
   32
 71
    5
  3
Standard
 53
0
210
0
220
0
230
1
100
AcDbAlignedDimension
 13
-454.005630734792
 23
1380.055975859986
 33
0
 14
-432.9749280793515
 24
1422.433665716511
 34
0
 50
90
100
AcDbRotatedDimension
  0
LINE
  5
6D6
100
AcDbEntity
  8
3 RefLine
  6
ByLayer
 62
  256
370
   -1
100
AcDbLine
 10
-381.743791916266
 20
1380.055975859986
 11
-384.6735638135193
 21
1421.953665970899
  0
LINE
  5
6D7
100
AcDbEntity
  8
6 Spar
  6
ByLayer
 62
  256
370
   -1
100
AcDbLine
 10
-384.6567258646315
 20
1421.881217877302
 11
-381.7259890391601
 21
1380.055975859986
  0
LINE
  5
6D8
100
AcDbEntity
  8
6 Spar
  6
ByLayer
 62
  256
370
   -1
100
AcDbLine
 10
-386.654797912458
 20
1421.795454278888
 11
-383.6968012755944
 21
1378.890137723453
  0
LINE
  5
6D9
100
AcDbEntity
  8
2 BaseLine
  6
ByLayer
 62
  256
370
   -1
100
AcDbLine
 10
-386.654797912458
 20
1421.795454278888
 11
-257.7141778082066
 21
1421.795454278888
  0
LINE
  5
6DA
100
AcDbEntity
  8
2 BaseLine
  6
ByLayer
 62
  256
370
   -1
100
AcDbLine
 10
-380.5430286474864
 20
1421.795454278888
 11
-257.7141778082066
 21
1384.017049825543
  0
LINE
  5
6DB
100
AcDbEntity
  8
6 Spar
  6
ByLayer
 62
  256
370
   -1
100
AcDbLine
 10
-385.0200890023708
 20
1423.795454278888
 11
-257.7141778082066
 21
1423.795454278888
  0
SPLINE
  5
6DC
100
AcDbEntity
  8
6 Spar
  6
ByLayer
 62
  256
370
   -1
100
AcDbSpline
210
0
220
0
230
0
 70
    8
 71
    2
 72
    9
 73
    6
 74
    0
 42
1e-07
 43
1e-07
 40
0
 40
0
 40
0
 40
0.25
 40
0.5
 40
0.75
 40
1
 40
1
 40
1
 10
-385.0200890023708
 20
1423.795454278888
 30
0
 10
-385.3984376850844
 20
1423.849401999758
 30
0
 10
-386.0034568629449
 20
1423.584177761754
 30
0
 10
-386.4343880856972
 20
1423.149828424166
 30
0
 10
-386.8196994148902
 20
1422.34045053459
 30
0
 10
-386.6645120362614
 20
1421.686434082019
 30
0
  0
DIMENSION
  5
6DD
100
AcDbEntity
  8
4 Text
  6
ByLayer
 62
  256
370
   -1
100
AcDbDimension
  2
*D70
 10
-409.159233608625
 20
1420.219827037006
 30
0
 11
-403.0000462863669
 21
1399.602076480018
 31
0
 70
   33
 71
    5
  3
Standard
 53
0
210
0
220
0
230
1
100
AcDbAlignedDimension
 13
-381.7067735659026
 23
1380.055975859986
 33
0
 14
-384.6735638135193
 24
1421.953665970899
 34
0
  0
DIMENSION
  5
6DE
100
AcDbEntity
  8
4 Text
  6
ByLayer
 62
  256
370
   -1
100
AcDbDimension
  2
*D71
 10
-297.4956207662829
 20
1423.795454278888
 30
0
 11
-302.1831207662829
 21
1422.795454278888
 31
0
 70
   32
 71
    5
  3
Standard
 53
0
210
0
220
0
230
1
100
AcDbAlignedDimension
 13
-306.8113072420105
 23
1421.795454278888
 33
0
 14
-306.8664296471923
 24
1423.795454278888
 34
0
 50
90
100
AcDbRotatedDimension
  0
LINE
  5
6DF
100
AcDbEntity
  8
7 Rib
  6
ByLayer
 62
  256
370
   -1
100
AcDbLine
 10
-400
 20
1600
 11
-430
 21
1600
  0
LINE
  5
6E0
100
AcDbEntity
  8
7 Rib
  6
ByLayer
 62
  256
370
   -1
100
AcDbLine
 10
-430
 20
1600
 11
-430
 21
1640
  0
LINE
  5
6E1
100
AcDbEntity
  8
7 Rib
  6
ByLayer
 62
  256
370
   -1
100
AcDbLine
 10
-400
 20
1600
 11
-404.1811385307062
 21
1639.780875814731
  0
LINE
  5
6E2
100
AcDbEntity
  8
7 Rib
  6
ByLayer
 62
  256
370
   -1
100
AcDbLine
 10
-430
 20
1640
 11
-404.1811385307062
 21
1639.780875814731
  0
MTEXT
  5
6E3
100
AcDbEntity
  8
4 Text
  6
ByLayer
 62
  256
370
   -1
100
AcDbMText
 10
-438.8392448779435
 20
1594.741815886447
 30
0
 40
8
 41
50.44444444444643
 71
    1
 72
    1
  1
Dih gauge
  7
STANDARD
210
0
220
0
230
1
 50
0
 73
    2
 44
1
  0
SPLINE
  5
6E4
100
AcDbEntity
  8
6 Spar
  6
ByLayer
 62
  256
370
   -1
100
AcDbSpline
210
0
220
0
230
0
 70
    8
 71
    2
 72
   12
 73
    9
 74
    0
 42
1e-07
 43
1e-07
 40
0
 40
0
 40
0
 40
0.1428571428571428
 40
0.2857142857142857
 40
0.4285714285714285
 40
0.5714285714285714
 40
0.7142857142857143
 40
0.8571428571428571
 40
1
 40
1
 40
1
 10
-411.9875685646234
 20
1407.105423673279
 30
0
 10
-412.1451343825984
 20
1410.171288404518
 30
0
 10
-413.3643712678129
 20
1414.014943821772
 30
0
 10
-415.5636495053089
 20
1417.070971134922
 30
0
 10
-419.2222225929065
 20
1419.998555958381
 30
0
 10
-422.3099536541936
 20
1421.742318982034
 30
0
 10
-426.0626878557018
 20
1423.340441601041
 30
0
 10
-430.9523652469744
 20
1424.46350431362
 30
0
 10
-433.0943670698622
 20
1424.33324981075
 30
0
  0
SPLINE
  5
6E5
100
AcDbEntity
  8
6 Spar
  6
ByLayer
 62
  256
370
   -1
100
AcDbSpline
210
0
220
0
230
0
 70
    8
 71
    2
 72
   12
 73
    9
 74
    0
 42
1e-07
 43
1e-07
 40
0
 40
0
 40
0
 40
0.1428571428571428
 40
0.2857142857142857
 40
0.4285714285714285
 40
0.5714285714285714
 40
0.7142857142857143
 40
0.8571428571428571
 40
1
 40
1
 40
1
 10
-453.9622875940795
 20
1407.105423673279
 30
0
 10
-453.8047217761046
 20
1410.171288404518
 30
0
 10
-452.58548489089
 20
1414.014943821772
 30
0
 10
-450.386206653394
 20
1417.070971134922
 30
0
 10
-446.7276335657965
 20
1419.998555958381
 30
0
 10
-443.6399025045093
 20
1421.742318982034
 30
0
 10
-439.887168303001
 20
1423.340441601041
 30
0
 10
-434.9974909117286
 20
1424.46350431362
 30
0
 10
-432.8554890888407
 20
1424.33324981075
 30
0
  0
LINE
  5
6E6
100
AcDbEntity
  8
3 RefLine
  6
ByLayer
 62
  256
370
   -1
100
AcDbLine
 10
-385.4520372110417
 20
1404.047322425448
 11
-485.4520372110417
 21
1404.047322425448
  0
SPLINE
  5
6E7
100
AcDbEntity
  8
6 Spar
  6
ByLayer
 62
  256
370
   -1
100
AcDbSpline
210
0
220
0
230
0
 70
    8
 71
    2
 72
   12
 73
    9
 74
    0
 42
1e-07
 43
1e-07
 40
0
 40
0
 40
0
 40
0.1428571428571428
 40
0.2857142857142857
 40
0.4285714285714285
 40
0.5714285714285714
 40
0.7142857142857143
 40
0.8571428571428571
 40
1
 40
1
 40
1
 10
-416.9809783621303
 20
1406.848794380013
 30
0
 10
-417.1198677259919
 20
1409.27656863885
 30
0
 10
-417.8849966311101
 20
1411.766293921583
 30
0
 10
-419.2849012872173
 20
1413.653349813804
 30
0
 10
-422.0507973317306
 20
1415.85533427718
 30
0
 10
-424.5318803329745
 20
1417.250275734174
 30
0
 10
-427.5556087549162
 20
1418.542597719767
 30
0
 10
-431.235250846919
 20
1419.431110231738
 30
0
 10
-432.7908791398944
 20
1419.342468802094
 30
0
  0
SPLINE
  5
6E8
100
AcDbEntity
  8
6 Spar
  6
ByLayer
 62
  256
370
   -1
100
AcDbSpline
210
0
220
0
230
0
 70
    8
 71
    2
 72
   12
 73
    9
 74
    0
 42
1e-07
 43
1e-07
 40
0
 40
0
 40
0
 40
0.1428571428571428
 40
0.2857142857142857
 40
0.4285714285714285
 40
0.5714285714285714
 40
0.7142857142857143
 40
0.8571428571428571
 40
1
 40
1
 40
1
 10
-448.9688777965726
 20
1406.848794380013
 30
0
 10
-448.8299884327111
 20
1409.27656863885
 30
0
 10
-448.0648595275927
 20
1411.766293921583
 30
0
 10
-446.6649548714855
 20
1413.653349813804
 30
0
 10
-443.8990588269722
 20
1415.85533427718
 30
0
 10
-441.4179758257285
 20
1417.250275734174
 30
0
 10
-438.3942474037867
 20
1418.542597719767
 30
0
 10
-434.714605311784
 20
1419.431110231738
 30
0
 10
-433.1589770188085
 20
1419.342468802094
 30
0
  0
LINE
  5
6E9
100
AcDbEntity
  8
6 Spar
  6
ByLayer
 62
  256
370
   -1
100
AcDbLine
 10
-411.9875685646234
 20
1407.105423673279
 11
-411.9875685646234
 21
1404.047322425448
  0
LINE
  5
6EA
100
AcDbEntity
  8
6 Spar
  6
ByLayer
 62
  256
370
   -1
100
AcDbLine
 10
-453.9622875940795
 20
1407.105423673279
 11
-453.9622875940795
 21
1404.047322425448
  0
LINE
  5
6EB
100
AcDbEntity
  8
6 Spar
  6
ByLayer
 62
  256
370
   -1
100
AcDbLine
 10
-448.9688777965727
 20
1406.848794380013
 11
-448.9688777965727
 21
1404.047322425448
  0
DIMENSION
  5
6EC
100
AcDbEntity
  8
4 Text
  6
ByLayer
 62
  256
370
   -1
100
AcDbDimension
  2
*D72
 10
-469.4609109741263
 20
1422.336819414382
 30
0
 11
-474.1484109741263
 21
1423.35702948221
 31
0
 70
   32
 71
    5
  3
Standard
 53
0
210
0
220
0
230
1
100
AcDbAlignedDimension
 13
-433.0059248117174
 23
1424.377239550037
 33
0
 14
-432.9749280793515
 24
1422.336819414382
 34
0
 50
90
100
AcDbRotatedDimension
  0
DIMENSION
  5
6ED
100
AcDbEntity
  8
4 Text
  6
ByLayer
 62
  256
370
   -1
100
AcDbDimension
  2
*D73
 10
-704.6221708906183
 20
1592.830301293049
 30
0
 11
-707.1221708906183
 21
1597.517801293049
 31
0
 70
   32
 71
    5
  3
Standard
 53
0
210
0
220
0
230
1
100
AcDbAlignedDimension
 13
-709.6221708906183
 23
1594.590634024224
 33
0
 14
-704.6221708906183
 24
1593.10112171323
 34
0
100
AcDbRotatedDimension
  0
DIMENSION
  5
6EE
100
AcDbEntity
  8
4 Text
  6
ByLayer
 62
  256
370
   -1
100
AcDbDimension
  2
*D74
 10
-179.5702625442305
 20
1331.459683341682
 30
0
 11
-182.0702625442305
 21
1336.147183341682
 31
0
 70
   32
 71
    5
  3
Standard
 53
0
210
0
220
0
230
1
100
AcDbAlignedDimension
 13
-184.5702625442305
 23
1344.483223723193
 33
0
 14
-179.5702625442305
 24
1345.291179560421
 34
0
100
AcDbRotatedDimension
  0
MTEXT
  5
6EF
100
AcDbEntity
  8
4 Text
  6
ByLayer
 62
  256
370
   -1
100
AcDbMText
 10
-644.8512005691741
 20
1670.183520066553
 30
0
 40
8
 41
125.5555637841546
 71
    1
 72
    1
  1
Each Panels 5mm balsa
  7
STANDARD
210
0
220
0
230
1
 50
0
 73
    2
 44
1
  0
MTEXT
  5
6F0
100
AcDbEntity
  8
4 Text
  6
ByLayer
 62
  256
370
   -1
100
AcDbMText
 10
-374.0906584753499
 20
1343.540385492892
 30
0
 40
8
 41
71.55555966985351
 71
    1
 72
    1
  1
Make Holes 2
  7
STANDARD
210
0
220
0
230
1
 50
0
 73
    2
 44
1
  0
LINE
  5
6F1
100
AcDbEntity
  8
2 BaseLine
  6
ByLayer
 62
  256
370
   -1
100
AcDbLine
 10
-233.5439067609745
 20
1434.617335807492
 11
-253.6476894924562
 21
1412.668762353786
  0
CIRCLE
  5
6F2
100
AcDbEntity
  8
2 BaseLine
  6
ByLayer
 62
  256
370
   -1
100
AcDbCircle
 10
-248.2689858717413
 20
1428.000909192772
 40
3
  0
DIMENSION
  5
6F3
100
AcDbEntity
  8
4 Text
  6
ByLayer
 62
  256
370
   -1
100
AcDbDimension
  2
*D75
 10
-69.05731608718833
 20
1477.105756725329
 30
0
 11
-158.9540228698944
 21
1481.793256725329
 31
0
 70
   32
 71
    5
  3
Standard
 53
0
210
0
220
0
230
1
100
AcDbAlignedDimension
 13
-248.8507296526004
 23
1456.071924797108
 33
0
 14
-69.05731608718833
 24
1449.559373357921
 34
0
100
AcDbRotatedDimension
  0
LINE
  5
6F4
100
AcDbEntity
  8
2 BaseLine
  6
ByLayer
 62
  256
370
   -1
100
AcDbLine
 10
-84.10211288747223
 20
1434.617335807492
 11
-62.73281465212729
 21
1413.117979241596
  0
CIRCLE
  5
6F5
100
AcDbEntity
  8
2 BaseLine
  6
ByLayer
 62
  256
370
   -1
100
AcDbCircle
 10
-68.51714964102597
 20
1428.079541166085
 40
3
  0
LINE
  5
6F6
100
AcDbEntity
  8
2 BaseLine
  6
ByLayer
 62
  256
370
   -1
100
AcDbLine
 10
-57.93481627559088
 20
1426.065858926353
 11
-47.91430420396056
 21
1440.27471612393
  0
LINE
  5
6F7
100
AcDbEntity
  8
9 Mecha
  6
ByLayer
 62
  256
370
   -1
100
AcDbLine
 10
-93.09218772565657
 20
1422.092737132239
 11
-85.11435235081524
 21
1422.092737132239
  0
LINE
  5
6F8
100
AcDbEntity
  8
9 Mecha
  6
ByLayer
 62
  256
370
   -1
100
AcDbLine
 10
-85.11435235081524
 20
1422.092737132239
 11
-85.11435235081524
 21
1421.272585832022
  0
LINE
  5
6F9
100
AcDbEntity
  8
9 Mecha
  6
ByLayer
 62
  256
370
   -1
100
AcDbLine
 10
-85.11435235081524
 20
1421.272585832022
 11
-83.69772737771268
 21
1421.272585832022
  0
LINE
  5
6FA
100
AcDbEntity
  8
9 Mecha
  6
ByLayer
 62
  256
370
   -1
100
AcDbLine
 10
-83.69772737771268
 20
1421.272585832022
 11
-83.69772737771268
 21
1413.22019124807
  0
LINE
  5
6FB
100
AcDbEntity
  8
9 Mecha
  6
ByLayer
 62
  256
370
   -1
100
AcDbLine
 10
-83.69772737771268
 20
1413.22019124807
 11
-78.77681957640857
 21
1413.22019124807
  0
LINE
  5
6FC
100
AcDbEntity
  8
9 Mecha
  6
ByLayer
 62
  256
370
   -1
100
AcDbLine
 10
-78.77681957640857
 20
1413.22019124807
 11
-78.77681957640857
 21
1410.908855765639
  0
LINE
  5
6FD
100
AcDbEntity
  8
9 Mecha
  6
ByLayer
 62
  256
370
   -1
100
AcDbLine
 10
-78.77681957640857
 20
1410.908855765639
 11
-83.62316816860198
 21
1410.908855765639
  0
LINE
  5
6FE
100
AcDbEntity
  8
9 Mecha
  6
ByLayer
 62
  256
370
   -1
100
AcDbLine
 10
-83.62316816860198
 20
1410.908855765639
 11
-83.62316816860198
 21
1396.295250779949
  0
LINE
  5
6FF
100
AcDbEntity
  8
9 Mecha
  6
ByLayer
 62
  256
370
   -1
100
AcDbLine
 10
-83.62316816860198
 20
1396.295250779949
 11
-106.438286156466
 21
1396.295250779949
  0
LINE
  5
700
100
AcDbEntity
  8
9 Mecha
  6
ByLayer
 62
  256
370
   -1
100
AcDbLine
 10
-106.438286156466
 20
1396.295250779949
 11
-106.438286156466
 21
1410.834296556529
  0
LINE
  5
701
100
AcDbEntity
  8
9 Mecha
  6
ByLayer
 62
  256
370
   -1
100
AcDbLine
 10
-106.438286156466
 20
1410.834296556529
 11
-110.017128193778
 21
1410.834296556529
  0
LINE
  5
702
100
AcDbEntity
  8
9 Mecha
  6
ByLayer
 62
  256
370
   -1
100
AcDbLine
 10
-110.017128193778
 20
1410.834296556529
 11
-110.017128193778
 21
1413.145632038959
  0
LINE
  5
703
100
AcDbEntity
  8
9 Mecha
  6
ByLayer
 62
  256
370
   -1
100
AcDbLine
 10
-110.017128193778
 20
1413.145632038959
 11
-106.438286156466
 21
1413.145632038959
  0
LINE
  5
704
100
AcDbEntity
  8
9 Mecha
  6
ByLayer
 62
  256
370
   -1
100
AcDbLine
 10
-106.438286156466
 20
1413.145632038959
 11
-106.438286156466
 21
1415.606085939611
  0
LINE
  5
705
100
AcDbEntity
  8
9 Mecha
  6
ByLayer
 62
  256
370
   -1
100
AcDbLine
 10
-106.438286156466
 20
1415.606085939611
 11
-106.438286156466
 21
1417.320947749157
  0
LINE
  5
706
100
AcDbEntity
  8
9 Mecha
  6
ByLayer
 62
  256
370
   -1
100
AcDbLine
 10
-106.438286156466
 20
1417.320947749157
 11
-99.20604287273136
 21
1417.320947749157
  0
LINE
  5
707
100
AcDbEntity
  8
9 Mecha
  6
ByLayer
 62
  256
370
   -1
100
AcDbLine
 10
-99.20604287273136
 20
1417.320947749157
 11
-99.20604287273136
 21
1420.228756904473
  0
LINE
  5
708
100
AcDbEntity
  8
9 Mecha
  6
ByLayer
 62
  256
370
   -1
100
AcDbLine
 10
-99.20604287273136
 20
1420.228756904473
 11
-97.49118106318599
 21
1422.092737132239
  0
LINE
  5
709
100
AcDbEntity
  8
9 Mecha
  6
ByLayer
 62
  256
370
   -1
100
AcDbLine
 10
-97.49118106318599
 20
1422.092737132239
 11
-92.49571405277129
 21
1422.092737132239
  0
LWPOLYLINE
  5
70A
100
AcDbEntity
  8
9 Mecha
  6
ByLayer
 62
  256
370
   -1
100
AcDbPolyline
 90
    4
 70
    1
 43
0
 10
-93.01762851654598
 20
1425.447901542219
 10
-85.71082602370063
 20
1425.447901542219
 10
-85.71082602370063
 20
1422.16729634135
 10
-93.01762851654598
 20
1422.16729634135
  0
LWPOLYLINE
  5
70B
100
AcDbEntity
  8
9 Mecha
  6
ByLayer
 62
  256
370
   -1
100
AcDbPolyline
 90
    4
 70
    1
 43
0
 10
-99.95163496383805
 20
1427.088204142654
 10
-78.62770115818728
 20
1427.088204142654
 10
-78.62770115818728
 20
1425.298783123998
 10
-99.95163496383805
 20
1425.298783123998
  0
LWPOLYLINE
  5
70C
100
AcDbEntity
  8
2 BaseLine
  6
ByLayer
 62
  256
370
   -1
100
AcDbPolyline
 90
    4
 70
    1
 43
0
 10
-111.9323612245754
 20
1400.682999492874
 10
-57.73281465212729
 20
1400.682999492874
 10
-57.73281465212729
 20
1395.669065517539
 10
-111.9323612245754
 20
1395.669065517539
  0
LWPOLYLINE
  5
70D
100
AcDbEntity
  8
2 BaseLine
  6
ByLayer
 62
  256
370
   -1
100
AcDbPolyline
 90
    4
 70
    1
 43
0
 10
-111.9323612245754
 20
1400.871022016949
 10
-106.9323612245754
 20
1400.871022016949
 10
-106.9323612245754
 20
1405.947630166975
 10
-111.9323612245754
 20
1405.947630166975
  0
LWPOLYLINE
  5
70E
100
AcDbEntity
  8
2 BaseLine
  6
ByLayer
 62
  256
370
   -1
100
AcDbPolyline
 90
    4
 70
    1
 43
0
 10
-83.62316816860198
 20
1400.871022016949
 10
-78.62316816860198
 20
1400.871022016949
 10
-78.62316816860198
 20
1405.947630166975
 10
-83.62316816860198
 20
1405.947630166975
  0
LWPOLYLINE
  5
70F
100
AcDbEntity
  8
7 Rib
  6
ByLayer
 62
  256
370
   -1
100
AcDbPolyline
 90
    4
 70
    1
 43
0
 10
-111.9323612245754
 20
1410.648193268852
 10
-78.62316816860198
 20
1410.648193268852
 10
-78.62316816860198
 20
1405.947630166975
 10
-111.9323612245754
 20
1405.947630166975
  0
LINE
  5
710
100
AcDbEntity
  8
8 Linkage
  6
ByLayer
 62
  256
370
   -1
100
AcDbLine
 10
-89.79709622529194
 20
1426.39233619406
 11
332.3591428161733
 21
1413.595265018103
  0
LINE
  5
711
100
AcDbEntity
  8
3 RefLine
  6
ByLayer
 62
  256
370
   -1
100
AcDbLine
 10
-179.5702625442305
 20
1449.617335807492
 11
-179.5702625442305
 21
1599.617335807492
  0
LINE
  5
712
100
AcDbEntity
  8
3 RefLine
  6
ByLayer
 62
  256
370
   -1
100
AcDbLine
 10
-381.7067735659026
 20
1380.055975859986
 11
-381.7067735659026
 21
1680.055975859986
  0
SPLINE
  5
713
100
AcDbEntity
  8
7 Rib
  6
ByLayer
 62
  256
370
   -1
100
AcDbSpline
210
0
220
0
230
0
 70
    8
 71
    2
 72
    7
 73
    4
 74
    0
 42
1e-07
 43
1e-07
 40
0
 40
0
 40
0
 40
0.5
 40
1
 40
1
 40
1
 10
-256.3669494556909
 20
1647.728883030832
 30
0
 10
-290.8059896359567
 20
1647.278980958515
 30
0
 10
-355.5905872393898
 20
1644.797041470994
 30
0
 10
-383.6351230078795
 20
1642.354611944685
 30
0
  0
SPLINE
  5
714
100
AcDbEntity
  8
7 Rib
  6
ByLayer
 62
  256
370
   -1
100
AcDbSpline
210
0
220
0
230
0
 70
    8
 71
    2
 72
    7
 73
    4
 74
    0
 42
1e-07
 43
1e-07
 40
0
 40
0
 40
0
 40
0.5
 40
1
 40
1
 40
1
 10
-256.3669494556909
 20
1605.915028382708
 30
0
 10
-290.8059896359567
 20
1606.364930455025
 30
0
 10
-355.5905872393897
 20
1608.846869942546
 30
0
 10
-385.0453721053897
 20
1611.301696805765
 30
0
  0
LINE
  5
715
100
AcDbEntity
  8
7 Rib
  6
ByLayer
 62
  256
370
   -1
100
AcDbLine
 10
-385.1012416483862
 20
1611.319997069452
 11
-383.5968176604572
 21
1642.372062393063
  0
LWPOLYLINE
  5
716
100
AcDbEntity
  8
7 Rib
  6
ByLayer
 62
  256
370
   -1
100
AcDbPolyline
 90
    4
 70
    0
 43
0
 10
-258.0400585614797
 20
1647.55934619786
 10
-179.6343758790239
 20
1647.55934619786
 10
-179.5702625442305
 20
1606.08456521568
 10
-258.0400585614797
 20
1606.08456521568
  0
MTEXT
  5
717
100
AcDbEntity
  8
4 Text
  6
ByLayer
 62
  256
370
   -1
100
AcDbMText
 10
-303.8810602176029
 20
1632.62093740956
 30
0
 40
8
 41
81.33333744763291
 71
    1
 72
    1
  1
Batt Base 5mm
  7
STANDARD
210
0
220
0
230
1
 50
0
 73
    2
 44
1
  0
SPLINE
  5
718
100
AcDbEntity
  8
7 Rib
  6
ByLayer
 62
  256
370
   -1
100
AcDbSpline
210
0
220
0
230
0
 70
    8
 71
    2
 72
    9
 73
    6
 74
    0
 42
1e-07
 43
1e-07
 40
0
 40
0
 40
0
 40
0.25
 40
0.5
 40
0.75
 40
1
 40
1
 40
1
 10
-703.2323947647219
 20
1404.820124501299
 30
0
 10
-679.707558640819
 20
1406.597913604757
 30
0
 10
-644.3086117632704
 20
1408.166254344
 30
0
 10
-618.1870006852772
 20
1409.567205368391
 30
0
 10
-589.2471529856633
 20
1409.906979949846
 30
0
 10
-572.3003119460906
 20
1409.829080517106
 30
0
  0
LINE
  5
719
100
AcDbEntity
  8
7 Rib
  6
ByLayer
 62
  256
370
   -1
100
AcDbLine
 10
-572.3003119460906
 20
1409.829080517106
 11
-555.6382856520903
 21
1409.829080517106
  0
SPLINE
  5
71A
100
AcDbEntity
  8
7 Rib
  6
ByLayer
 62
  256
370
   -1
100
AcDbSpline
210
0
220
0
230
0
 70
    8
 71
    2
 72
    9
 73
    6
 74
    0
 42
1e-07
 43
1e-07
 40
0
 40
0
 40
0
 40
0.25
 40
0.5
 40
0.75
 40
1
 40
1
 40
1
 10
-703.2323947647219
 20
1362.343539739911
 30
0
 10
-679.707558640819
 20
1360.565750636453
 30
0
 10
-644.3086117632704
 20
1358.99740989721
 30
0
 10
-618.1870006852772
 20
1357.596458872819
 30
0
 10
-589.2471529856633
 20
1357.256684291364
 30
0
 10
-572.3003119460906
 20
1357.334583724105
 30
0
  0
LINE
  5
71B
100
AcDbEntity
  8
7 Rib
  6
ByLayer
 62
  256
370
   -1
100
AcDbLine
 10
-572.3003119460906
 20
1357.334583724105
 11
-555.6382856520903
 21
1357.334583724105
  0
LINE
  5
71C
100
AcDbEntity
  8
7 Rib
  6
ByLayer
 62
  256
370
   -1
100
AcDbLine
 10
-555.6382856520903
 20
1409.829080517106
 11
-555.6382856520903
 21
1357.334583724105
  0
LINE
  5
71D
100
AcDbEntity
  8
7 Rib
  6
ByLayer
 62
  256
370
   -1
100
AcDbLine
 10
-703.4849059156064
 20
1404.402022640649
 11
-705.8891477518029
 21
1362.884728445112
  0
DIMENSION
  5
71E
100
AcDbEntity
  8
4 Text
  6
ByLayer
 62
  256
370
   -1
100
AcDbDimension
  2
*D76
 10
-543.4682467394193
 20
1357.334583724105
 30
0
 11
-548.1557467394193
 21
1383.581832120605
 31
0
 70
   32
 71
    5
  3
Standard
 53
0
210
0
220
0
230
1
100
AcDbAlignedDimension
 13
-555.6382856520903
 23
1409.829080517106
 33
0
 14
-555.6382856520903
 24
1357.334583724105
 34
0
 50
90
100
AcDbRotatedDimension
  0
LINE
  5
71F
100
AcDbEntity
  8
3 RefLine
  6
ByLayer
 62
  256
370
   -1
100
AcDbLine
 10
-555.6382856520903
 20
1357.334583724105
 11
-555.6382856520903
 21
1383.334583724105
  0
POINT
  5
720
100
AcDbEntity
  8
9 Mecha
  6
ByLayer
 62
  256
370
   -1
100
AcDbPoint
 10
-651.1567392072652
 20
1383.334583724105
  0
LINE
  5
721
100
AcDbEntity
  8
3 RefLine
  6
ByLayer
 62
  256
370
   -1
100
AcDbLine
 10
-555.6382856520903
 20
1383.334583724105
 11
-566.6382856520903
 21
1383.334583724105
  0
DIMENSION
  5
722
100
AcDbEntity
  8
4 Text
  6
ByLayer
 62
  256
370
   -1
100
AcDbDimension
  2
*D77
 10
-629.4094344163523
 20
1375.866604171638
 30
0
 11
-634.0969344163523
 21
1383.366604171638
 31
0
 70
   32
 71
    5
  3
Standard
 53
0
210
0
220
0
230
1
100
AcDbAlignedDimension
 13
-616.6382856520903
 23
1390.866604171638
 33
0
 14
-616.6382856520903
 24
1375.866604171638
 34
0
 50
90
100
AcDbRotatedDimension
  0
DIMENSION
  5
723
100
AcDbEntity
  8
4 Text
  6
ByLayer
 62
  256
370
   -1
100
AcDbDimension
  2
*D78
 10
-566.6382856520903
 20
1397.599236770828
 30
0
 11
-591.6382856520903
 21
1402.286736770828
 31
0
 70
   32
 71
    5
  3
Standard
 53
0
210
0
220
0
230
1
100
AcDbAlignedDimension
 13
-616.6382856520903
 23
1390.866604171638
 33
0
 14
-566.6382856520903
 24
1390.866604171638
 34
0
100
AcDbRotatedDimension
  0
MTEXT
  5
724
100
AcDbEntity
  8
4 Text
  6
ByLayer
 62
  256
370
   -1
100
AcDbMText
 10
-688.3690864272593
 20
1347.633429981924
 30
0
 40
8
 41
120.2222222222237
 71
    1
 72
    1
  1
Front Bottom 1mm Ply
  7
STANDARD
210
0
220
0
230
1
 50
0
 73
    2
 44
1
  0
DIMENSION
  5
725
100
AcDbEntity
  8
4 Text
  6
ByLayer
 62
  256
370
   -1
100
AcDbDimension
  2
*D79
 10
-555.6382856520903
 20
1321.318105073101
 30
0
 11
-630.7637167019466
 21
1326.005605073101
 31
0
 70
   32
 71
    5
  3
Standard
 53
0
210
0
220
0
230
1
100
AcDbAlignedDimension
 13
-705.8891477518029
 23
1362.884728445112
 33
0
 14
-555.6382856520903
 24
1357.334583724105
 34
0
100
AcDbRotatedDimension
  0
POINT
  5
726
100
AcDbEntity
  8
9 Mecha
  6
ByLayer
 62
  256
370
   -1
100
AcDbPoint
 10
-288.3119866348053
 20
1417.571651711476
  0
MTEXT
  5
727
100
AcDbEntity
  8
4 Text
  6
ByLayer
 62
  256
370
   -1
100
AcDbMText
 10
-323.9511048382693
 20
1389.721935847095
 30
0
 40
6
 41
16.00000000000028
 71
    1
 72
    1
  1
Batt
  7
STANDARD
210
0
220
0
230
1
 50
0
 73
    2
 44
1
  0
LINE
  5
728
100
AcDbEntity
  8
3 RefLine
  6
ByLayer
 62
  256
370
   -1
100
AcDbLine
 10
-248.1948722208576
 20
1427.986311335818
 11
-248.1948722208576
 21
1727.986311335818
  0
LINE
  5
729
100
AcDbEntity
  8
3 RefLine
  6
ByLayer
 62
  256
370
   -1
100
AcDbLine
 10
-68.40690483068282
 20
1428.056151046334
 11
-68.40690483068281
 21
1728.056151046334
  0
POINT
  5
72A
100
AcDbEntity
  8
8 Linkage
  6
ByLayer
 62
  256
370
   -1
100
AcDbPoint
 10
-250.1872894183361
 20
1496.96677847045
  0
DIMENSION
  5
72B
100
AcDbEntity
  8
4 Text
  6
ByLayer
 62
  256
370
   -1
100
AcDbDimension
  2
*D80
 10
-223.8122238385781
 20
1425.001576188476
 30
0
 11
-228.4997238385781
 21
1427.99809409083
 31
0
 70
   32
 71
    5
 72
    0
  3
Standard
 53
0
210
0
220
0
230
1
100
AcDbAlignedDimension
 13
-248.0747088972751
 23
1430.994611993184
 33
0
 14
-248.3322435142979
 24
1425.001576188476
 34
0
 50
90
100
AcDbRotatedDimension
  0
LWPOLYLINE
  5
72C
100
AcDbEntity
  8
8 Linkage
  6
ByLayer
 62
  256
370
   -1
100
AcDbPolyline
 90
    4
 70
    1
 43
0
 10
-249.4536267220878
 20
1494.811318746231
 10
-244.2363151357086
 20
1494.811318746231
 10
-244.2363151357086
 20
1574.573785846971
 10
-249.4536267220878
 20
1574.573785846971
  0
LWPOLYLINE
  5
72D
100
AcDbEntity
  8
8 Linkage
  6
ByLayer
 62
  256
370
   -1
100
AcDbPolyline
 90
    4
 70
    1
 43
0
 10
-71.17987784248564
 20
1494.811318746231
 10
-65.96256625610641
 20
1494.811318746231
 10
-65.96256625610641
 20
1574.573785846971
 10
-71.17987784248564
 20
1574.573785846971
  0
LWPOLYLINE
  5
72E
100
AcDbEntity
  8
2 BaseLine
  6
ByLayer
 62
  256
370
   -1
100
AcDbPolyline
 90
    4
 70
    1
 43
0
 10
-325
 20
1424
 10
-321
 20
1424
 10
-321
 20
1404
 10
-325
 20
1404
  0
LWPOLYLINE
  5
72F
100
AcDbEntity
  8
2 BaseLine
  6
ByLayer
 62
  256
370
   -1
100
AcDbPolyline
 90
    4
 70
    1
 43
0
 10
-262.0344031175038
 20
1424
 10
-258.0344031175038
 20
1424
 10
-258.0344031175038
 20
1404
 10
-262.0344031175038
 20
1404
  0
SPLINE
  5
730
100
AcDbEntity
  8
6 Spar
  6
ByLayer
 62
  256
370
   -1
100
AcDbSpline
210
0
220
0
230
0
 70
    8
 71
    2
 72
   12
 73
    9
 74
    0
 42
1e-07
 43
1e-07
 40
0
 40
0
 40
0
 40
0.1428571428571428
 40
0.2857142857142857
 40
0.4285714285714285
 40
0.5714285714285714
 40
0.7142857142857143
 40
0.8571428571428571
 40
1
 40
1
 40
1
 10
-453.7450407980209
 20
1403.651989860657
 30
0
 10
-454.1410941188778
 20
1406.814694492155
 30
0
 10
-451.951041886877
 20
1411.851596034106
 30
0
 10
-449.1011354206132
 20
1415.47160998841
 30
0
 10
-445.7612838707353
 20
1417.980755088056
 30
0
 10
-442.5618209394896
 20
1419.832734131576
 30
0
 10
-439.0525612230082
 20
1421.275024501842
 30
0
 10
-435.041356464842
 20
1422.228154486319
 30
0
 10
-432.9868719784025
 20
1422.137176374745
 30
0
  0
SPLINE
  5
731
100
AcDbEntity
  8
6 Spar
  6
ByLayer
 62
  256
370
   -1
100
AcDbSpline
210
0
220
0
230
0
 70
    8
 71
    2
 72
   12
 73
    9
 74
    0
 42
1e-07
 43
1e-07
 40
0
 40
0
 40
0
 40
0.1428571428571428
 40
0.2857142857142857
 40
0.4285714285714285
 40
0.5714285714285714
 40
0.7142857142857143
 40
0.8571428571428571
 40
1
 40
1
 40
1
 10
-412.2048153606821
 20
1403.651989860657
 30
0
 10
-411.8087620398252
 20
1406.814694492155
 30
0
 10
-413.998814271826
 20
1411.851596034106
 30
0
 10
-416.8487207380898
 20
1415.47160998841
 30
0
 10
-420.1885722879677
 20
1417.980755088056
 30
0
 10
-423.3880352192135
 20
1419.832734131576
 30
0
 10
-426.8972949356948
 20
1421.275024501842
 30
0
 10
-430.908499693861
 20
1422.228154486319
 30
0
 10
-432.9629841803005
 20
1422.137176374745
 30
0
  0
LWPOLYLINE
  5
732
100
AcDbEntity
  8
6 Spar
  6
ByLayer
 62
  256
370
   -1
100
AcDbPolyline
 90
    2
 70
    0
 43
0
 10
-416.9809783621303
 20
1406.848794380013
 10
-416.9809783621303
 20
1404.047322425448
  0
LINE
  5
733
100
AcDbEntity
  8
6 Spar
  6
ByLayer
 62
  256
370
   -1
100
AcDbLine
 10
-453.7450407980209
 20
1403.651989860657
 11
-448.9688777965727
 21
1403.651989860657
  0
LINE
  5
734
100
AcDbEntity
  8
6 Spar
  6
ByLayer
 62
  256
370
   -1
100
AcDbLine
 10
-416.9809783621303
 20
1403.651989860657
 11
-412.2048153606821
 21
1403.651989860657
  0
MTEXT
  5
735
100
AcDbEntity
  8
4 Text
  6
ByLayer
 62
  256
370
   -1
100
AcDbMText
 10
435.0938689795054
 20
1637.672623039053
 30
0
 40
8
 41
192.4444444444474
 71
    1
 72
    1
  1
Rib Template make 2 with 2mm Ply
  7
STANDARD
210
0
220
0
230
1
 50
0
 73
    2
 44
1
  0
DIMENSION
  5
736
100
AcDbEntity
  8
4 Text
  6
ByLayer
 62
  256
370
   -1
100
AcDbDimension
  2
*D81
 10
-495.6469415560848
 20
1384.782714516567
 30
0
 11
-505.1054170753274
 21
1391.383274831374
 31
0
 70
   33
 71
    5
 72
    0
  3
Standard
 53
0
210
0
220
0
230
1
100
AcDbAlignedDimension
 13
-517.7661768458827
 23
1381.400577416168
 33
0
 14
-497.0717183498314
 24
1377.404406120379
 34
0
  0
DIMENSION
  5
737
100
AcDbEntity
  8
4 Text
  6
ByLayer
 62
  256
370
   -1
100
AcDbDimension
  2
*D82
 10
-488.466866829864
 20
1361.863876284554
 30
0
 11
-491.7996102878384
 21
1369.160741335829
 31
0
 70
   33
 71
    5
 72
    0
  3
Standard
 53
0
210
0
220
0
230
1
100
AcDbAlignedDimension
 13
-510.0658044168677
 23
1379.416717338062
 33
0
 14
-512.5965129052678
 24
1366.645242729407
 34
0
  0
MTEXT
  5
738
100
AcDbEntity
  8
4 Text
  6
ByLayer
 62
  256
370
   -1
100
AcDbMText
 10
-539.1871522072335
 20
1346.358803286863
 30
0
 40
6
 41
145.6666666666687
 71
    1
 72
    1
  1
Wheel Holder make 2 with 3mm Ply
  7
STANDARD
210
0
220
0
230
1
 50
0
 73
    2
 44
1
  0
MTEXT
  5
739
100
AcDbEntity
  8
4 Text
  6
ByLayer
 62
  256
370
   -1
100
AcDbMText
 10
-613.7397513409421
 20
1386.778753600383
 30
0
 40
6
 41
43.83333333333361
 71
    1
 72
    1
  1
Wheel Hole
  7
STANDARD
210
0
220
0
230
1
 50
0
 73
    2
 44
1
  0
LINE
  5
73A
100
AcDbEntity
  8
3 RefLine
  6
ByLayer
 62
  256
370
   -1
100
AcDbLine
 10
-309.2785394650522
 20
1380.055975859986
 11
-309.2785394650521
 21
1880.055975859986
  0
LINE
  5
73B
100
AcDbEntity
  8
3 RefLine
  6
ByLayer
 62
  256
370
   -1
100
AcDbLine
 10
-247.9161971384865
 20
1380.055975859986
 11
-247.9161971384865
 21
1880.055975859986
  0
LWPOLYLINE
  5
73C
100
AcDbEntity
  8
8 Linkage
  6
ByLayer
 62
  256
370
   -1
100
AcDbPolyline
 90
    4
 70
    1
 43
0
 10
-309.2785394650521
 20
1639.336128491282
 10
-307
 20
1639.336128491282
 10
-307
 20
1613
 10
-309.2785394650521
 20
1613
  0
LWPOLYLINE
  5
73D
100
AcDbEntity
  8
8 Linkage
  6
ByLayer
 62
  256
370
   -1
100
AcDbPolyline
 90
    4
 70
    1
 43
0
 10
-247.9161971384865
 20
1639.336128491282
 10
-245.6376576734343
 20
1639.336128491282
 10
-245.6376576734343
 20
1613
 10
-247.9161971384865
 20
1613
  0
MTEXT
  5
73E
100
AcDbEntity
  8
4 Text
  6
ByLayer
 62
  256
370
   -1
100
AcDbMText
 10
-344.9303179055934
 20
1602.642192600022
 30
0
 40
6
 41
83.50000181371114
 71
    1
 72
    1
  1
Slit for Magic Tapes
  7
STANDARD
210
0
220
0
230
1
 50
0
 73
    2
 44
1
  0
LINE
  5
73F
100
AcDbEntity
  8
4 Text
  6
ByLayer
 62
  256
370
   -1
100
AcDbLine
 10
-334.3813814664726
 20
1604.831594502481
 11
-310.2979605394231
 21
1626.526576990485
  0
LEADER
  5
740
100
AcDbEntity
  8
4 Text
  6
ByLayer
 62
  256
370
   -1
100
AcDbLeader
  3
Standard
 71
    1
 72
    0
 73
    3
 74
    0
 75
    0
 40
1
 41
10
 76
2
 76
2
 10
-309.7984455015431
 20
1626.896226649617
 30
0
 10
-313.809592681818
 20
1623.449147041568
 30
0
  0
LINE
  5
741
100
AcDbEntity
  8
9 Mecha
  6
ByLayer
 62
  256
370
   -1
100
AcDbLine
 10
478.6980572734583
 20
1602.187121533417
 11
528.5211947594998
 21
1602.187121533417
  0
LINE
  5
742
100
AcDbEntity
  8
9 Mecha
  6
ByLayer
 62
  256
370
   -1
100
AcDbLine
 10
528.5211947594998
 20
1602.187121533417
 11
528.5211947594998
 21
1596.942580745413
  0
LINE
  5
743
100
AcDbEntity
  8
9 Mecha
  6
ByLayer
 62
  256
370
   -1
100
AcDbLine
 10
528.5211947594998
 20
1596.942580745413
 11
531.6679192323024
 21
1596.942580745413
  0
LINE
  5
744
100
AcDbEntity
  8
9 Mecha
  6
ByLayer
 62
  256
370
   -1
100
AcDbLine
 10
531.6679192323024
 20
1596.942580745413
 11
564.2889629336897
 21
1566.629134990748
  0
LINE
  5
745
100
AcDbEntity
  8
9 Mecha
  6
ByLayer
 62
  256
370
   -1
100
AcDbLine
 10
564.2889629336897
 20
1566.629134990748
 11
549.079794648477
 21
1548.797696311533
  0
LINE
  5
746
100
AcDbEntity
  8
9 Mecha
  6
ByLayer
 62
  256
370
   -1
100
AcDbLine
 10
478.6980572734583
 20
1602.187121533417
 11
478.6980572734583
 21
1597.047471561173
  0
LINE
  5
747
100
AcDbEntity
  8
9 Mecha
  6
ByLayer
 62
  256
370
   -1
100
AcDbLine
 10
478.6980572734583
 20
1597.047471561173
 11
475.3415511691355
 21
1597.047471561173
  0
LINE
  5
748
100
AcDbEntity
  8
9 Mecha
  6
ByLayer
 62
  256
370
   -1
100
AcDbLine
 10
475.3415511691355
 20
1597.047471561173
 11
443.1400707307886
 21
1567.048698253788
  0
LINE
  5
749
100
AcDbEntity
  8
9 Mecha
  6
ByLayer
 62
  256
370
   -1
100
AcDbLine
 10
443.1400707307886
 20
1567.048698253788
 11
459.6079288051224
 21
1548.063460601212
  0
SPLINE
  5
74A
100
AcDbEntity
  8
9 Mecha
  6
ByLayer
 62
  256
370
   -1
100
AcDbSpline
210
0
220
0
230
0
 70
    8
 71
    2
 72
   14
 73
   11
 74
    0
 42
1e-07
 43
1e-07
 40
0
 40
0
 40
0
 40
0.1111111111111111
 40
0.2222222222222222
 40
0.3333333333333333
 40
0.4444444444444444
 40
0.5555555555555556
 40
0.6666666666666666
 40
0.7777777777777778
 40
0.8888888888888888
 40
1
 40
1
 40
1
 10
459.6079288051224
 20
1548.063460601212
 30
0
 10
461.1115351658701
 20
1546.415995106233
 30
0
 10
464.4339977951905
 20
1545.008496313686
 30
0
 10
467.9913614243374
 20
1544.040199484131
 30
0
 10
471.360513666623
 20
1544.077659586746
 30
0
 10
479.1837541773323
 20
1544.068203968392
 30
0
 10
533.4177658543256
 20
1543.864705844041
 30
0
 10
541.4084723275631
 20
1543.878637731835
 30
0
 10
544.2005025880188
 20
1545.052431559732
 30
0
 10
547.3728233911365
 20
1547.268137046072
 30
0
 10
549.079794648477
 20
1548.797696311533
 30
0
  0
DIMENSION
  5
74B
100
AcDbEntity
  8
4 Text
  6
ByLayer
 62
  256
370
   -1
100
AcDbDimension
  2
*D84
 10
528.5211947594998
 20
1609.608471380607
 30
0
 11
503.6096260164791
 21
1614.295971380607
 31
0
 70
   32
 71
    5
 72
    0
  3
Standard
 53
0
210
0
220
0
230
1
100
AcDbAlignedDimension
 13
478.6980572734583
 23
1602.187121533417
 33
0
 14
528.5211947594998
 24
1602.187121533417
 34
0
100
AcDbRotatedDimension
  0
DIMENSION
  5
74C
100
AcDbEntity
  8
4 Text
  6
ByLayer
 62
  256
370
   -1
100
AcDbDimension
  2
*D85
 10
564.2889629336897
 20
1575.971296697372
 30
0
 11
503.7145168322392
 21
1580.658796697372
 31
0
 70
   32
 71
    5
 72
    0
  3
Standard
 53
0
210
0
220
0
230
1
100
AcDbAlignedDimension
 13
443.1400707307886
 23
1567.048698253788
 33
0
 14
564.2889629336897
 24
1566.629134990748
 34
0
100
AcDbRotatedDimension
  0
DIMENSION
  5
74D
100
AcDbEntity
  8
4 Text
  6
ByLayer
 62
  256
370
   -1
100
AcDbDimension
  2
*D86
 10
531.6679192323024
 20
1590.700000404824
 30
0
 11
503.504735200719
 21
1595.387500404824
 31
0
 70
   32
 71
    5
 72
    0
  3
Standard
 53
0
210
0
220
0
230
1
100
AcDbAlignedDimension
 13
475.3415511691355
 23
1597.047471561173
 33
0
 14
531.6679192323024
 24
1596.942580745413
 34
0
100
AcDbRotatedDimension
  0
DIMENSION
  5
74E
100
AcDbEntity
  8
4 Text
  6
ByLayer
 62
  256
370
   -1
100
AcDbDimension
  2
*D87
 10
545.432326244485
 20
1596.942580745413
 30
0
 11
540.744826244485
 21
1599.564851139415
 31
0
 70
   32
 71
    5
 72
    0
  3
Standard
 53
0
210
0
220
0
230
1
100
AcDbAlignedDimension
 13
528.5211947594998
 23
1602.187121533417
 33
0
 14
528.5211947594998
 24
1596.942580745413
 34
0
 50
90
100
AcDbRotatedDimension
  0
DIMENSION
  5
74F
100
AcDbEntity
  8
4 Text
  6
ByLayer
 62
  256
370
   -1
100
AcDbDimension
  2
*D88
 10
575.945059643573
 20
1543.888847563479
 30
0
 11
571.257559643573
 21
1573.037984548448
 31
0
 70
   32
 71
    5
 72
    0
  3
Standard
 53
0
210
0
220
0
230
1
100
AcDbAlignedDimension
 13
528.5211947594998
 23
1602.187121533417
 33
0
 14
528.6481964828905
 24
1543.888847563479
 34
0
 50
90
100
AcDbRotatedDimension
  0
LINE
  5
750
100
AcDbEntity
  8
3 RefLine
  6
ByLayer
 62
  256
370
   -1
100
AcDbLine
 10
-404.5638763852097
 20
1533.92328967003
 11
402.8220849373516
 21
1533.92328967003
  0
MTEXT
  5
751
100
AcDbEntity
  8
4 Text
  6
ByLayer
 62
  256
370
   -1
100
AcDbMText
 10
435.2929055161848
 20
1539.097190819623
 30
0
 40
6
 41
130.6666684803789
 71
    1
 72
    1
  1
Window Sheald with thin plastic
  7
STANDARD
210
0
220
0
230
1
 50
0
 73
    2
 44
1
  0
DIMENSION
  5
752
100
AcDbEntity
  8
4 Text
  6
ByLayer
 62
  256
370
   -1
100
AcDbDimension
  2
*D89
 10
-524.3664649268695
 20
1372.171980057174
 30
0
 11
-529.0539649268695
 21
1373.170499195954
 31
0
 70
   32
 71
    5
 72
    0
  3
Standard
 53
0
210
0
220
0
230
1
100
AcDbAlignedDimension
 13
-511.3179162393841
 23
1374.169018334733
 33
0
 14
-511.4100668913719
 24
1372.171980057174
 34
0
 50
90
100
AcDbRotatedDimension
  0
DIMENSION
  5
753
100
AcDbEntity
  8
4 Text
  6
ByLayer
 62
  256
370
   -1
100
AcDbDimension
  2
*D90
 10
-189.7147267920917
 20
1507.752620560737
 30
0
 11
-194.4022267920917
 21
1533.956650360929
 31
0
 70
   32
 71
    5
 72
    0
  3
Standard
 53
0
210
0
220
0
230
1
100
AcDbAlignedDimension
 13
-188.1689814802094
 23
1560.16068016112
 33
0
 14
-187.2704339791113
 24
1507.752620560737
 34
0
 50
90
100
AcDbRotatedDimension
  0
LWPOLYLINE
  5
754
100
AcDbEntity
  8
7 Rib
  6
ByLayer
 62
  256
370
   -1
100
AcDbPolyline
 90
    8
 70
    1
 43
0
 10
-611.6382856520903
 20
1375.866604171638
 10
-571.6382856520903
 20
1375.866604171638
 42
0.414213562373095
 10
-566.6382856520903
 20
1380.866604171638
 10
-566.6382856520903
 20
1385.866604171638
 42
0.414213562373095
 10
-571.6382856520903
 20
1390.866604171638
 10
-611.6382856520903
 20
1390.866604171638
 42
0.414213562373095
 10
-616.6382856520903
 20
1385.866604171638
 10
-616.6382856520903
 20
1380.866604171638
 42
0.414213562373095
  0
MTEXT
  5
755
100
AcDbEntity
  8
4 Text
  6
ByLayer
 62
  256
370
   -1
100
AcDbMText
 10
-236.484724028795
 20
1575.179174178777
 30
0
 40
6
 41
66.16666666666853
 71
    1
 72
    1
  1
D 5mm Hard Bar
  7
STANDARD
210
0
220
0
230
1
 50
0
 73
    2
 44
1
  0
LINE
  5
756
100
AcDbEntity
  8
5 Aerofoil
  6
ByLayer
 62
  256
370
   -1
100
AcDbLine
 10
1024.684002378687
 20
1808.347491038079
 11
1024.684002378687
 21
1808.347491038079
  0
LINE
  5
757
100
AcDbEntity
  8
5 Aerofoil
  6
ByLayer
 62
  256
370
   -1
100
AcDbLine
 10
1024.684002378687
 20
1808.347491038079
 11
1024.153294952258
 21
1808.540782599026
  0
LINE
  5
758
100
AcDbEntity
  8
5 Aerofoil
  6
ByLayer
 62
  256
370
   -1
100
AcDbLine
 10
1024.153294952258
 20
1808.540782599026
 11
1022.569101644906
 21
1809.116518271832
  0
LINE
  5
759
100
AcDbEntity
  8
5 Aerofoil
  6
ByLayer
 62
  256
370
   -1
100
AcDbLine
 10
1022.569101644906
 20
1809.116518271832
 11
1019.943036676032
 21
1810.052491978329
  0
LINE
  5
75A
100
AcDbEntity
  8
5 Aerofoil
  6
ByLayer
 62
  256
370
   -1
100
AcDbLine
 10
1019.943036676032
 20
1810.052491978329
 11
1016.300642323142
 21
1811.322253915874
  0
LINE
  5
75B
100
AcDbEntity
  8
5 Aerofoil
  6
ByLayer
 62
  256
370
   -1
100
AcDbLine
 10
1016.300642323142
 20
1811.322253915874
 11
1011.673180711412
 21
1812.883252004264
  0
LINE
  5
75C
100
AcDbEntity
  8
5 Aerofoil
  6
ByLayer
 62
  256
370
   -1
100
AcDbLine
 10
1011.673180711412
 20
1812.883252004264
 11
1006.105772214495
 21
1814.684691048047
  0
LINE
  5
75D
100
AcDbEntity
  8
5 Aerofoil
  6
ByLayer
 62
  256
370
   -1
100
AcDbLine
 10
1006.105772214495
 20
1814.684691048047
 11
999.6475016920162
 21
1816.673706346751
  0
LINE
  5
75E
100
AcDbEntity
  8
5 Aerofoil
  6
ByLayer
 62
  256
370
   -1
100
AcDbLine
 10
999.6475016920162
 20
1816.673706346751
 11
992.3653116428591
 21
1818.78912027503
  0
LINE
  5
75F
100
AcDbEntity
  8
5 Aerofoil
  6
ByLayer
 62
  256
370
   -1
100
AcDbLine
 10
992.3653116428591
 20
1818.78912027503
 11
984.3281442612985
 21
1820.969720302724
  0
LINE
  5
760
100
AcDbEntity
  8
5 Aerofoil
  6
ByLayer
 62
  256
370
   -1
100
AcDbLine
 10
984.3281442612985
 20
1820.969720302724
 11
975.616905009138
 21
1823.152084775404
  0
LINE
  5
761
100
AcDbEntity
  8
5 Aerofoil
  6
ByLayer
 62
  256
370
   -1
100
AcDbLine
 10
975.616905009138
 20
1823.152084775404
 11
966.324602234962
 21
1825.278581695939
  0
LINE
  5
762
100
AcDbEntity
  8
5 Aerofoil
  6
ByLayer
 62
  256
370
   -1
100
AcDbLine
 10
966.324602234962
 20
1825.278581695939
 11
956.5481738685096
 21
1827.287509866786
  0
LINE
  5
763
100
AcDbEntity
  8
5 Aerofoil
  6
ByLayer
 62
  256
370
   -1
100
AcDbLine
 10
956.5481738685096
 20
1827.287509866786
 11
946.3906616401292
 21
1829.123062462138
  0
LINE
  5
764
100
AcDbEntity
  8
5 Aerofoil
  6
ByLayer
 62
  256
370
   -1
100
AcDbLine
 10
946.3906616401292
 20
1829.123062462138
 11
935.9652453763729
 21
1830.737256913684
  0
LINE
  5
765
100
AcDbEntity
  8
5 Aerofoil
  6
ByLayer
 62
  256
370
   -1
100
AcDbLine
 10
935.9652453763729
 20
1830.737256913684
 11
925.3851398086049
 21
1832.084110348504
  0
LINE
  5
766
100
AcDbEntity
  8
5 Aerofoil
  6
ByLayer
 62
  256
370
   -1
100
AcDbLine
 10
925.3851398086049
 20
1832.084110348504
 11
914.7757672694091
 21
1833.129428637141
  0
LINE
  5
767
100
AcDbEntity
  8
5 Aerofoil
  6
ByLayer
 62
  256
370
   -1
100
AcDbLine
 10
914.7757672694091
 20
1833.129428637141
 11
904.2345543559049
 21
1833.83950631752
  0
LINE
  5
768
100
AcDbEntity
  8
5 Aerofoil
  6
ByLayer
 62
  256
370
   -1
100
AcDbLine
 10
904.2345543559049
 20
1833.83950631752
 11
893.6750007151721
 21
1834.071831323678
  0
LINE
  5
769
100
AcDbEntity
  8
5 Aerofoil
  6
ByLayer
 62
  256
370
   -1
100
AcDbLine
 10
893.6750007151721
 20
1834.071831323678
 11
883.4535509151231
 21
1833.734168792328
  0
LINE
  5
76A
100
AcDbEntity
  8
5 Aerofoil
  6
ByLayer
 62
  256
370
   -1
100
AcDbLine
 10
883.4535509151231
 20
1833.734168792328
 11
873.7107770148987
 21
1832.858070208203
  0
LINE
  5
76B
100
AcDbEntity
  8
5 Aerofoil
  6
ByLayer
 62
  256
370
   -1
100
AcDbLine
 10
873.7107770148987
 20
1832.858070208203
 11
864.5737069684747
 21
1831.501327429803
  0
LINE
  5
76C
100
AcDbEntity
  8
5 Aerofoil
  6
ByLayer
 62
  256
370
   -1
100
AcDbLine
 10
864.5737069684747
 20
1831.501327429803
 11
856.1655438631109
 21
1829.731800602201
  0
LINE
  5
76D
100
AcDbEntity
  8
5 Aerofoil
  6
ByLayer
 62
  256
370
   -1
100
AcDbLine
 10
856.1655438631109
 20
1829.731800602201
 11
848.5938422710733
 21
1827.637626062882
  0
LINE
  5
76E
100
AcDbEntity
  8
5 Aerofoil
  6
ByLayer
 62
  256
370
   -1
100
AcDbLine
 10
848.5938422710733
 20
1827.637626062882
 11
841.9502988207566
 21
1825.315218169389
  0
LINE
  5
76F
100
AcDbEntity
  8
5 Aerofoil
  6
ByLayer
 62
  256
370
   -1
100
AcDbLine
 10
841.9502988207566
 20
1825.315218169389
 11
836.3106125774335
 21
1822.861270517773
  0
LINE
  5
770
100
AcDbEntity
  8
5 Aerofoil
  6
ByLayer
 62
  256
370
   -1
100
AcDbLine
 10
836.3106125774335
 20
1822.861270517773
 11
831.7344850432538
 21
1820.372755942586
  0
LINE
  5
771
100
AcDbEntity
  8
5 Aerofoil
  6
ByLayer
 62
  256
370
   -1
100
AcDbLine
 10
831.7344850432538
 20
1820.372755942586
 11
828.2614462424
 21
1817.936997849555
  0
LINE
  5
772
100
AcDbEntity
  8
5 Aerofoil
  6
ByLayer
 62
  256
370
   -1
100
AcDbLine
 10
828.2614462424
 20
1817.936997849555
 11
825.9207833884126
 21
1815.627496300743
  0
LINE
  5
773
100
AcDbEntity
  8
5 Aerofoil
  6
ByLayer
 62
  256
370
   -1
100
AcDbLine
 10
825.9207833884126
 20
1815.627496300743
 11
824.7214725976137
 21
1813.500103147828
  0
LINE
  5
774
100
AcDbEntity
  8
5 Aerofoil
  6
ByLayer
 62
  256
370
   -1
100
AcDbLine
 10
824.7214725976137
 20
1813.500103147828
 11
824.6601427658541
 21
1811.590882717459
  0
LINE
  5
775
100
AcDbEntity
  8
5 Aerofoil
  6
ByLayer
 62
  256
370
   -1
100
AcDbLine
 10
824.6601427658541
 20
1811.590882717459
 11
825.7003354924844
 21
1809.988484798256
  0
LINE
  5
776
100
AcDbEntity
  8
5 Aerofoil
  6
ByLayer
 62
  256
370
   -1
100
AcDbLine
 10
825.7003354924844
 20
1809.988484798256
 11
827.7913850802458
 21
1808.769805340186
  0
LINE
  5
777
100
AcDbEntity
  8
5 Aerofoil
  6
ByLayer
 62
  256
370
   -1
100
AcDbLine
 10
827.7913850802458
 20
1808.769805340186
 11
830.8950180782194
 21
1807.91950997157
  0
LINE
  5
778
100
AcDbEntity
  8
5 Aerofoil
  6
ByLayer
 62
  256
370
   -1
100
AcDbLine
 10
830.8950180782194
 20
1807.91950997157
 11
834.9607883390798
 21
1807.412475272656
  0
LINE
  5
779
100
AcDbEntity
  8
5 Aerofoil
  6
ByLayer
 62
  256
370
   -1
100
AcDbLine
 10
834.9607883390798
 20
1807.412475272656
 11
839.9301113146894
 21
1807.215718661383
  0
LINE
  5
77A
100
AcDbEntity
  8
5 Aerofoil
  6
ByLayer
 62
  256
370
   -1
100
AcDbLine
 10
839.9301113146894
 20
1807.215718661383
 11
845.7362640560971
 21
1807.288398393378
  0
LINE
  5
77B
100
AcDbEntity
  8
5 Aerofoil
  6
ByLayer
 62
  256
370
   -1
100
AcDbLine
 10
845.7362640560971
 20
1807.288398393378
 11
852.3163833858816
 21
1807.581604133083
  0
LINE
  5
77C
100
AcDbEntity
  8
5 Aerofoil
  6
ByLayer
 62
  256
370
   -1
100
AcDbLine
 10
852.3163833858816
 20
1807.581604133083
 11
859.5935035444505
 21
1808.040670792459
  0
LINE
  5
77D
100
AcDbEntity
  8
5 Aerofoil
  6
ByLayer
 62
  256
370
   -1
100
AcDbLine
 10
859.5935035444505
 20
1808.040670792459
 11
867.496483334318
 21
1808.600830092075
  0
LINE
  5
77E
100
AcDbEntity
  8
5 Aerofoil
  6
ByLayer
 62
  256
370
   -1
100
AcDbLine
 10
867.496483334318
 20
1808.600830092075
 11
875.9542164628111
 21
1809.199313447892
  0
LINE
  5
77F
100
AcDbEntity
  8
5 Aerofoil
  6
ByLayer
 62
  256
370
   -1
100
AcDbLine
 10
875.9542164628111
 20
1809.199313447892
 11
884.8915623416634
 21
1809.771422390107
  0
LINE
  5
780
100
AcDbEntity
  8
5 Aerofoil
  6
ByLayer
 62
  256
370
   -1
100
AcDbLine
 10
884.8915623416634
 20
1809.771422390107
 11
894.2313108775924
 21
1810.248493962947
  0
LINE
  5
781
100
AcDbEntity
  8
5 Aerofoil
  6
ByLayer
 62
  256
370
   -1
100
AcDbLine
 10
894.2313108775924
 20
1810.248493962947
 11
903.8984261967703
 21
1810.57182878278
  0
LINE
  5
782
100
AcDbEntity
  8
5 Aerofoil
  6
ByLayer
 62
  256
370
   -1
100
AcDbLine
 10
903.8984261967703
 20
1810.57182878278
 11
914.0294460627443
 21
1810.771048448575
  0
LINE
  5
783
100
AcDbEntity
  8
5 Aerofoil
  6
ByLayer
 62
  256
370
   -1
100
AcDbLine
 10
914.0294460627443
 20
1810.771048448575
 11
924.3118843013762
 21
1810.935620222346
  0
LINE
  5
784
100
AcDbEntity
  8
5 Aerofoil
  6
ByLayer
 62
  256
370
   -1
100
AcDbLine
 10
924.3118843013762
 20
1810.935620222346
 11
934.6192714356957
 21
1811.039747371841
  0
LINE
  5
785
100
AcDbEntity
  8
5 Aerofoil
  6
ByLayer
 62
  256
370
   -1
100
AcDbLine
 10
934.6192714356957
 20
1811.039747371841
 11
944.8452745618879
 21
1811.065282898238
  0
LINE
  5
786
100
AcDbEntity
  8
5 Aerofoil
  6
ByLayer
 62
  256
370
   -1
100
AcDbLine
 10
944.8452745618879
 20
1811.065282898238
 11
954.879735909421
 21
1811.004148089294
  0
LINE
  5
787
100
AcDbEntity
  8
5 Aerofoil
  6
ByLayer
 62
  256
370
   -1
100
AcDbLine
 10
954.879735909421
 20
1811.004148089294
 11
964.612602422202
 21
1810.854263318937
  0
LINE
  5
788
100
AcDbEntity
  8
5 Aerofoil
  6
ByLayer
 62
  256
370
   -1
100
AcDbLine
 10
964.612602422202
 20
1810.854263318937
 11
973.9339955682026
 21
1810.623547438045
  0
LINE
  5
789
100
AcDbEntity
  8
5 Aerofoil
  6
ByLayer
 62
  256
370
   -1
100
AcDbLine
 10
973.9339955682026
 20
1810.623547438045
 11
982.7401406160034
 21
1810.32581366923
  0
LINE
  5
78A
100
AcDbEntity
  8
5 Aerofoil
  6
ByLayer
 62
  256
370
   -1
100
AcDbLine
 10
982.7401406160034
 20
1810.32581366923
 11
990.9312622249661
 21
1809.974805425477
  0
LINE
  5
78B
100
AcDbEntity
  8
5 Aerofoil
  6
ByLayer
 62
  256
370
   -1
100
AcDbLine
 10
990.9312622249661
 20
1809.974805425477
 11
998.4078293881428
 21
1809.598263987505
  0
LINE
  5
78C
100
AcDbEntity
  8
5 Aerofoil
  6
ByLayer
 62
  256
370
   -1
100
AcDbLine
 10
998.4078293881428
 20
1809.598263987505
 11
1005.086134137643
 21
1809.213652920576
  0
LINE
  5
78D
100
AcDbEntity
  8
5 Aerofoil
  6
ByLayer
 62
  256
370
   -1
100
AcDbLine
 10
1005.086134137643
 20
1809.213652920576
 11
1010.882573220015
 21
1808.844434876125
  0
LINE
  5
78E
100
AcDbEntity
  8
5 Aerofoil
  6
ByLayer
 62
  256
370
   -1
100
AcDbLine
 10
1010.882573220015
 20
1808.844434876125
 11
1015.72754124954
 21
1808.513828171896
  0
LINE
  5
78F
100
AcDbEntity
  8
5 Aerofoil
  6
ByLayer
 62
  256
370
   -1
100
AcDbLine
 10
1015.72754124954
 20
1808.513828171896
 11
1019.561291698198
 21
1808.236877820007
  0
LINE
  5
790
100
AcDbEntity
  8
5 Aerofoil
  6
ByLayer
 62
  256
370
   -1
100
AcDbLine
 10
1019.561291698198
 20
1808.236877820007
 11
1022.3360413055
 21
1808.026419708309
  0
LINE
  5
791
100
AcDbEntity
  8
5 Aerofoil
  6
ByLayer
 62
  256
370
   -1
100
AcDbLine
 10
1022.3360413055
 20
1808.026419708309
 11
1024.014040192719
 21
1807.897114895979
  0
LINE
  5
792
100
AcDbEntity
  8
5 Aerofoil
  6
ByLayer
 62
  256
370
   -1
100
AcDbLine
 10
1024.014040192719
 20
1807.897114895979
 11
1024.575361215578
 21
1807.853311821925
  0
LINE
  5
793
100
AcDbEntity
  8
5 Aerofoil
  6
ByLayer
 62
  256
370
   -1
100
AcDbLine
 10
1024.575361215578
 20
1807.853311821925
 11
1024.629681797132
 21
1808.100401430002
  0
LINE
  5
794
100
AcDbEntity
  8
5 Aerofoil
  6
ByLayer
 62
  256
370
   -1
100
AcDbLine
 10
1024.673138262376
 20
1874.071838223449
 11
1024.673138262376
 21
1874.071838223449
  0
LINE
  5
795
100
AcDbEntity
  8
5 Aerofoil
  6
ByLayer
 62
  256
370
   -1
100
AcDbLine
 10
1024.673138262376
 20
1874.071838223449
 11
1024.19550157859
 21
1874.2458006283
  0
LINE
  5
796
100
AcDbEntity
  8
5 Aerofoil
  6
ByLayer
 62
  256
370
   -1
100
AcDbLine
 10
1024.19550157859
 20
1874.2458006283
 11
1022.769727601973
 21
1874.763962733826
  0
LINE
  5
797
100
AcDbEntity
  8
5 Aerofoil
  6
ByLayer
 62
  256
370
   -1
100
AcDbLine
 10
1022.769727601973
 20
1874.763962733826
 11
1020.406269129987
 21
1875.606339069673
  0
LINE
  5
798
100
AcDbEntity
  8
5 Aerofoil
  6
ByLayer
 62
  256
370
   -1
100
AcDbLine
 10
1020.406269129987
 20
1875.606339069673
 11
1017.128114212386
 21
1876.749124813464
  0
LINE
  5
799
100
AcDbEntity
  8
5 Aerofoil
  6
ByLayer
 62
  256
370
   -1
100
AcDbLine
 10
1017.128114212386
 20
1876.749124813464
 11
1012.963398761828
 21
1878.154023093015
  0
LINE
  5
79A
100
AcDbEntity
  8
5 Aerofoil
  6
ByLayer
 62
  256
370
   -1
100
AcDbLine
 10
1012.963398761828
 20
1878.154023093015
 11
1007.952731114603
 21
1879.775318232419
  0
LINE
  5
79B
100
AcDbEntity
  8
5 Aerofoil
  6
ByLayer
 62
  256
370
   -1
100
AcDbLine
 10
1007.952731114603
 20
1879.775318232419
 11
1002.140287644372
 21
1881.565432001253
  0
LINE
  5
79C
100
AcDbEntity
  8
5 Aerofoil
  6
ByLayer
 62
  256
370
   -1
100
AcDbLine
 10
1002.140287644372
 20
1881.565432001253
 11
995.586316600131
 21
1883.469304536704
  0
LINE
  5
79D
100
AcDbEntity
  8
5 Aerofoil
  6
ByLayer
 62
  256
370
   -1
100
AcDbLine
 10
995.586316600131
 20
1883.469304536704
 11
988.3528659567264
 21
1885.431844561628
  0
LINE
  5
79E
100
AcDbEntity
  8
5 Aerofoil
  6
ByLayer
 62
  256
370
   -1
100
AcDbLine
 10
988.3528659567264
 20
1885.431844561628
 11
980.512750629782
 21
1887.395972587041
  0
LINE
  5
79F
100
AcDbEntity
  8
5 Aerofoil
  6
ByLayer
 62
  256
370
   -1
100
AcDbLine
 10
980.512750629782
 20
1887.395972587041
 11
972.1496781330236
 21
1889.309819815522
  0
LINE
  5
7A0
100
AcDbEntity
  8
5 Aerofoil
  6
ByLayer
 62
  256
370
   -1
100
AcDbLine
 10
972.1496781330236
 20
1889.309819815522
 11
963.3508926032165
 21
1891.117855169284
  0
LINE
  5
7A1
100
AcDbEntity
  8
5 Aerofoil
  6
ByLayer
 62
  256
370
   -1
100
AcDbLine
 10
963.3508926032165
 20
1891.117855169284
 11
954.2091315976741
 21
1892.769852505101
  0
LINE
  5
7A2
100
AcDbEntity
  8
5 Aerofoil
  6
ByLayer
 62
  256
370
   -1
100
AcDbLine
 10
954.2091315976741
 20
1892.769852505101
 11
944.8262569602934
 21
1894.222627511493
  0
LINE
  5
7A3
100
AcDbEntity
  8
5 Aerofoil
  6
ByLayer
 62
  256
370
   -1
100
AcDbLine
 10
944.8262569602934
 20
1894.222627511493
 11
935.3041619493022
 21
1895.434795602831
  0
LINE
  5
7A4
100
AcDbEntity
  8
5 Aerofoil
  6
ByLayer
 62
  256
370
   -1
100
AcDbLine
 10
935.3041619493022
 20
1895.434795602831
 11
925.755726664026
 21
1896.375582062604
  0
LINE
  5
7A5
100
AcDbEntity
  8
5 Aerofoil
  6
ByLayer
 62
  256
370
   -1
100
AcDbLine
 10
925.755726664026
 20
1896.375582062604
 11
916.2686350418722
 21
1897.014651974945
  0
LINE
  5
7A6
100
AcDbEntity
  8
5 Aerofoil
  6
ByLayer
 62
  256
370
   -1
100
AcDbLine
 10
916.2686350418722
 20
1897.014651974945
 11
906.7650367652127
 21
1897.223744480488
  0
LINE
  5
7A7
100
AcDbEntity
  8
5 Aerofoil
  6
ByLayer
 62
  256
370
   -1
100
AcDbLine
 10
906.7650367652127
 20
1897.223744480488
 11
897.5657319451685
 21
1896.919848202272
  0
LINE
  5
7A8
100
AcDbEntity
  8
5 Aerofoil
  6
ByLayer
 62
  256
370
   -1
100
AcDbLine
 10
897.5657319451685
 20
1896.919848202272
 11
888.7972354349666
 21
1896.13135947656
  0
LINE
  5
7A9
100
AcDbEntity
  8
5 Aerofoil
  6
ByLayer
 62
  256
370
   -1
100
AcDbLine
 10
888.7972354349666
 20
1896.13135947656
 11
880.573872393185
 21
1894.910290975999
  0
LINE
  5
7AA
100
AcDbEntity
  8
5 Aerofoil
  6
ByLayer
 62
  256
370
   -1
100
AcDbLine
 10
880.573872393185
 20
1894.910290975999
 11
873.0065255983576
 21
1893.317716831159
  0
LINE
  5
7AB
100
AcDbEntity
  8
5 Aerofoil
  6
ByLayer
 62
  256
370
   -1
100
AcDbLine
 10
873.0065255983576
 20
1893.317716831159
 11
866.1919941655237
 21
1891.432959745771
  0
LINE
  5
7AC
100
AcDbEntity
  8
5 Aerofoil
  6
ByLayer
 62
  256
370
   -1
100
AcDbLine
 10
866.1919941655237
 20
1891.432959745771
 11
860.2128050602388
 21
1889.342792641628
  0
LINE
  5
7AD
100
AcDbEntity
  8
5 Aerofoil
  6
ByLayer
 62
  256
370
   -1
100
AcDbLine
 10
860.2128050602388
 20
1889.342792641628
 11
855.137087441248
 21
1887.134239755173
  0
LINE
  5
7AE
100
AcDbEntity
  8
5 Aerofoil
  6
ByLayer
 62
  256
370
   -1
100
AcDbLine
 10
855.137087441248
 20
1887.134239755173
 11
851.0185726604863
 21
1884.894576637504
  0
LINE
  5
7AF
100
AcDbEntity
  8
5 Aerofoil
  6
ByLayer
 62
  256
370
   -1
100
AcDbLine
 10
851.0185726604863
 20
1884.894576637504
 11
847.8928377397178
 21
1882.702394353777
  0
LINE
  5
7B0
100
AcDbEntity
  8
5 Aerofoil
  6
ByLayer
 62
  256
370
   -1
100
AcDbLine
 10
847.8928377397178
 20
1882.702394353777
 11
845.7862411711292
 21
1880.623842959846
  0
LINE
  5
7B1
100
AcDbEntity
  8
5 Aerofoil
  6
ByLayer
 62
  256
370
   -1
100
AcDbLine
 10
845.7862411711292
 20
1880.623842959846
 11
844.7068614594101
 21
1878.709189122222
  0
LINE
  5
7B2
100
AcDbEntity
  8
5 Aerofoil
  6
ByLayer
 62
  256
370
   -1
100
AcDbLine
 10
844.7068614594101
 20
1878.709189122222
 11
844.6516646108265
 21
1876.99089073489
  0
LINE
  5
7B3
100
AcDbEntity
  8
5 Aerofoil
  6
ByLayer
 62
  256
370
   -1
100
AcDbLine
 10
844.6516646108265
 20
1876.99089073489
 11
845.5878380647938
 21
1875.548732607608
  0
LINE
  5
7B4
100
AcDbEntity
  8
5 Aerofoil
  6
ByLayer
 62
  256
370
   -1
100
AcDbLine
 10
845.5878380647938
 20
1875.548732607608
 11
847.4697826937791
 21
1874.451921095344
  0
LINE
  5
7B5
100
AcDbEntity
  8
5 Aerofoil
  6
ByLayer
 62
  256
370
   -1
100
AcDbLine
 10
847.4697826937791
 20
1874.451921095344
 11
850.2630523919553
 21
1873.68665526359
  0
LINE
  5
7B6
100
AcDbEntity
  8
5 Aerofoil
  6
ByLayer
 62
  256
370
   -1
100
AcDbLine
 10
850.2630523919553
 20
1873.68665526359
 11
853.9222456267297
 21
1873.230324034568
  0
LINE
  5
7B7
100
AcDbEntity
  8
5 Aerofoil
  6
ByLayer
 62
  256
370
   -1
100
AcDbLine
 10
853.9222456267297
 20
1873.230324034568
 11
858.3946363047783
 21
1873.053243084422
  0
LINE
  5
7B8
100
AcDbEntity
  8
5 Aerofoil
  6
ByLayer
 62
  256
370
   -1
100
AcDbLine
 10
858.3946363047783
 20
1873.053243084422
 11
863.6201737720452
 21
1873.118654843218
  0
LINE
  5
7B9
100
AcDbEntity
  8
5 Aerofoil
  6
ByLayer
 62
  256
370
   -1
100
AcDbLine
 10
863.6201737720452
 20
1873.118654843218
 11
869.5422811688513
 21
1873.382540008952
  0
LINE
  5
7BA
100
AcDbEntity
  8
5 Aerofoil
  6
ByLayer
 62
  256
370
   -1
100
AcDbLine
 10
869.5422811688513
 20
1873.382540008952
 11
876.0916893115633
 21
1873.79570000239
  0
LINE
  5
7BB
100
AcDbEntity
  8
5 Aerofoil
  6
ByLayer
 62
  256
370
   -1
100
AcDbLine
 10
876.0916893115633
 20
1873.79570000239
 11
883.2043711224439
 21
1874.299843372045
  0
LINE
  5
7BC
100
AcDbEntity
  8
5 Aerofoil
  6
ByLayer
 62
  256
370
   -1
100
AcDbLine
 10
883.2043711224439
 20
1874.299843372045
 11
890.8163309380878
 21
1874.83847839228
  0
LINE
  5
7BD
100
AcDbEntity
  8
5 Aerofoil
  6
ByLayer
 62
  256
370
   -1
100
AcDbLine
 10
890.8163309380878
 20
1874.83847839228
 11
898.8599422290549
 21
1875.353376440273
  0
LINE
  5
7BE
100
AcDbEntity
  8
5 Aerofoil
  6
ByLayer
 62
  256
370
   -1
100
AcDbLine
 10
898.8599422290549
 20
1875.353376440273
 11
907.2657159113909
 21
1875.78274085583
  0
LINE
  5
7BF
100
AcDbEntity
  8
5 Aerofoil
  6
ByLayer
 62
  256
370
   -1
100
AcDbLine
 10
907.2657159113909
 20
1875.78274085583
 11
915.966119698651
 21
1876.073742193679
  0
LINE
  5
7C0
100
AcDbEntity
  8
5 Aerofoil
  6
ByLayer
 62
  256
370
   -1
100
AcDbLine
 10
915.966119698651
 20
1876.073742193679
 11
925.0840375780277
 21
1876.253039892895
  0
LINE
  5
7C1
100
AcDbEntity
  8
5 Aerofoil
  6
ByLayer
 62
  256
370
   -1
100
AcDbLine
 10
925.0840375780277
 20
1876.253039892895
 11
934.3382319927963
 21
1876.401154489289
  0
LINE
  5
7C2
100
AcDbEntity
  8
5 Aerofoil
  6
ByLayer
 62
  256
370
   -1
100
AcDbLine
 10
934.3382319927963
 20
1876.401154489289
 11
943.614880413684
 21
1876.494868923834
  0
LINE
  5
7C3
100
AcDbEntity
  8
5 Aerofoil
  6
ByLayer
 62
  256
370
   -1
100
AcDbLine
 10
943.614880413684
 20
1876.494868923834
 11
952.8182832272569
 21
1876.517850897591
  0
LINE
  5
7C4
100
AcDbEntity
  8
5 Aerofoil
  6
ByLayer
 62
  256
370
   -1
100
AcDbLine
 10
952.8182832272569
 20
1876.517850897591
 11
961.8492984400367
 21
1876.462829569542
  0
LINE
  5
7C5
100
AcDbEntity
  8
5 Aerofoil
  6
ByLayer
 62
  256
370
   -1
100
AcDbLine
 10
961.8492984400367
 20
1876.462829569542
 11
970.6088783015397
 21
1876.32793327622
  0
LINE
  5
7C6
100
AcDbEntity
  8
5 Aerofoil
  6
ByLayer
 62
  256
370
   -1
100
AcDbLine
 10
970.6088783015397
 20
1876.32793327622
 11
978.9981321329401
 21
1876.120288983418
  0
LINE
  5
7C7
100
AcDbEntity
  8
5 Aerofoil
  6
ByLayer
 62
  256
370
   -1
100
AcDbLine
 10
978.9981321329401
 20
1876.120288983418
 11
986.9236626759608
 21
1875.852328591484
  0
LINE
  5
7C8
100
AcDbEntity
  8
5 Aerofoil
  6
ByLayer
 62
  256
370
   -1
100
AcDbLine
 10
986.9236626759608
 20
1875.852328591484
 11
994.2956721240273
 21
1875.536421172107
  0
LINE
  5
7C9
100
AcDbEntity
  8
5 Aerofoil
  6
ByLayer
 62
  256
370
   -1
100
AcDbLine
 10
994.2956721240273
 20
1875.536421172107
 11
1001.024582570886
 21
1875.197533877932
  0
LINE
  5
7CA
100
AcDbEntity
  8
5 Aerofoil
  6
ByLayer
 62
  256
370
   -1
100
AcDbLine
 10
1001.024582570886
 20
1875.197533877932
 11
1007.035056845436
 21
1874.851383917696
  0
LINE
  5
7CB
100
AcDbEntity
  8
5 Aerofoil
  6
ByLayer
 62
  256
370
   -1
100
AcDbLine
 10
1007.035056845436
 20
1874.851383917696
 11
1012.251852019571
 21
1874.51908767769
  0
LINE
  5
7CC
100
AcDbEntity
  8
5 Aerofoil
  6
ByLayer
 62
  256
370
   -1
100
AcDbLine
 10
1012.251852019571
 20
1874.51908767769
 11
1016.612323246144
 21
1874.221541643884
  0
LINE
  5
7CD
100
AcDbEntity
  8
5 Aerofoil
  6
ByLayer
 62
  256
370
   -1
100
AcDbLine
 10
1016.612323246144
 20
1874.221541643884
 11
1020.062698649936
 21
1873.972286327184
  0
LINE
  5
7CE
100
AcDbEntity
  8
5 Aerofoil
  6
ByLayer
 62
  256
370
   -1
100
AcDbLine
 10
1020.062698649936
 20
1873.972286327184
 11
1022.559973296508
 21
1873.782874026655
  0
LINE
  5
7CF
100
AcDbEntity
  8
5 Aerofoil
  6
ByLayer
 62
  256
370
   -1
100
AcDbLine
 10
1022.559973296508
 20
1873.782874026655
 11
1024.070172295005
 21
1873.666499695558
  0
LINE
  5
7D0
100
AcDbEntity
  8
5 Aerofoil
  6
ByLayer
 62
  256
370
   -1
100
AcDbLine
 10
1024.070172295005
 20
1873.666499695558
 11
1024.575361215578
 21
1873.62707692891
  0
LINE
  5
7D1
100
AcDbEntity
  8
5 Aerofoil
  6
ByLayer
 62
  256
370
   -1
100
AcDbLine
 10
1024.575361215578
 20
1873.62707692891
 11
1024.624249738977
 21
1873.849457576179
  0
DIMENSION
  5
7D2
100
AcDbEntity
  8
4 Text
  6
ByLayer
 62
  256
370
   -1
100
AcDbDimension
  2
*D91
 10
1024.575361215578
 20
1914.373486893056
 30
0
 11
934.6135129132022
 21
1919.060986893056
 31
0
 70
   32
 71
    5
 72
    0
  3
Standard
 53
0
210
0
220
0
230
1
100
AcDbAlignedDimension
 13
844.6516646108265
 23
1876.99089073489
 33
0
 14
1024.575361215578
 24
1873.62707692891
 34
0
100
AcDbRotatedDimension
  0
MTEXT
  5
7D3
100
AcDbEntity
  8
4 Text
  6
ByLayer
 62
  256
370
   -1
100
AcDbMText
 10
885.6550459524059
 20
1889.671893513791
 30
0
 40
6
 41
38.00000000000037
 71
    1
 72
    1
  1
NACA6412
  7
STANDARD
210
0
220
0
230
1
 50
0
 73
    2
 44
1
  0
LINE
  5
7D4
100
AcDbEntity
  8
5 Aerofoil
  6
ByLayer
 62
  256
370
   -1
100
AcDbLine
 10
643.4581139485439
 20
1700.692644110156
 11
643.4581139485439
 21
1700.692644110156
  0
LINE
  5
7D5
100
AcDbEntity
  8
5 Aerofoil
  6
ByLayer
 62
  256
370
   -1
100
AcDbLine
 10
643.4581139485439
 20
1700.692644110156
 11
643.6320763533957
 21
1701.170280793943
  0
LINE
  5
7D6
100
AcDbEntity
  8
5 Aerofoil
  6
ByLayer
 62
  256
370
   -1
100
AcDbLine
 10
643.6320763533957
 20
1701.170280793943
 11
644.1502384589215
 21
1702.596054770559
  0
LINE
  5
7D7
100
AcDbEntity
  8
5 Aerofoil
  6
ByLayer
 62
  256
370
   -1
100
AcDbLine
 10
644.1502384589215
 20
1702.596054770559
 11
644.9926147947684
 21
1704.959513242546
  0
LINE
  5
7D8
100
AcDbEntity
  8
5 Aerofoil
  6
ByLayer
 62
  256
370
   -1
100
AcDbLine
 10
644.9926147947684
 20
1704.959513242546
 11
646.1354005385589
 21
1708.237668160146
  0
LINE
  5
7D9
100
AcDbEntity
  8
5 Aerofoil
  6
ByLayer
 62
  256
370
   -1
100
AcDbLine
 10
646.1354005385589
 20
1708.237668160146
 11
647.5402988181103
 21
1712.402383610704
  0
LINE
  5
7DA
100
AcDbEntity
  8
5 Aerofoil
  6
ByLayer
 62
  256
370
   -1
100
AcDbLine
 10
647.5402988181103
 20
1712.402383610704
 11
649.1615939575146
 21
1717.413051257929
  0
LINE
  5
7DB
100
AcDbEntity
  8
5 Aerofoil
  6
ByLayer
 62
  256
370
   -1
100
AcDbLine
 10
649.1615939575146
 20
1717.413051257929
 11
650.9517077263482
 21
1723.22549472816
  0
LINE
  5
7DC
100
AcDbEntity
  8
5 Aerofoil
  6
ByLayer
 62
  256
370
   -1
100
AcDbLine
 10
650.9517077263482
 20
1723.22549472816
 11
652.8555802617992
 21
1729.779465772401
  0
LINE
  5
7DD
100
AcDbEntity
  8
5 Aerofoil
  6
ByLayer
 62
  256
370
   -1
100
AcDbLine
 10
652.8555802617992
 20
1729.779465772401
 11
654.8181202867237
 21
1737.012916415806
  0
LINE
  5
7DE
100
AcDbEntity
  8
5 Aerofoil
  6
ByLayer
 62
  256
370
   -1
100
AcDbLine
 10
654.8181202867237
 20
1737.012916415806
 11
656.7822483121364
 21
1744.85303174275
  0
LINE
  5
7DF
100
AcDbEntity
  8
5 Aerofoil
  6
ByLayer
 62
  256
370
   -1
100
AcDbLine
 10
656.7822483121364
 20
1744.85303174275
 11
658.6960955406172
 21
1753.216104239508
  0
LINE
  5
7E0
100
AcDbEntity
  8
5 Aerofoil
  6
ByLayer
 62
  256
370
   -1
100
AcDbLine
 10
658.6960955406172
 20
1753.216104239508
 11
660.5041308943797
 21
1762.014889769316
  0
LINE
  5
7E1
100
AcDbEntity
  8
5 Aerofoil
  6
ByLayer
 62
  256
370
   -1
100
AcDbLine
 10
660.5041308943797
 20
1762.014889769316
 11
662.1561282301967
 21
1771.156650774858
  0
LINE
  5
7E2
100
AcDbEntity
  8
5 Aerofoil
  6
ByLayer
 62
  256
370
   -1
100
AcDbLine
 10
662.1561282301967
 20
1771.156650774858
 11
663.6089032365884
 21
1780.539525412239
  0
LINE
  5
7E3
100
AcDbEntity
  8
5 Aerofoil
  6
ByLayer
 62
  256
370
   -1
100
AcDbLine
 10
663.6089032365884
 20
1780.539525412239
 11
664.8210713279265
 21
1790.06162042323
  0
LINE
  5
7E4
100
AcDbEntity
  8
5 Aerofoil
  6
ByLayer
 62
  256
370
   -1
100
AcDbLine
 10
664.8210713279265
 20
1790.06162042323
 11
665.7618577876996
 21
1799.610055708506
  0
LINE
  5
7E5
100
AcDbEntity
  8
5 Aerofoil
  6
ByLayer
 62
  256
370
   -1
100
AcDbLine
 10
665.7618577876996
 20
1799.610055708506
 11
666.4009277000404
 21
1809.09714733066
  0
LINE
  5
7E6
100
AcDbEntity
  8
5 Aerofoil
  6
ByLayer
 62
  256
370
   -1
100
AcDbLine
 10
666.4009277000404
 20
1809.09714733066
 11
666.6100202055828
 21
1818.600745607319
  0
LINE
  5
7E7
100
AcDbEntity
  8
5 Aerofoil
  6
ByLayer
 62
  256
370
   -1
100
AcDbLine
 10
666.6100202055828
 20
1818.600745607319
 11
666.3061239273674
 21
1827.800050427364
  0
LINE
  5
7E8
100
AcDbEntity
  8
5 Aerofoil
  6
ByLayer
 62
  256
370
   -1
100
AcDbLine
 10
666.3061239273674
 20
1827.800050427364
 11
665.5176352016553
 21
1836.568546937566
  0
LINE
  5
7E9
100
AcDbEntity
  8
5 Aerofoil
  6
ByLayer
 62
  256
370
   -1
100
AcDbLine
 10
665.5176352016553
 20
1836.568546937566
 11
664.2965667010948
 21
1844.791909979347
  0
LINE
  5
7EA
100
AcDbEntity
  8
5 Aerofoil
  6
ByLayer
 62
  256
370
   -1
100
AcDbLine
 10
664.2965667010948
 20
1844.791909979347
 11
662.7039925562539
 21
1852.359256774175
  0
LINE
  5
7EB
100
AcDbEntity
  8
5 Aerofoil
  6
ByLayer
 62
  256
370
   -1
100
AcDbLine
 10
662.7039925562539
 20
1852.359256774175
 11
660.8192354708664
 21
1859.173788207008
  0
LINE
  5
7EC
100
AcDbEntity
  8
5 Aerofoil
  6
ByLayer
 62
  256
370
   -1
100
AcDbLine
 10
660.8192354708664
 20
1859.173788207008
 11
658.729068366723
 21
1865.152977312293
  0
LINE
  5
7ED
100
AcDbEntity
  8
5 Aerofoil
  6
ByLayer
 62
  256
370
   -1
100
AcDbLine
 10
658.729068366723
 20
1865.152977312293
 11
656.5205154802685
 21
1870.228694931284
  0
LINE
  5
7EE
100
AcDbEntity
  8
5 Aerofoil
  6
ByLayer
 62
  256
370
   -1
100
AcDbLine
 10
656.5205154802685
 20
1870.228694931284
 11
654.2808523625996
 21
1874.347209712046
  0
LINE
  5
7EF
100
AcDbEntity
  8
5 Aerofoil
  6
ByLayer
 62
  256
370
   -1
100
AcDbLine
 10
654.2808523625996
 20
1874.347209712046
 11
652.0886700788723
 21
1877.472944632814
  0
LINE
  5
7F0
100
AcDbEntity
  8
5 Aerofoil
  6
ByLayer
 62
  256
370
   -1
100
AcDbLine
 10
652.0886700788723
 20
1877.472944632814
 11
650.0101186849416
 21
1879.579541201403
  0
LINE
  5
7F1
100
AcDbEntity
  8
5 Aerofoil
  6
ByLayer
 62
  256
370
   -1
100
AcDbLine
 10
650.0101186849416
 20
1879.579541201403
 11
648.0954648473172
 21
1880.658920913122
  0
LINE
  5
7F2
100
AcDbEntity
  8
5 Aerofoil
  6
ByLayer
 62
  256
370
   -1
100
AcDbLine
 10
648.0954648473172
 20
1880.658920913122
 11
646.3771664599857
 21
1880.714117761706
  0
LINE
  5
7F3
100
AcDbEntity
  8
5 Aerofoil
  6
ByLayer
 62
  256
370
   -1
100
AcDbLine
 10
646.3771664599857
 20
1880.714117761706
 11
644.9350083327032
 21
1879.777944307738
  0
LINE
  5
7F4
100
AcDbEntity
  8
5 Aerofoil
  6
ByLayer
 62
  256
370
   -1
100
AcDbLine
 10
644.9350083327032
 20
1879.777944307738
 11
643.8381968204397
 21
1877.895999678753
  0
LINE
  5
7F5
100
AcDbEntity
  8
5 Aerofoil
  6
ByLayer
 62
  256
370
   -1
100
AcDbLine
 10
643.8381968204397
 20
1877.895999678753
 11
643.0729309886855
 21
1875.102729980577
  0
LINE
  5
7F6
100
AcDbEntity
  8
5 Aerofoil
  6
ByLayer
 62
  256
370
   -1
100
AcDbLine
 10
643.0729309886855
 20
1875.102729980577
 11
642.6165997596632
 21
1871.443536745802
  0
LINE
  5
7F7
100
AcDbEntity
  8
5 Aerofoil
  6
ByLayer
 62
  256
370
   -1
100
AcDbLine
 10
642.6165997596632
 20
1871.443536745802
 11
642.4395188095174
 21
1866.971146067754
  0
LINE
  5
7F8
100
AcDbEntity
  8
5 Aerofoil
  6
ByLayer
 62
  256
370
   -1
100
AcDbLine
 10
642.4395188095174
 20
1866.971146067754
 11
642.5049305683129
 21
1861.745608600487
  0
LINE
  5
7F9
100
AcDbEntity
  8
5 Aerofoil
  6
ByLayer
 62
  256
370
   -1
100
AcDbLine
 10
642.5049305683129
 20
1861.745608600487
 11
642.7688157340475
 21
1855.823501203681
  0
LINE
  5
7FA
100
AcDbEntity
  8
5 Aerofoil
  6
ByLayer
 62
  256
370
   -1
100
AcDbLine
 10
642.7688157340475
 20
1855.823501203681
 11
643.1819757274853
 21
1849.274093060969
  0
LINE
  5
7FB
100
AcDbEntity
  8
5 Aerofoil
  6
ByLayer
 62
  256
370
   -1
100
AcDbLine
 10
643.1819757274853
 20
1849.274093060969
 11
643.6861190971398
 21
1842.161411250088
  0
LINE
  5
7FC
100
AcDbEntity
  8
5 Aerofoil
  6
ByLayer
 62
  256
370
   -1
100
AcDbLine
 10
643.6861190971398
 20
1842.161411250088
 11
644.2247541173757
 21
1834.549451434444
  0
LINE
  5
7FD
100
AcDbEntity
  8
5 Aerofoil
  6
ByLayer
 62
  256
370
   -1
100
AcDbLine
 10
644.2247541173757
 20
1834.549451434444
 11
644.7396521653687
 21
1826.505840143477
  0
LINE
  5
7FE
100
AcDbEntity
  8
5 Aerofoil
  6
ByLayer
 62
  256
370
   -1
100
AcDbLine
 10
644.7396521653687
 20
1826.505840143477
 11
645.1690165809249
 21
1818.100066461141
  0
LINE
  5
7FF
100
AcDbEntity
  8
5 Aerofoil
  6
ByLayer
 62
  256
370
   -1
100
AcDbLine
 10
645.1690165809249
 20
1818.100066461141
 11
645.4600179187745
 21
1809.399662673881
  0
LINE
  5
800
100
AcDbEntity
  8
5 Aerofoil
  6
ByLayer
 62
  256
370
   -1
100
AcDbLine
 10
645.4600179187745
 20
1809.399662673881
 11
645.6393156179898
 21
1800.281744794504
  0
LINE
  5
801
100
AcDbEntity
  8
5 Aerofoil
  6
ByLayer
 62
  256
370
   -1
100
AcDbLine
 10
645.6393156179898
 20
1800.281744794504
 11
645.787430214384
 21
1791.027550379736
  0
LINE
  5
802
100
AcDbEntity
  8
5 Aerofoil
  6
ByLayer
 62
  256
370
   -1
100
AcDbLine
 10
645.787430214384
 20
1791.027550379736
 11
645.8811446489293
 21
1781.750901958848
  0
LINE
  5
803
100
AcDbEntity
  8
5 Aerofoil
  6
ByLayer
 62
  256
370
   -1
100
AcDbLine
 10
645.8811446489293
 20
1781.750901958848
 11
645.9041266226867
 21
1772.547499145275
  0
LINE
  5
804
100
AcDbEntity
  8
5 Aerofoil
  6
ByLayer
 62
  256
370
   -1
100
AcDbLine
 10
645.9041266226867
 20
1772.547499145275
 11
645.8491052946373
 21
1763.516483932495
  0
LINE
  5
805
100
AcDbEntity
  8
5 Aerofoil
  6
ByLayer
 62
  256
370
   -1
100
AcDbLine
 10
645.8491052946373
 20
1763.516483932495
 11
645.7142090013157
 21
1754.756904070993
  0
LINE
  5
806
100
AcDbEntity
  8
5 Aerofoil
  6
ByLayer
 62
  256
370
   -1
100
AcDbLine
 10
645.7142090013157
 20
1754.756904070993
 11
645.5065647085129
 21
1746.367650239592
  0
LINE
  5
807
100
AcDbEntity
  8
5 Aerofoil
  6
ByLayer
 62
  256
370
   -1
100
AcDbLine
 10
645.5065647085129
 20
1746.367650239592
 11
645.2386043165794
 21
1738.442119696571
  0
LINE
  5
808
100
AcDbEntity
  8
5 Aerofoil
  6
ByLayer
 62
  256
370
   -1
100
AcDbLine
 10
645.2386043165794
 20
1738.442119696571
 11
644.9226968972022
 21
1731.070110248505
  0
LINE
  5
809
100
AcDbEntity
  8
5 Aerofoil
  6
ByLayer
 62
  256
370
   -1
100
AcDbLine
 10
644.9226968972022
 20
1731.070110248505
 11
644.5838096030271
 21
1724.341199801646
  0
LINE
  5
80A
100
AcDbEntity
  8
5 Aerofoil
  6
ByLayer
 62
  256
370
   -1
100
AcDbLine
 10
644.5838096030271
 20
1724.341199801646
 11
644.2376596427913
 21
1718.330725527096
  0
LINE
  5
80B
100
AcDbEntity
  8
5 Aerofoil
  6
ByLayer
 62
  256
370
   -1
100
AcDbLine
 10
644.2376596427913
 20
1718.330725527096
 11
643.9053634027854
 21
1713.113930352961
  0
LINE
  5
80C
100
AcDbEntity
  8
5 Aerofoil
  6
ByLayer
 62
  256
370
   -1
100
AcDbLine
 10
643.9053634027854
 20
1713.113930352961
 11
643.607817368979
 21
1708.753459126388
  0
LINE
  5
80D
100
AcDbEntity
  8
5 Aerofoil
  6
ByLayer
 62
  256
370
   -1
100
AcDbLine
 10
643.607817368979
 20
1708.753459126388
 11
643.3585620522789
 21
1705.303083722596
  0
LINE
  5
80E
100
AcDbEntity
  8
5 Aerofoil
  6
ByLayer
 62
  256
370
   -1
100
AcDbLine
 10
643.3585620522789
 20
1705.303083722596
 11
643.1691497517505
 21
1702.805809076024
  0
LINE
  5
80F
100
AcDbEntity
  8
5 Aerofoil
  6
ByLayer
 62
  256
370
   -1
100
AcDbLine
 10
643.1691497517505
 20
1702.805809076024
 11
643.0527754206531
 21
1701.295610077527
  0
LINE
  5
810
100
AcDbEntity
  8
5 Aerofoil
  6
ByLayer
 62
  256
370
   -1
100
AcDbLine
 10
643.0527754206531
 20
1701.295610077527
 11
643.0133526540054
 21
1700.790421156954
  0
LINE
  5
811
100
AcDbEntity
  8
5 Aerofoil
  6
ByLayer
 62
  256
370
   -1
100
AcDbLine
 10
643.0133526540054
 20
1700.790421156954
 11
643.2357333012748
 21
1700.741532633555
  0
LINE
  5
812
100
AcDbEntity
  8
3 RefLine
  6
ByLayer
 62
  256
370
   -1
100
AcDbLine
 10
642.5217920139204
 20
1869.049054008288
 11
642.5217920139204
 21
1919.049054008288
  0
POINT
  5
813
100
AcDbEntity
  8
3 RefLine
  6
ByLayer
 62
  256
370
   -1
100
AcDbPoint
 10
642.5217920139204
 20
1880.73952793901
  0
POINT
  5
814
100
AcDbEntity
  8
6 Spar
  6
ByLayer
 62
  256
370
   -1
100
AcDbPoint
 10
642.4740495178494
 20
1880.783971978271
  0
LINE
  5
815
100
AcDbEntity
  8
6 Spar
  6
ByLayer
 62
  256
370
   -1
100
AcDbLine
 10
642.6395031420541
 20
1866.973649413487
 11
642.7049149008496
 21
1861.74811194622
  0
LINE
  5
816
100
AcDbEntity
  8
6 Spar
  6
ByLayer
 62
  256
370
   -1
100
AcDbLine
 10
642.7047323100695
 20
1861.754511633175
 11
642.9686174758041
 21
1855.832404236369
  0
LINE
  5
817
100
AcDbEntity
  8
6 Spar
  6
ByLayer
 62
  256
370
   -1
100
AcDbLine
 10
642.9684189642979
 20
1855.836092886395
 11
643.3815789577358
 21
1849.286684743683
  0
LINE
  5
818
100
AcDbEntity
  8
6 Spar
  6
ByLayer
 62
  256
370
   -1
100
AcDbLine
 10
643.3814752221358
 20
1849.288233486501
 11
643.8856185917903
 21
1842.17555167562
  0
LINE
  5
819
100
AcDbEntity
  8
6 Spar
  6
ByLayer
 62
  256
370
   -1
100
AcDbLine
 10
643.8856202482893
 20
1842.175528285542
 11
644.4242552685253
 21
1834.563568469898
  0
LINE
  5
81A
100
AcDbEntity
  8
6 Spar
  6
ByLayer
 62
  256
370
   -1
100
AcDbLine
 10
644.4243456022569
 20
1834.562227942687
 11
644.93924365025
 21
1826.51861665172
  0
LINE
  5
81B
100
AcDbEntity
  8
6 Spar
  6
ByLayer
 62
  256
370
   -1
100
AcDbLine
 10
644.1393856360792
 20
1866.992424506487
 11
644.2047973948747
 21
1861.76688703922
  0
LINE
  5
81C
100
AcDbEntity
  8
6 Spar
  6
ByLayer
 62
  256
370
   -1
100
AcDbLine
 10
644.2032453732436
 20
1861.821284378337
 11
644.4671305389782
 21
1855.899176981531
  0
LINE
  5
81D
100
AcDbEntity
  8
6 Spar
  6
ByLayer
 62
  256
370
   -1
100
AcDbLine
 10
644.4654431911764
 20
1855.930530506753
 11
644.8786031846142
 21
1849.381122364042
  0
LINE
  5
81E
100
AcDbEntity
  8
6 Spar
  6
ByLayer
 62
  256
370
   -1
100
AcDbLine
 10
644.8777214320141
 20
1849.394286677988
 11
645.3818648016686
 21
1842.281604867107
  0
LINE
  5
81F
100
AcDbEntity
  8
6 Spar
  6
ByLayer
 62
  256
370
   -1
100
AcDbLine
 10
645.3818788819112
 20
1842.281406051441
 11
645.9205139021471
 21
1834.669446235798
  0
LINE
  5
820
100
AcDbEntity
  8
6 Spar
  6
ByLayer
 62
  256
370
   -1
100
AcDbLine
 10
645.9212817388667
 20
1834.658051754509
 11
646.4361797868597
 21
1826.614440463542
  0
LINE
  5
821
100
AcDbEntity
  8
6 Spar
  6
ByLayer
 62
  256
370
   -1
100
AcDbLine
 10
646.4374387302222
 20
1826.592562575428
 11
646.8062715342255
 21
1819.920994025442
  0
LINE
  5
822
100
AcDbEntity
  8
6 Spar
  6
ByLayer
 62
  256
370
   -1
100
AcDbLine
 10
644.9393917612339
 20
1826.51604278253
 11
645.2804145883684
 21
1819.920994025442
  0
POINT
  5
823
100
AcDbEntity
  8
6 Spar
  6
ByLayer
 62
  256
370
   -1
100
AcDbPoint
 10
646.7453461981085
 20
1819.908624553969
  0
LWPOLYLINE
  5
824
100
AcDbEntity
  8
6 Spar
  6
ByLayer
 62
  256
370
   -1
100
AcDbPolyline
 90
    4
 70
    1
 43
0
 10
646.924367363483
 20
1819.911830439504
 10
651.9211614779475
 20
1820.090851604878
 10
651.742140312573
 20
1825.087645719343
 10
646.7453461981085
 20
1824.908624553969
  0
POINT
  5
825
100
AcDbEntity
  8
6 Spar
  6
ByLayer
 62
  256
370
   -1
100
AcDbPoint
 10
666.3544287709814
 20
1819.832875787018
  0
LWPOLYLINE
  5
826
100
AcDbEntity
  8
6 Spar
  6
ByLayer
 62
  256
370
   -1
100
AcDbPolyline
 90
    4
 70
    1
 43
0
 10
666.3544287709814
 20
1819.832875787018
 10
661.3544287709814
 20
1819.832875787018
 10
661.3544287709814
 20
1824.832875787018
 10
666.3544287709814
 20
1824.832875787018
  0
LINE
  5
827
100
AcDbEntity
  8
7 Rib
  6
ByLayer
 62
  256
370
   -1
100
AcDbLine
 10
664.9973440163751
 20
1825.131089598757
 11
664.8069417266559
 21
1827.750525392584
  0
LINE
  5
828
100
AcDbEntity
  8
7 Rib
  6
ByLayer
 62
  256
370
   -1
100
AcDbLine
 10
665.1103831201682
 20
1819.589994777075
 11
661.072401851017
 21
1819.589994777075
  0
LINE
  5
829
100
AcDbEntity
  8
7 Rib
  6
ByLayer
 62
  256
370
   -1
100
AcDbLine
 10
661.072401851017
 20
1819.589994777075
 11
661.072401851017
 21
1825.263020427844
  0
LINE
  5
82A
100
AcDbEntity
  8
7 Rib
  6
ByLayer
 62
  256
370
   -1
100
AcDbLine
 10
661.072401851017
 20
1825.263020427844
 11
664.9643613091032
 21
1825.263020427844
  0
LINE
  5
82B
100
AcDbEntity
  8
7 Rib
  6
ByLayer
 62
  256
370
   -1
100
AcDbLine
 10
664.9643613091032
 20
1825.263020427844
 11
664.9643613091032
 21
1825.197055013301
  0
LINE
  5
82C
100
AcDbEntity
  8
7 Rib
  6
ByLayer
 62
  256
370
   -1
100
AcDbLine
 10
644.3393699686159
 20
1866.99492785222
 11
644.4047817274114
 21
1861.769390384953
  0
LINE
  5
82D
100
AcDbEntity
  8
7 Rib
  6
ByLayer
 62
  256
370
   -1
100
AcDbLine
 10
646.695692322933
 20
1825.149825009511
 11
652.0268040267373
 21
1825.41400781373
  0
LINE
  5
82E
100
AcDbEntity
  8
7 Rib
  6
ByLayer
 62
  256
370
   -1
100
AcDbLine
 10
644.4030471150002
 20
1861.830187411026
 11
644.6669322807347
 21
1855.90808001422
  0
LINE
  5
82F
100
AcDbEntity
  8
7 Rib
  6
ByLayer
 62
  256
370
   -1
100
AcDbLine
 10
644.6650464214268
 20
1855.943122189468
 11
645.0782064148647
 21
1849.393714046756
  0
LINE
  5
830
100
AcDbEntity
  8
7 Rib
  6
ByLayer
 62
  256
370
   -1
100
AcDbLine
 10
645.0772209266646
 20
1849.40842710352
 11
645.5813642963191
 21
1842.295745292639
  0
LINE
  5
831
100
AcDbEntity
  8
7 Rib
  6
ByLayer
 62
  256
370
   -1
100
AcDbLine
 10
645.5813800330608
 20
1842.295523086895
 11
646.1200150532967
 21
1834.683563271251
  0
MTEXT
  5
832
100
AcDbEntity
  8
4 Text
  6
ByLayer
 62
  256
370
   -1
100
AcDbMText
 10
675.5198776170133
 20
1827.034056179406
 30
0
 40
8
 41
82.62222464050473
 71
    1
 72
    1
  1
5 * 5mm Spars
  7
STANDARD
210
0
220
0
230
1
 50
0
 73
    2
 44
1
  0
LINE
  5
833
100
AcDbEntity
  8
3 RefLine
  6
ByLayer
 62
  256
370
   -1
100
AcDbLine
 10
666.4009277000404
 20
1819.868909006857
 11
-435.766316803269
 21
1819.868909006857
  0
LINE
  5
834
100
AcDbEntity
  8
3 RefLine
  6
ByLayer
 62
  256
370
   -1
100
AcDbLine
 10
666.3826177217683
 20
1824.93319335505
 11
-435.6968721584162
 21
1824.93319335505
  0
LINE
  5
835
100
AcDbEntity
  8
3 RefLine
  6
ByLayer
 62
  256
370
   -1
100
AcDbLine
 10
672.0891865275272
 20
1870.781250984464
 11
-435.766316803269
 21
1870.781250984464
  0
DIMENSION
  5
836
100
AcDbEntity
  8
4 Text
  6
ByLayer
 62
  256
370
   -1
100
AcDbDimension
  2
*D92
 10
-339.4763417933366
 20
1870.756783823442
 30
0
 11
-344.1638417933366
 21
1875.773602490198
 31
0
 70
   32
 71
    5
 72
    0
  3
Standard
 53
0
210
0
220
0
230
1
100
AcDbAlignedDimension
 13
-324.233683196731
 23
1880.790421156954
 33
0
 14
-324.2545794691487
 24
1870.756783823442
 34
0
 50
90
100
AcDbRotatedDimension
  0
LWPOLYLINE
  5
837
100
AcDbEntity
  8
6 Spar
  6
ByLayer
 62
  256
370
   -1
100
AcDbPolyline
 90
    4
 70
    1
 43
0
 10
-324.3031278415838
 20
1824.868909006857
 10
375.6968721584162
 20
1824.868909006857
 10
375.6968721584162
 20
1819.868909006857
 10
-324.3031278415838
 20
1819.868909006857
  0
LINE
  5
838
100
AcDbEntity
  8
6 Spar
  6
ByLayer
 62
  256
370
   -1
100
AcDbLine
 10
644.1068959630171
 20
1880.74685007829
 11
644.1381878253845
 21
1866.903888543766
  0
LINE
  5
839
100
AcDbEntity
  8
6 Spar
  6
ByLayer
 62
  256
370
   -1
100
AcDbLine
 10
642.8164431732947
 20
1880.74685007829
 11
642.6393622231489
 21
1866.963233417873
  0
LWPOLYLINE
  5
83A
100
AcDbEntity
  8
6 Spar
  6
ByLayer
 62
  256
370
   -1
100
AcDbPolyline
 90
    4
 70
    1
 43
0
 10
644.337699467777
 20
1880.783971978271
 10
654.337699467777
 20
1880.783971978271
 10
654.337699467777
 20
1870.783971978271
 10
644.337699467777
 20
1870.783971978271
  0
LINE
  5
83B
100
AcDbEntity
  8
7 Rib
  6
ByLayer
 62
  256
370
   -1
100
AcDbLine
 10
654.6187144730784
 20
1870.583971978271
 11
644.5661340254529
 21
1870.583971978271
  0
LINE
  5
83C
100
AcDbEntity
  8
7 Rib
  6
ByLayer
 62
  256
370
   -1
100
AcDbLine
 10
644.3612599545932
 20
1870.595115247673
 11
644.338031239016
 21
1866.895975893884
  0
DIMENSION
  5
83D
100
AcDbEntity
  8
4 Text
  6
ByLayer
 62
  256
370
   -1
100
AcDbDimension
  2
*D93
 10
635.7976873035356
 20
1870.783971978271
 30
0
 11
631.1101873035356
 21
1875.783971978271
 31
0
 70
   32
 71
    5
 72
    0
  3
Standard
 53
0
210
0
220
0
230
1
100
AcDbAlignedDimension
 13
654.337699467777
 23
1880.783971978271
 33
0
 14
654.337699467777
 24
1870.783971978271
 34
0
 50
90
100
AcDbRotatedDimension
  0
DIMENSION
  5
83E
100
AcDbEntity
  8
4 Text
  6
ByLayer
 62
  256
370
   -1
100
AcDbDimension
  2
*D94
 10
654.337699467777
 20
1893.07344656849
 30
0
 11
649.337699467777
 21
1897.76094656849
 31
0
 70
   32
 71
    5
 72
    0
  3
Standard
 53
0
210
0
220
0
230
1
100
AcDbAlignedDimension
 13
644.337699467777
 23
1880.783971978271
 33
0
 14
654.337699467777
 24
1880.783971978271
 34
0
100
AcDbRotatedDimension
  0
DIMENSION
  5
83F
100
AcDbEntity
  8
4 Text
  6
ByLayer
 62
  256
370
   -1
100
AcDbDimension
  2
*D95
 10
612.3594858129986
 20
1818.40302451899
 30
0
 11
615.6388281826817
 21
1849.0504226536
 31
0
 70
   33
 71
    5
 72
    0
  3
Standard
 53
0
210
0
220
0
230
1
100
AcDbAlignedDimension
 13
642.4740495178494
 23
1880.783971978271
 33
0
 14
645.2804145883684
 24
1819.920994025442
 34
0
  0
MTEXT
  5
840
100
AcDbEntity
  8
4 Text
  6
ByLayer
 62
  256
370
   -1
100
AcDbMText
 10
-98.12884354741401
 20
1614.635276539483
 30
0
 40
6
 41
51.63333641905838
 71
    1
 72
    1
  1
3*5mm Balsa
  7
STANDARD
210
0
220
0
230
1
 50
0
 73
    2
 44
1
  0
MTEXT
  5
841
100
AcDbEntity
  8
4 Text
  6
ByLayer
 62
  256
370
   -1
100
AcDbMText
 10
363.9440137530822
 20
1498.489741513896
 30
0
 40
6
 41
33.83333333333426
 71
    1
 72
    1
  1
Rud 3mm
  7
STANDARD
210
0
220
0
230
1
 50
0
 73
    2
 44
1
  0
MTEXT
  5
842
100
AcDbEntity
  8
4 Text
  6
ByLayer
 62
  256
370
   -1
100
AcDbMText
 10
203.908410490062
 20
1498.211224873147
 30
0
 40
6
 41
74.80000181371207
 71
    1
 72
    1
  1
Stub 3*8mm Balsa
  7
STANDARD
210
0
220
0
230
1
 50
0
 73
    2
 44
1
  0
DIMENSION
  5
843
100
AcDbEntity
  8
4 Text
  6
ByLayer
 62
  256
370
   -1
100
AcDbDimension
  2
*D96
 10
-321
 20
1435.754457591781
 30
0
 11
-323
 21
1440.441957591781
 31
0
 70
   32
 71
    5
 72
    0
  3
Standard
 53
0
210
0
220
0
230
1
100
AcDbAlignedDimension
 13
-325
 23
1424
 33
0
 14
-321
 24
1424
 34
0
100
AcDbRotatedDimension
  0
DIMENSION
  5
844
100
AcDbEntity
  8
4 Text
  6
ByLayer
 62
  256
370
   -1
100
AcDbDimension
  2
*D97
 10
590.0388528197715
 20
1700.692644110156
 30
0
 11
585.3513528197715
 21
1790.689556926372
 31
0
 70
   32
 71
    5
 72
    0
  3
Standard
 53
0
210
0
220
0
230
1
100
AcDbAlignedDimension
 13
647.2378595589913
 23
1880.686469742588
 33
0
 14
643.4581139485439
 24
1700.692644110156
 34
0
 50
90
100
AcDbRotatedDimension
  0
DIMENSION
  5
845
100
AcDbEntity
  8
4 Text
  6
ByLayer
 62
  256
370
   -1
100
AcDbDimension
  2
*D98
 10
1024.575361215578
 20
1781.740932611918
 30
0
 11
924.617751990716
 21
1786.428432611918
 31
0
 70
   32
 71
    5
 72
    0
  3
Standard
 53
0
210
0
220
0
230
1
100
AcDbAlignedDimension
 13
824.6601427658541
 23
1811.590882717459
 33
0
 14
1024.575361215578
 24
1807.853311821925
 34
0
100
AcDbRotatedDimension
  0
POINT
  5
846
100
AcDbEntity
  8
2 BaseLine
  6
ByLayer
 62
  256
370
   -1
100
AcDbPoint
 10
-324.233683196731
 20
1700.790421156954
  0
DIMENSION
  5
847
100
AcDbEntity
  8
4 Text
  6
ByLayer
 62
  256
370
   -1
100
AcDbDimension
  2
*D99
 10
-340.7822750986405
 20
1700.953436512878
 30
0
 11
-345.4697750986405
 21
1715.871928834916
 31
0
 70
   32
 71
    5
  3
Standard
 53
0
210
0
220
0
230
1
100
AcDbAlignedDimension
 13
-324.233683196731
 23
1730.790421156954
 33
0
 14
-324.4846724446878
 24
1700.953436512878
 34
0
 50
90
100
AcDbRotatedDimension
  0
MTEXT
  5
848
100
AcDbEntity
  8
4 Text
  6
ByLayer
 62
  256
370
   -1
100
AcDbMText
 10
-559.1985235291793
 20
1453.101464824306
 30
0
 40
6
 41
102.6333425905049
 71
    1
 72
    1
  1
2*2mm cross grain Balsa
  7
STANDARD
210
0
220
0
230
1
 50
0
 73
    2
 44
1
  0
MTEXT
  5
849
100
AcDbEntity
  8
4 Text
  6
ByLayer
 62
  256
370
   -1
100
AcDbMText
 10
-574.8820087200513
 20
1422.454759734285
 30
0
 40
6
 41
92.16667283811417
 71
    1
 72
    1
  1
2mm Balsa Nose Cover
  7
STANDARD
210
0
220
0
230
1
 50
0
 73
    2
 44
1
  0
POINT
  5
84A
100
AcDbEntity
  8
6 Spar
  6
ByLayer
 62
  256
370
   -1
100
AcDbPoint
 10
-605.0128186853644
 20
1390.866604171638
  0
LWPOLYLINE
  5
84B
100
AcDbEntity
  8
7 Rib
  6
ByLayer
 62
  256
370
   -1
100
AcDbPolyline
 90
    4
 70
    1
 43
0
 10
-601.6720770423036
 20
1390.866604171638
 10
-580.6720770423036
 20
1390.866604171638
 10
-580.6720770423036
 20
1393.866604171638
 10
-601.6720770423036
 20
1393.866604171638
  0
LWPOLYLINE
  5
84C
100
AcDbEntity
  8
7 Rib
  6
ByLayer
 62
  256
370
   -1
100
AcDbPolyline
 90
    4
 70
    1
 43
0
 10
-601.6720770423036
 20
1372.546725396771
 10
-580.6720770423036
 20
1372.546725396771
 10
-580.6720770423036
 20
1375.546725396771
 10
-601.6720770423036
 20
1375.546725396771
  0
LWPOLYLINE
  5
84D
100
AcDbEntity
  8
9 Mecha
  6
ByLayer
 62
  256
370
   -1
100
AcDbPolyline
 90
    4
 70
    1
 43
0
 10
-241.2322823441065
 20
1408.972079111694
 10
-191.2322823441065
 20
1408.972079111694
 10
-191.2322823441065
 20
1416.972079111694
 10
-241.2322823441065
 20
1416.972079111694
  0
MTEXT
  5
84E
100
AcDbEntity
  8
4 Text
  6
ByLayer
 62
  256
370
   -1
100
AcDbMText
 10
-213.3641802633088
 20
1407.135197671719
 30
0
 40
6
 41
12.66666666666667
 71
    1
 72
    1
  1
BEC
  7
STANDARD
210
0
220
0
230
1
 50
0
 73
    2
 44
1
  0
LINE
  5
84F
100
AcDbEntity
  8
2 BaseLine
  6
ByLayer
 62
  256
370
   -1
100
AcDbLine
 10
-380.3174839660248
 20
1404.047322425448
 11
-378.6050141075461
 21
1378.118582401965
  0
LWPOLYLINE
  5
850
100
AcDbEntity
  8
6 Spar
  6
ByLayer
 62
  256
370
   -1
100
AcDbPolyline
 90
    4
 70
    1
 43
0
 10
-384.9171360750154
 20
1423.940972801335
 10
-380.9289415147484
 20
1424.248062608161
 10
-379.3934924806199
 20
1404.307089806826
 10
-383.381687040887
 20
1404
  0
LINE
  5
851
100
AcDbEntity
  8
6 Spar
  6
ByLayer
 62
  256
370
   -1
100
AcDbLine
 10
-438.5395422597495
 20
1399.800323893635
 11
-434.8415135749366
 21
1374.079579424086
  0
LINE
  5
852
100
AcDbEntity
  8
7 Rib
  6
ByLayer
 62
  256
370
   -1
100
AcDbLine
 10
646.4598246319925
 20
1809.419323197886
 11
646.6391223312079
 21
1800.301405318509
  0
LINE
  5
853
100
AcDbEntity
  8
7 Rib
  6
ByLayer
 62
  256
370
   -1
100
AcDbLine
 10
646.6391875604787
 20
1800.297747876195
 11
646.7873021568729
 21
1791.043553461428
  0
LINE
  5
854
100
AcDbEntity
  8
7 Rib
  6
ByLayer
 62
  256
370
   -1
100
AcDbLine
 10
646.787379191201
 20
1791.037652051017
 11
646.8810936257463
 21
1781.761003630129
  0
LINE
  5
855
100
AcDbEntity
  8
7 Rib
  6
ByLayer
 62
  256
370
   -1
100
AcDbLine
 10
646.8811415311473
 20
1781.753399068077
 11
646.9041235049046
 21
1772.549996254504
  0
LINE
  5
856
100
AcDbEntity
  8
7 Rib
  6
ByLayer
 62
  256
370
   -1
100
AcDbLine
 10
646.9041080640144
 20
1772.541406772975
 11
646.849086735965
 21
1763.510391560195
  0
LINE
  5
857
100
AcDbEntity
  8
7 Rib
  6
ByLayer
 62
  256
370
   -1
100
AcDbLine
 10
646.8489867378981
 20
1763.501085899417
 11
646.7140904445765
 21
1754.741506037915
  0
LINE
  5
858
100
AcDbEntity
  8
7 Rib
  6
ByLayer
 62
  256
370
   -1
100
AcDbLine
 10
646.7139028304628
 20
1754.732160426046
 11
646.50625853766
 21
1746.342906594645
  0
LINE
  5
859
100
AcDbEntity
  8
7 Rib
  6
ByLayer
 62
  256
370
   -1
100
AcDbLine
 10
646.5059936476619
 20
1746.333859773605
 11
646.2380332557284
 21
1738.408329230584
  0
LINE
  5
85A
100
AcDbEntity
  8
7 Rib
  6
ByLayer
 62
  256
370
   -1
100
AcDbLine
 10
646.2376874201839
 20
1738.399306706812
 11
645.9217800008066
 21
1731.027297258746
  0
LINE
  5
85B
100
AcDbEntity
  8
7 Rib
  6
ByLayer
 62
  256
370
   -1
100
AcDbLine
 10
652.0268040267373
 20
1825.41400781373
 11
652.1989512705717
 21
1819.937633092253
  0
LINE
  5
85C
100
AcDbEntity
  8
7 Rib
  6
ByLayer
 62
  256
370
   -1
100
AcDbLine
 10
646.1208189812506
 20
1819.537993587391
 11
652.1989512705717
 21
1819.937633092253
  0
LINE
  5
85D
100
AcDbEntity
  8
7 Rib
  6
ByLayer
 62
  256
370
   -1
100
AcDbLine
 10
646.1208189812506
 20
1819.537993587391
 11
646.4594590408404
 21
1809.43309085845
  0
LINE
  5
85E
100
AcDbEntity
  8
7 Rib
  6
ByLayer
 62
  256
370
   -1
100
AcDbLine
 10
646.1208732237479
 20
1834.670828262752
 11
646.695692322933
 21
1825.149825009511
  0
DIMENSION
  5
85F
100
AcDbEntity
  8
4 Text
  6
ByLayer
 62
  256
370
   -1
100
AcDbDimension
  2
*D100
 10
646.8856150418079
 20
1785.735639069997
 30
0
 11
646.3855947987076
 21
1790.423139069997
 31
0
 70
   32
 71
    5
 72
    0
  3
Standard
 53
0
210
0
220
0
230
1
100
AcDbAlignedDimension
 13
645.8855745556074
 23
1779.976893511376
 33
0
 14
646.8856150418079
 24
1779.961928890815
 34
0
100
AcDbRotatedDimension
  0
DIMENSION
  5
860
100
AcDbEntity
  8
4 Text
  6
ByLayer
 62
  256
370
   -1
100
AcDbDimension
  2
*D101
 10
644.8052392337966
 20
1849.863134011129
 30
0
 11
643.6608730809044
 21
1854.470269033163
 31
0
 70
   33
 71
    5
 72
    0
  3
Standard
 53
0
210
0
220
0
230
1
100
AcDbAlignedDimension
 13
643.5468109434696
 23
1846.955602634635
 33
0
 14
645.0415690246508
 24
1847.082651016286
 34
0
  0
POINT
  5
861
100
AcDbEntity
  8
6 Spar
  6
ByLayer
 62
  256
370
   -1
100
AcDbPoint
 10
-324.233683196731
 20
1700.790421156954
  0
LWPOLYLINE
  5
862
100
AcDbEntity
  8
6 Spar
  6
ByLayer
 62
  256
370
   -1
100
AcDbPolyline
 90
    4
 70
    1
 43
0
 10
-324.233683196731
 20
1700.790421156954
 10
375.766316803269
 20
1700.790421156954
 10
375.766316803269
 20
1730.790421156954
 10
-324.233683196731
 20
1730.790421156954
  0
POINT
  5
863
100
AcDbEntity
  8
5 Aerofoil
  6
ByLayer
 62
  256
370
   -1
100
AcDbPoint
 10
-324.233683196731
 20
1700.790421156954
  0
LINE
  5
864
100
AcDbEntity
  8
3 RefLine
  6
ByLayer
 62
  256
370
   -1
100
AcDbLine
 10
300
 20
1950
 11
460
 21
1950
  0
DIMENSION
  5
865
100
AcDbEntity
  8
4 Text
  6
ByLayer
 62
  256
370
   -1
100
AcDbDimension
  2
*D102
 10
666.5839435781252
 20
1913.338226216805
 30
0
 11
654.5196281073804
 21
1918.025726216805
 31
0
 70
   32
 71
    5
  3
Standard
 53
0
210
0
220
0
230
1
100
AcDbAlignedDimension
 13
642.4553126366358
 23
1867.370038015853
 33
0
 14
666.5839435781252
 24
1817.415520000479
 34
0
100
AcDbRotatedDimension
  0
POINT
  5
866
100
AcDbEntity
  8
4 Text
  6
ByLayer
 62
  256
370
   -1
100
AcDbPoint
 10
375.866764630203
 20
1950.067103065257
  0
LWPOLYLINE
  5
867
100
AcDbEntity
  8
5 Aerofoil
  6
ByLayer
 62
  256
370
   -1
100
AcDbPolyline
 90
    4
 70
    1
 43
0
 10
375.866764630203
 20
1950.067103065257
 10
373.866764630203
 20
1950.067103065257
 10
373.866764630203
 20
1974.067103065257
 10
375.866764630203
 20
1974.067103065257
  0
LINE
  5
868
100
AcDbEntity
  8
3 RefLine
  6
ByLayer
 62
  256
370
   -1
100
AcDbLine
 10
401.4966581755596
 20
1870.767932841547
 11
401.4966581755596
 21
2070.767932841547
  0
LINE
  5
869
100
AcDbEntity
  8
3 RefLine
  6
ByLayer
 62
  256
370
   -1
100
AcDbLine
 10
375.866764630203
 20
1950.067103065257
 11
429.6527817105062
 21
1974.048534050737
  0
LINE
  5
86A
100
AcDbEntity
  8
3 RefLine
  6
ByLayer
 62
  256
370
   -1
100
AcDbLine
 10
223.866764630203
 20
1974.067103065257
 11
523.8667646302031
 21
1974.067103065257
  0
LWPOLYLINE
  5
86B
100
AcDbEntity
  8
5 Aerofoil
  6
ByLayer
 62
  256
370
   -1
100
AcDbPolyline
 90
    4
 70
    1
 43
0
 10
300.4468215903232
 20
1974.067103065257
 10
430.3205820015032
 20
1974.067103065257
 10
430.3205820015032
 20
1973.071239340374
 10
300.4468215903232
 20
1973.071239340374
  0
LINE
  5
86C
100
AcDbEntity
  8
5 Aerofoil
  6
ByLayer
 62
  256
370
   -1
100
AcDbLine
 10
375.9990212369019
 20
1950.275297069911
 11
426.5528403624241
 21
1972.796903694552
  0
LINE
  5
86D
100
AcDbEntity
  8
5 Aerofoil
  6
ByLayer
 62
  256
370
   -1
100
AcDbLine
 10
375.9372235494313
 20
1953.532003434201
 11
419.3340606779723
 21
1972.865191538859
  0
LINE
  5
86E
100
AcDbEntity
  8
5 Aerofoil
  6
ByLayer
 62
  256
370
   -1
100
AcDbLine
 10
419.3340606779723
 20
1972.865191538859
 11
426.5528403624241
 21
1972.796903694552
  0
LINE
  5
86F
100
AcDbEntity
  8
3 RefLine
  6
ByLayer
 62
  256
370
   -1
100
AcDbLine
 10
429.6527817105062
 20
1974.048534050737
 11
429.6527817105062
 21
1724.048534050737
  0
SPLINE
  5
870
100
AcDbEntity
  8
2 BaseLine
  6
ByLayer
 62
  256
370
   -1
100
AcDbSpline
210
0
220
0
230
0
 70
    8
 71
    2
 72
   14
 73
   11
 74
    0
 42
1e-07
 43
1e-07
 40
0
 40
0
 40
0
 40
0.1111111111111111
 40
0.2222222222222222
 40
0.3333333333333333
 40
0.4444444444444444
 40
0.5555555555555556
 40
0.6666666666666666
 40
0.7777777777777778
 40
0.8888888888888888
 40
1
 40
1
 40
1
 10
375.766316803269
 20
1700.953436512878
 30
0
 10
396.2650775250995
 20
1727.103887593846
 30
0
 10
413.7849843622596
 20
1760.389525389043
 30
0
 10
424.2771551226338
 20
1785.964191617455
 30
0
 10
429.9427073729491
 20
1817.719882513284
 30
0
 10
428.3270252598426
 20
1837.867354389222
 30
0
 10
422.9058448540753
 20
1852.032601501836
 30
0
 10
416.9005301985931
 20
1861.828720745717
 30
0
 10
402.384825463552
 20
1874.747482273367
 30
0
 10
387.2004924271916
 20
1880.614156401052
 30
0
 10
375.766316803269
 20
1880.790421156954
 30
0
  0
LINE
  5
871
100
AcDbEntity
  8
7 Rib
  6
ByLayer
 62
  256
370
   -1
100
AcDbLine
 10
376.166764630203
 20
1972.784906846383
 11
418.4059744365318
 21
1972.813918161783
  0
LINE
  5
872
100
AcDbEntity
  8
7 Rib
  6
ByLayer
 62
  256
370
   -1
100
AcDbLine
 10
376.166764630203
 20
1972.784906846383
 11
376.1723375666549
 21
1953.992515489339
  0
LINE
  5
873
100
AcDbEntity
  8
7 Rib
  6
ByLayer
 62
  256
370
   -1
100
AcDbLine
 10
376.1271950804475
 20
1953.992515489339
 11
418.4059744365318
 21
1972.813918161783
  0
DIMENSION
  5
874
100
AcDbEntity
  8
4 Text
  6
ByLayer
 62
  256
370
   -1
100
AcDbDimension
  2
*D103
 10
409.8620783970251
 20
2010.016289768548
 30
0
 11
382.6009968166886
 21
2002.928510513716
 31
0
 70
   33
 71
    5
  3
Standard
 53
0
210
0
220
0
230
1
100
AcDbAlignedDimension
 13
375.866764630203
 23
1950.067103065257
 33
0
 14
426.5528403624241
 24
1972.796903694552
 34
0
  0
LINE
  5
875
100
AcDbEntity
  8
7 Rib
  6
ByLayer
 62
  256
370
   -1
100
AcDbLine
 10
-775.9038933870095
 20
1629.105615169851
 11
-733.6646835806807
 21
1629.134626485251
  0
LINE
  5
876
100
AcDbEntity
  8
7 Rib
  6
ByLayer
 62
  256
370
   -1
100
AcDbLine
 10
-775.9038933870095
 20
1629.105615169851
 11
-775.8983204505575
 21
1610.313223812806
  0
LINE
  5
877
100
AcDbEntity
  8
7 Rib
  6
ByLayer
 62
  256
370
   -1
100
AcDbLine
 10
-775.9434629367649
 20
1610.313223812806
 11
-733.6646835806807
 21
1629.134626485251
  0
LINE
  5
878
100
AcDbEntity
  8
7 Rib
  6
ByLayer
 62
  256
370
   -1
100
AcDbLine
 10
-775.9038933870095
 20
1597.13994729143
 11
-733.6646835806807
 21
1597.16895860683
  0
LINE
  5
879
100
AcDbEntity
  8
7 Rib
  6
ByLayer
 62
  256
370
   -1
100
AcDbLine
 10
-775.9038933870095
 20
1597.13994729143
 11
-775.8983204505575
 21
1578.347555934385
  0
LINE
  5
87A
100
AcDbEntity
  8
7 Rib
  6
ByLayer
 62
  256
370
   -1
100
AcDbLine
 10
-775.9434629367649
 20
1578.347555934385
 11
-733.6646835806807
 21
1597.16895860683
  0
DIMENSION
  5
87B
100
AcDbEntity
  8
4 Text
  6
ByLayer
 62
  256
370
   -1
100
AcDbDimension
  2
*D104
 10
-261.4742556350777
 20
1322.625274151656
 30
0
 11
-274.8919869157327
 21
1327.312774151656
 31
0
 70
   32
 71
    5
  3
Standard
 53
0
210
0
220
0
230
1
100
AcDbAlignedDimension
 13
-288.3097181963877
 23
1347.861474212427
 33
0
 14
-261.4742556350777
 24
1347.862251787785
 34
0
100
AcDbRotatedDimension
  0
LINE
  5
87C
100
AcDbEntity
  8
3 RefLine
  6
ByLayer
 62
  256
370
   -1
100
AcDbLine
 10
-242.7209264881728
 20
1340.388533892999
 11
-242.7209264881728
 21
1339.388533892999
  0
LINE
  5
87D
100
AcDbEntity
  8
7 Rib
  6
ByLayer
 62
  256
370
   -1
100
AcDbLine
 10
-223
 20
1365
 11
-253
 21
1365
  0
LINE
  5
87E
100
AcDbEntity
  8
7 Rib
  6
ByLayer
 62
  256
370
   -1
100
AcDbLine
 10
-253
 20
1365
 11
-253
 21
1339.631675219217
  0
SPLINE
  5
87F
100
AcDbEntity
  8
7 Rib
  6
ByLayer
 62
  256
370
   -1
100
AcDbSpline
210
0
220
0
230
0
 70
    8
 71
    2
 72
   11
 73
    8
 74
    0
 42
1e-07
 43
1e-07
 40
0
 40
0
 40
0
 40
0.1666666666666667
 40
0.3333333333333333
 40
0.5
 40
0.6666666666666666
 40
0.8333333333333334
 40
1
 40
1
 40
1
 10
-238.7446699864757
 20
1346.961588032689
 30
0
 10
-238.2810348763352
 20
1344.602413833301
 30
0
 10
-236.0090446848263
 20
1341.937063740541
 30
0
 10
-233.4874142815915
 20
1340.373031884614
 30
0
 10
-229.8543780855135
 20
1340.325311411108
 30
0
 10
-226.247385962412
 20
1341.815097659116
 30
0
 10
-223.5411354008434
 20
1345.531144499262
 30
0
 10
-223.5705411645762
 20
1348.790512107674
 30
0
  0
LINE
  5
880
100
AcDbEntity
  8
7 Rib
  6
ByLayer
 62
  256
370
   -1
100
AcDbLine
 10
-238.7446699864757
 20
1346.961588032689
 11
-240.4807267832516
 21
1364.969909229292
  0
LINE
  5
881
100
AcDbEntity
  8
7 Rib
  6
ByLayer
 62
  256
370
   -1
100
AcDbLine
 10
-223.5705411645762
 20
1348.790512107674
 11
-223.2569603145913
 21
1365.132910173791
  0
LINE
  5
882
100
AcDbEntity
  8
7 Rib
  6
ByLayer
 62
  256
370
   -1
100
AcDbLine
 10
-200.5998290293188
 20
1342.041109703189
 11
-223
 21
1365
  0
CIRCLE
  5
883
100
AcDbEntity
  8
9 Mecha
  6
ByLayer
 62
  256
370
   -1
100
AcDbCircle
 10
-231.1767445895933
 20
1345.000015291969
 40
7.643648885364665
  0
CIRCLE
  5
884
100
AcDbEntity
  8
9 Mecha
  6
ByLayer
 62
  256
370
   -1
100
AcDbCircle
 10
-231.2142983771853
 20
1345.000015291969
 40
1.708181408816602
  0
CIRCLE
  5
885
100
AcDbEntity
  8
9 Mecha
  6
ByLayer
 62
  256
370
   -1
100
AcDbCircle
 10
-231.1896609058564
 20
1344.956123090087
 40
13.5
  0
LWPOLYLINE
  5
886
100
AcDbEntity
  8
6 Spar
  6
ByLayer
 62
  256
370
   -1
100
AcDbPolyline
 90
    4
 70
    1
 43
0
 10
-324.233683196731
 20
1880.790421156954
 10
407.0158831407892
 20
1880.790421156954
 10
407.0158831407892
 20
1870.781250984464
 10
-324.233683196731
 20
1870.781250984464
  0
LWPOLYLINE
  5
887
100
AcDbEntity
  8
5 Aerofoil
  6
ByLayer
 62
  256
370
   -1
100
AcDbPolyline
 90
    4
 70
    1
 43
0
 10
307.8416388270884
 20
1870.767932841547
 10
429.6527817105062
 20
1870.767932841547
 10
429.8487740070422
 20
1700.4564346259
 10
307.8416388270884
 20
1700.4564346259
  0
DIMENSION
  5
888
100
AcDbEntity
  8
4 Text
  6
ByLayer
 62
  256
370
   -1
100
AcDbDimension
  2
*D105
 10
169.7884512248334
 20
1613.851223703977
 30
0
 11
165.1009512248334
 21
1650.965457508634
 31
0
 70
   32
 71
    5
 72
    0
  3
Standard
 53
0
210
0
220
0
230
1
100
AcDbAlignedDimension
 13
165.8199269649406
 23
1688.079691313292
 33
0
 14
167.2001706022202
 24
1613.851223703977
 34
0
 50
90
100
AcDbRotatedDimension
  0
LINE
  5
889
100
AcDbEntity
  8
2 BaseLine
  6
ByLayer
 62
  256
370
   -1
100
AcDbLine
 10
467.2780546747687
 20
1499.774167992486
 11
467.2780546747687
 21
1319.93718334841
  0
DIMENSION
  5
88A
100
AcDbEntity
  8
4 Text
  6
ByLayer
 62
  256
370
   -1
100
AcDbDimension
  2
*D106
 10
445.9149582190485
 20
1319.93718334841
 30
0
 11
441.2274582190485
 21
1409.855675670448
 31
0
 70
   32
 71
    5
  3
Standard
 53
0
210
0
220
0
230
1
100
AcDbAlignedDimension
 13
467.2780546747687
 23
1499.774167992486
 33
0
 14
467.2780546747687
 24
1319.93718334841
 34
0
 50
90
100
AcDbRotatedDimension
  0
LINE
  5
88B
100
AcDbEntity
  8
5 Aerofoil
  6
ByLayer
 62
  256
370
   -1
100
AcDbLine
 10
-68.8002144607035
 20
1476.489519426446
 11
-68.8002144607035
 21
1476.489519426446
  0
LINE
  5
88C
100
AcDbEntity
  8
5 Aerofoil
  6
ByLayer
 62
  256
370
   -1
100
AcDbLine
 10
-68.8002144607035
 20
1476.489519426446
 11
-69.27785114448957
 21
1476.682810987393
  0
LINE
  5
88D
100
AcDbEntity
  8
5 Aerofoil
  6
ByLayer
 62
  256
370
   -1
100
AcDbLine
 10
-69.27785114448957
 20
1476.682810987393
 11
-70.70362512110633
 21
1477.2585466602
  0
LINE
  5
88E
100
AcDbEntity
  8
5 Aerofoil
  6
ByLayer
 62
  256
370
   -1
100
AcDbLine
 10
-70.70362512110633
 20
1477.2585466602
 11
-73.06708359309297
 21
1478.194520366697
  0
LINE
  5
88F
100
AcDbEntity
  8
5 Aerofoil
  6
ByLayer
 62
  256
370
   -1
100
AcDbLine
 10
-73.06708359309297
 20
1478.194520366697
 11
-76.34523851069393
 21
1479.464282304241
  0
LINE
  5
890
100
AcDbEntity
  8
5 Aerofoil
  6
ByLayer
 62
  256
370
   -1
100
AcDbLine
 10
-76.34523851069393
 20
1479.464282304241
 11
-80.50995396125096
 21
1481.025280392631
  0
LINE
  5
891
100
AcDbEntity
  8
5 Aerofoil
  6
ByLayer
 62
  256
370
   -1
100
AcDbLine
 10
-80.50995396125096
 20
1481.025280392631
 11
-85.52062160847625
 21
1482.826719436414
  0
LINE
  5
892
100
AcDbEntity
  8
5 Aerofoil
  6
ByLayer
 62
  256
370
   -1
100
AcDbLine
 10
-85.52062160847625
 20
1482.826719436414
 11
-91.33306507870712
 21
1484.815734735119
  0
LINE
  5
893
100
AcDbEntity
  8
5 Aerofoil
  6
ByLayer
 62
  256
370
   -1
100
AcDbLine
 10
-91.33306507870712
 20
1484.815734735119
 11
-97.88703612294859
 21
1486.931148663397
  0
LINE
  5
894
100
AcDbEntity
  8
5 Aerofoil
  6
ByLayer
 62
  256
370
   -1
100
AcDbLine
 10
-97.88703612294859
 20
1486.931148663397
 11
-105.1204867663531
 21
1489.111748691091
  0
LINE
  5
895
100
AcDbEntity
  8
5 Aerofoil
  6
ByLayer
 62
  256
370
   -1
100
AcDbLine
 10
-105.1204867663531
 20
1489.111748691091
 11
-112.9606020932976
 21
1491.294113163772
  0
LINE
  5
896
100
AcDbEntity
  8
5 Aerofoil
  6
ByLayer
 62
  256
370
   -1
100
AcDbLine
 10
-112.9606020932976
 20
1491.294113163772
 11
-121.323674590056
 21
1493.420610084306
  0
LINE
  5
897
100
AcDbEntity
  8
5 Aerofoil
  6
ByLayer
 62
  256
370
   -1
100
AcDbLine
 10
-121.323674590056
 20
1493.420610084306
 11
-130.1224601198631
 21
1495.429538255153
  0
LINE
  5
898
100
AcDbEntity
  8
5 Aerofoil
  6
ByLayer
 62
  256
370
   -1
100
AcDbLine
 10
-130.1224601198631
 20
1495.429538255153
 11
-139.2642211254054
 21
1497.265090850505
  0
LINE
  5
899
100
AcDbEntity
  8
5 Aerofoil
  6
ByLayer
 62
  256
370
   -1
100
AcDbLine
 10
-139.2642211254054
 20
1497.265090850505
 11
-148.6470957627862
 21
1498.879285302051
  0
LINE
  5
89A
100
AcDbEntity
  8
5 Aerofoil
  6
ByLayer
 62
  256
370
   -1
100
AcDbLine
 10
-148.6470957627862
 20
1498.879285302051
 11
-158.1691907737774
 21
1500.226138736872
  0
LINE
  5
89B
100
AcDbEntity
  8
5 Aerofoil
  6
ByLayer
 62
  256
370
   -1
100
AcDbLine
 10
-158.1691907737774
 20
1500.226138736872
 11
-167.7176260590535
 21
1501.271457025508
  0
LINE
  5
89C
100
AcDbEntity
  8
5 Aerofoil
  6
ByLayer
 62
  256
370
   -1
100
AcDbLine
 10
-167.7176260590535
 20
1501.271457025508
 11
-177.2047176812073
 21
1501.981534705888
  0
LINE
  5
89D
100
AcDbEntity
  8
5 Aerofoil
  6
ByLayer
 62
  256
370
   -1
100
AcDbLine
 10
-177.2047176812073
 20
1501.981534705888
 11
-186.7083159578668
 21
1502.213859712045
  0
LINE
  5
89E
100
AcDbEntity
  8
5 Aerofoil
  6
ByLayer
 62
  256
370
   -1
100
AcDbLine
 10
-186.7083159578668
 20
1502.213859712045
 11
-195.907620777911
 21
1501.876197180696
  0
LINE
  5
89F
100
AcDbEntity
  8
5 Aerofoil
  6
ByLayer
 62
  256
370
   -1
100
AcDbLine
 10
-195.907620777911
 20
1501.876197180696
 11
-204.6761172881129
 21
1501.00009859657
  0
LINE
  5
8A0
100
AcDbEntity
  8
5 Aerofoil
  6
ByLayer
 62
  256
370
   -1
100
AcDbLine
 10
-204.6761172881129
 20
1501.00009859657
 11
-212.8994803298945
 21
1499.643355818171
  0
LINE
  5
8A1
100
AcDbEntity
  8
5 Aerofoil
  6
ByLayer
 62
  256
370
   -1
100
AcDbLine
 10
-212.8994803298945
 20
1499.643355818171
 11
-220.466827124722
 21
1497.873828990568
  0
LINE
  5
8A2
100
AcDbEntity
  8
5 Aerofoil
  6
ByLayer
 62
  256
370
   -1
100
AcDbLine
 10
-220.466827124722
 20
1497.873828990568
 11
-227.2813585575558
 21
1495.779654451249
  0
LINE
  5
8A3
100
AcDbEntity
  8
5 Aerofoil
  6
ByLayer
 62
  256
370
   -1
100
AcDbLine
 10
-227.2813585575558
 20
1495.779654451249
 11
-233.2605476628408
 21
1493.457246557757
  0
LINE
  5
8A4
100
AcDbEntity
  8
5 Aerofoil
  6
ByLayer
 62
  256
370
   -1
100
AcDbLine
 10
-233.2605476628408
 20
1493.457246557757
 11
-238.3362652818315
 21
1491.00329890614
  0
LINE
  5
8A5
100
AcDbEntity
  8
5 Aerofoil
  6
ByLayer
 62
  256
370
   -1
100
AcDbLine
 10
-238.3362652818315
 20
1491.00329890614
 11
-242.4547800625933
 21
1488.514784330954
  0
LINE
  5
8A6
100
AcDbEntity
  8
5 Aerofoil
  6
ByLayer
 62
  256
370
   -1
100
AcDbLine
 10
-242.4547800625933
 20
1488.514784330954
 11
-245.5805149833618
 21
1486.079026237922
  0
LINE
  5
8A7
100
AcDbEntity
  8
5 Aerofoil
  6
ByLayer
 62
  256
370
   -1
100
AcDbLine
 10
-245.5805149833618
 20
1486.079026237922
 11
-247.6871115519504
 21
1483.76952468911
  0
LINE
  5
8A8
100
AcDbEntity
  8
5 Aerofoil
  6
ByLayer
 62
  256
370
   -1
100
AcDbLine
 10
-247.6871115519504
 20
1483.76952468911
 11
-248.7664912636695
 21
1481.642131536195
  0
LINE
  5
8A9
100
AcDbEntity
  8
5 Aerofoil
  6
ByLayer
 62
  256
370
   -1
100
AcDbLine
 10
-248.7664912636695
 20
1481.642131536195
 11
-248.8216881122531
 21
1479.732911105826
  0
LINE
  5
8AA
100
AcDbEntity
  8
5 Aerofoil
  6
ByLayer
 62
  256
370
   -1
100
AcDbLine
 10
-248.8216881122531
 20
1479.732911105826
 11
-247.8855146582857
 21
1478.130513186623
  0
LINE
  5
8AB
100
AcDbEntity
  8
5 Aerofoil
  6
ByLayer
 62
  256
370
   -1
100
AcDbLine
 10
-247.8855146582857
 20
1478.130513186623
 11
-246.0035700293005
 21
1476.911833728553
  0
LINE
  5
8AC
100
AcDbEntity
  8
5 Aerofoil
  6
ByLayer
 62
  256
370
   -1
100
AcDbLine
 10
-246.0035700293005
 20
1476.911833728553
 11
-243.2103003311242
 21
1476.061538359938
  0
LINE
  5
8AD
100
AcDbEntity
  8
5 Aerofoil
  6
ByLayer
 62
  256
370
   -1
100
AcDbLine
 10
-243.2103003311242
 20
1476.061538359938
 11
-239.5511070963499
 21
1475.554503661023
  0
LINE
  5
8AE
100
AcDbEntity
  8
5 Aerofoil
  6
ByLayer
 62
  256
370
   -1
100
AcDbLine
 10
-239.5511070963499
 20
1475.554503661023
 11
-235.0787164183013
 21
1475.357747049751
  0
LINE
  5
8AF
100
AcDbEntity
  8
5 Aerofoil
  6
ByLayer
 62
  256
370
   -1
100
AcDbLine
 10
-235.0787164183013
 20
1475.357747049751
 11
-229.8531789510344
 21
1475.430426781745
  0
LINE
  5
8B0
100
AcDbEntity
  8
5 Aerofoil
  6
ByLayer
 62
  256
370
   -1
100
AcDbLine
 10
-229.8531789510344
 20
1475.430426781745
 11
-223.9310715542283
 21
1475.72363252145
  0
LINE
  5
8B1
100
AcDbEntity
  8
5 Aerofoil
  6
ByLayer
 62
  256
370
   -1
100
AcDbLine
 10
-223.9310715542283
 20
1475.72363252145
 11
-217.3816634115162
 21
1476.182699180826
  0
LINE
  5
8B2
100
AcDbEntity
  8
5 Aerofoil
  6
ByLayer
 62
  256
370
   -1
100
AcDbLine
 10
-217.3816634115162
 20
1476.182699180826
 11
-210.2689816006356
 21
1476.742858480443
  0
LINE
  5
8B3
100
AcDbEntity
  8
5 Aerofoil
  6
ByLayer
 62
  256
370
   -1
100
AcDbLine
 10
-210.2689816006356
 20
1476.742858480443
 11
-202.6570217849917
 21
1477.34134183626
  0
LINE
  5
8B4
100
AcDbEntity
  8
5 Aerofoil
  6
ByLayer
 62
  256
370
   -1
100
AcDbLine
 10
-202.6570217849917
 20
1477.34134183626
 11
-194.6134104940246
 21
1477.913450778475
  0
LINE
  5
8B5
100
AcDbEntity
  8
5 Aerofoil
  6
ByLayer
 62
  256
370
   -1
100
AcDbLine
 10
-194.6134104940246
 20
1477.913450778475
 11
-186.2076368116886
 21
1478.390522351314
  0
LINE
  5
8B6
100
AcDbEntity
  8
5 Aerofoil
  6
ByLayer
 62
  256
370
   -1
100
AcDbLine
 10
-186.2076368116886
 20
1478.390522351314
 11
-177.5072330244285
 21
1478.713857171147
  0
LINE
  5
8B7
100
AcDbEntity
  8
5 Aerofoil
  6
ByLayer
 62
  256
370
   -1
100
AcDbLine
 10
-177.5072330244285
 20
1478.713857171147
 11
-168.3893151450518
 21
1478.913076836942
  0
LINE
  5
8B8
100
AcDbEntity
  8
5 Aerofoil
  6
ByLayer
 62
  256
370
   -1
100
AcDbLine
 10
-168.3893151450518
 20
1478.913076836942
 11
-159.1351207302832
 21
1479.077648610713
  0
LINE
  5
8B9
100
AcDbEntity
  8
5 Aerofoil
  6
ByLayer
 62
  256
370
   -1
100
AcDbLine
 10
-159.1351207302832
 20
1479.077648610713
 11
-149.8584723093956
 21
1479.181775760209
  0
LINE
  5
8BA
100
AcDbEntity
  8
5 Aerofoil
  6
ByLayer
 62
  256
370
   -1
100
AcDbLine
 10
-149.8584723093956
 20
1479.181775760209
 11
-140.6550694958227
 21
1479.207311286605
  0
LINE
  5
8BB
100
AcDbEntity
  8
5 Aerofoil
  6
ByLayer
 62
  256
370
   -1
100
AcDbLine
 10
-140.6550694958227
 20
1479.207311286605
 11
-131.6240542830429
 21
1479.146176477661
  0
LINE
  5
8BC
100
AcDbEntity
  8
5 Aerofoil
  6
ByLayer
 62
  256
370
   -1
100
AcDbLine
 10
-131.6240542830429
 20
1479.146176477661
 11
-122.8644744215399
 21
1478.996291707304
  0
LINE
  5
8BD
100
AcDbEntity
  8
5 Aerofoil
  6
ByLayer
 62
  256
370
   -1
100
AcDbLine
 10
-122.8644744215399
 20
1478.996291707304
 11
-114.4752205901394
 21
1478.765575826413
  0
LINE
  5
8BE
100
AcDbEntity
  8
5 Aerofoil
  6
ByLayer
 62
  256
370
   -1
100
AcDbLine
 10
-114.4752205901394
 20
1478.765575826413
 11
-106.5496900471187
 21
1478.467842057597
  0
LINE
  5
8BF
100
AcDbEntity
  8
5 Aerofoil
  6
ByLayer
 62
  256
370
   -1
100
AcDbLine
 10
-106.5496900471187
 20
1478.467842057597
 11
-99.17768059905228
 21
1478.116833813844
  0
LINE
  5
8C0
100
AcDbEntity
  8
5 Aerofoil
  6
ByLayer
 62
  256
370
   -1
100
AcDbLine
 10
-99.17768059905228
 20
1478.116833813844
 11
-92.44877015219326
 21
1477.740292375873
  0
LINE
  5
8C1
100
AcDbEntity
  8
5 Aerofoil
  6
ByLayer
 62
  256
370
   -1
100
AcDbLine
 10
-92.44877015219326
 20
1477.740292375873
 11
-86.4382958776431
 21
1477.355681308943
  0
LINE
  5
8C2
100
AcDbEntity
  8
5 Aerofoil
  6
ByLayer
 62
  256
370
   -1
100
AcDbLine
 10
-86.4382958776431
 20
1477.355681308943
 11
-81.22150070350821
 21
1476.986463264492
  0
LINE
  5
8C3
100
AcDbEntity
  8
5 Aerofoil
  6
ByLayer
 62
  256
370
   -1
100
AcDbLine
 10
-81.22150070350821
 20
1476.986463264492
 11
-76.86102947693578
 21
1476.655856560263
  0
LINE
  5
8C4
100
AcDbEntity
  8
5 Aerofoil
  6
ByLayer
 62
  256
370
   -1
100
AcDbLine
 10
-76.86102947693578
 20
1476.655856560263
 11
-73.41065407314352
 21
1476.378906208375
  0
LINE
  5
8C5
100
AcDbEntity
  8
5 Aerofoil
  6
ByLayer
 62
  256
370
   -1
100
AcDbLine
 10
-73.41065407314352
 20
1476.378906208375
 11
-70.91337942657178
 21
1476.168448096677
  0
LINE
  5
8C6
100
AcDbEntity
  8
5 Aerofoil
  6
ByLayer
 62
  256
370
   -1
100
AcDbLine
 10
-70.91337942657178
 20
1476.168448096677
 11
-69.40318042807466
 21
1476.039143284347
  0
LINE
  5
8C7
100
AcDbEntity
  8
5 Aerofoil
  6
ByLayer
 62
  256
370
   -1
100
AcDbLine
 10
-69.40318042807466
 20
1476.039143284347
 11
-68.89799150750163
 21
1475.995340210292
  0
LINE
  5
8C8
100
AcDbEntity
  8
5 Aerofoil
  6
ByLayer
 62
  256
370
   -1
100
AcDbLine
 10
-68.89799150750163
 20
1475.995340210292
 11
-68.84910298410297
 21
1476.242429818369
  0
SPLINE
  5
8C9
100
AcDbEntity
  8
6 Spar
  6
ByLayer
 62
  256
370
   -1
100
AcDbSpline
210
0
220
0
230
0
 70
    8
 71
    2
 72
   12
 73
    9
 74
    0
 42
1e-07
 43
1e-07
 40
0
 40
0
 40
0
 40
0.1428571428571428
 40
0.2857142857142857
 40
0.4285714285714285
 40
0.5714285714285714
 40
0.7142857142857143
 40
0.8571428571428571
 40
1
 40
1
 40
1
 10
-409.9958064993111
 20
1484.884427586462
 30
0
 10
-410.1610848423064
 20
1487.312201845299
 30
0
 10
-411.071588239397
 20
1489.801927128033
 30
0
 10
-412.7374747801646
 20
1491.688983020253
 30
0
 10
-416.0288910731355
 20
1493.890967483629
 30
0
 10
-418.9813798446157
 20
1495.285908940623
 30
0
 10
-422.5796166667263
 20
1496.578230926217
 30
0
 10
-426.9583907562096
 20
1497.466743438187
 30
0
 10
-428.8095884248503
 20
1497.378102008543
 30
0
  0
SPLINE
  5
8CA
100
AcDbEntity
  8
6 Spar
  6
ByLayer
 62
  256
370
   -1
100
AcDbSpline
210
0
220
0
230
0
 70
    8
 71
    2
 72
   12
 73
    9
 74
    0
 42
1e-07
 43
1e-07
 40
0
 40
0
 40
0
 40
0.1428571428571428
 40
0.2857142857142857
 40
0.4285714285714285
 40
0.5714285714285714
 40
0.7142857142857143
 40
0.8571428571428571
 40
1
 40
1
 40
1
 10
-448.0614068262974
 20
1484.884427586462
 30
0
 10
-447.8961284833022
 20
1487.312201845299
 30
0
 10
-446.9856250862114
 20
1489.801927128033
 30
0
 10
-445.3197385454438
 20
1491.688983020253
 30
0
 10
-442.0283222524729
 20
1493.890967483629
 30
0
 10
-439.0758334809929
 20
1495.285908940623
 30
0
 10
-435.4775966588822
 20
1496.578230926217
 30
0
 10
-431.098822569399
 20
1497.466743438187
 30
0
 10
-429.2476249007582
 20
1497.378102008543
 30
0
  0
LINE
  5
8CB
100
AcDbEntity
  8
6 Spar
  6
ByLayer
 62
  256
370
   -1
100
AcDbLine
 10
-448.0614068262976
 20
1484.884427586462
 11
-448.0614068262976
 21
1482.082955631897
  0
SPLINE
  5
8CC
100
AcDbEntity
  8
6 Spar
  6
ByLayer
 62
  256
370
   -1
100
AcDbSpline
210
0
220
0
230
0
 70
    8
 71
    2
 72
   12
 73
    9
 74
    0
 42
1e-07
 43
1e-07
 40
0
 40
0
 40
0
 40
0.1428571428571428
 40
0.2857142857142857
 40
0.4285714285714285
 40
0.5714285714285714
 40
0.7142857142857143
 40
0.8571428571428571
 40
1
 40
1
 40
1
 10
-453.7450407980209
 20
1481.687623067107
 30
0
 10
-454.2163442498406
 20
1484.850327698604
 30
0
 10
-451.6101820937597
 20
1489.887229240555
 30
0
 10
-448.2187933989057
 20
1493.50724319486
 30
0
 10
-444.244370054551
 20
1496.016388294505
 30
0
 10
-440.4370091663687
 20
1497.868367338025
 30
0
 10
-436.2609901037558
 20
1499.310657708292
 30
0
 10
-431.487656441538
 20
1500.263787692768
 30
0
 10
-429.042819902675
 20
1500.172809581195
 30
0
  0
SPLINE
  5
8CD
100
AcDbEntity
  8
6 Spar
  6
ByLayer
 62
  256
370
   -1
100
AcDbSpline
210
0
220
0
230
0
 70
    8
 71
    2
 72
   12
 73
    9
 74
    0
 42
1e-07
 43
1e-07
 40
0
 40
0
 40
0
 40
0.1428571428571428
 40
0.2857142857142857
 40
0.4285714285714285
 40
0.5714285714285714
 40
0.7142857142857143
 40
0.8571428571428571
 40
1
 40
1
 40
1
 10
-404.3121725275877
 20
1481.687623067107
 30
0
 10
-403.840869075768
 20
1484.850327698604
 30
0
 10
-406.447031231849
 20
1489.887229240555
 30
0
 10
-409.8384199267029
 20
1493.50724319486
 30
0
 10
-413.8128432710576
 20
1496.016388294505
 30
0
 10
-417.6202041592401
 20
1497.868367338025
 30
0
 10
-421.7962232218528
 20
1499.310657708292
 30
0
 10
-426.5695568840707
 20
1500.263787692768
 30
0
 10
-429.0143934229336
 20
1500.172809581195
 30
0
  0
LWPOLYLINE
  5
8CE
100
AcDbEntity
  8
6 Spar
  6
ByLayer
 62
  256
370
   -1
100
AcDbPolyline
 90
    2
 70
    0
 43
0
 10
-409.9958064993111
 20
1484.884427586462
 10
-409.9958064993111
 20
1482.082955631897
  0
LINE
  5
8CF
100
AcDbEntity
  8
6 Spar
  6
ByLayer
 62
  256
370
   -1
100
AcDbLine
 10
-453.7450407980209
 20
1481.687623067107
 11
-448.0614068262976
 21
1481.687623067107
  0
LINE
  5
8D0
100
AcDbEntity
  8
6 Spar
  6
ByLayer
 62
  256
370
   -1
100
AcDbLine
 10
-409.9958064993111
 20
1481.687623067107
 11
-404.3121725275877
 21
1481.687623067107
  0
DIMENSION
  5
8D1
100
AcDbEntity
  8
4 Text
  6
ByLayer
 62
  256
370
   -1
100
AcDbDimension
  2
*D107
 10
-404.3121725275877
 20
1503.298249654289
 30
0
 11
-429.0286066628043
 21
1507.985749654289
 31
0
 70
   32
 71
    5
 72
    0
  3
Standard
 53
0
210
0
220
0
230
1
100
AcDbAlignedDimension
 13
-453.7450407980209
 23
1481.687623067107
 33
0
 14
-404.3121725275877
 24
1481.687623067107
 34
0
100
AcDbRotatedDimension
  0
SPLINE
  5
8D2
100
AcDbEntity
  8
6 Spar
  6
ByLayer
 62
  256
370
   -1
100
AcDbSpline
210
0
220
0
230
0
 70
    8
 71
    2
 72
   12
 73
    9
 74
    0
 42
1e-07
 43
1e-07
 40
0
 40
0
 40
0
 40
0.1428571428571428
 40
0.2857142857142857
 40
0.4285714285714285
 40
0.5714285714285714
 40
0.7142857142857143
 40
0.8571428571428571
 40
1
 40
1
 40
1
 10
-411.723717433798
 20
1463.163896539003
 30
0
 10
-411.8824679766918
 20
1465.59167079784
 30
0
 10
-412.7570103152418
 20
1468.081396080573
 30
0
 10
-414.3571013371724
 20
1469.968451972794
 30
0
 10
-417.5185205160511
 20
1472.17043643617
 30
0
 10
-420.3543983864728
 20
1473.565377893164
 30
0
 10
-423.8105199727522
 20
1474.857699878757
 30
0
 10
-428.0163508839114
 20
1475.746212390728
 30
0
 10
-429.7944340227823
 20
1475.657570961084
 30
0
  0
SPLINE
  5
8D3
100
AcDbEntity
  8
6 Spar
  6
ByLayer
 62
  256
370
   -1
100
AcDbSpline
210
0
220
0
230
0
 70
    8
 71
    2
 72
   12
 73
    9
 74
    0
 42
1e-07
 43
1e-07
 40
0
 40
0
 40
0
 40
0.1428571428571428
 40
0.2857142857142857
 40
0.4285714285714285
 40
0.5714285714285714
 40
0.7142857142857143
 40
0.8571428571428571
 40
1
 40
1
 40
1
 10
-448.2858864873655
 20
1463.163896539003
 30
0
 10
-448.1271359444718
 20
1465.59167079784
 30
0
 10
-447.2525936059215
 20
1468.081396080573
 30
0
 10
-445.652502583991
 20
1469.968451972794
 30
0
 10
-442.4910834051122
 20
1472.17043643617
 30
0
 10
-439.6552055346907
 20
1473.565377893164
 30
0
 10
-436.1990839484112
 20
1474.857699878757
 30
0
 10
-431.9932530372521
 20
1475.746212390728
 30
0
 10
-430.2151698983811
 20
1475.657570961084
 30
0
  0
LINE
  5
8D4
100
AcDbEntity
  8
6 Spar
  6
ByLayer
 62
  256
370
   -1
100
AcDbLine
 10
-448.2858864873656
 20
1463.163896539003
 11
-448.2858864873656
 21
1460.362424584438
  0
SPLINE
  5
8D5
100
AcDbEntity
  8
6 Spar
  6
ByLayer
 62
  256
370
   -1
100
AcDbSpline
210
0
220
0
230
0
 70
    8
 71
    2
 72
   12
 73
    9
 74
    0
 42
1e-07
 43
1e-07
 40
0
 40
0
 40
0
 40
0.1428571428571428
 40
0.2857142857142857
 40
0.4285714285714285
 40
0.5714285714285714
 40
0.7142857142857143
 40
0.8571428571428571
 40
1
 40
1
 40
1
 10
-453.7450407980209
 20
1459.967092019648
 30
0
 10
-454.1977297437603
 20
1463.129796651145
 30
0
 10
-451.6945000425835
 20
1468.166698193096
 30
0
 10
-448.4370569516439
 20
1471.786712147401
 30
0
 10
-444.6196066301335
 20
1474.295857247046
 30
0
 10
-440.9626204997197
 20
1476.147836290566
 30
0
 10
-436.9515366437814
 20
1477.590126660833
 30
0
 10
-432.3667296051974
 20
1478.543256645309
 30
0
 10
-430.0184538371971
 20
1478.452278533736
 30
0
  0
SPLINE
  5
8D6
100
AcDbEntity
  8
6 Spar
  6
ByLayer
 62
  256
370
   -1
100
AcDbSpline
210
0
220
0
230
0
 70
    8
 71
    2
 72
   12
 73
    9
 74
    0
 42
1e-07
 43
1e-07
 40
0
 40
0
 40
0
 40
0.1428571428571428
 40
0.2857142857142857
 40
0.4285714285714285
 40
0.5714285714285714
 40
0.7142857142857143
 40
0.8571428571428571
 40
1
 40
1
 40
1
 10
-406.2645631231427
 20
1459.967092019648
 30
0
 10
-405.8118741774032
 20
1463.129796651145
 30
0
 10
-408.3151038785801
 20
1468.166698193096
 30
0
 10
-411.5725469695196
 20
1471.786712147401
 30
0
 10
-415.3899972910301
 20
1474.295857247046
 30
0
 10
-419.0469834214441
 20
1476.147836290566
 30
0
 10
-423.0580672773822
 20
1477.590126660833
 30
0
 10
-427.6428743159661
 20
1478.543256645309
 30
0
 10
-429.9911500839665
 20
1478.452278533736
 30
0
  0
LWPOLYLINE
  5
8D7
100
AcDbEntity
  8
6 Spar
  6
ByLayer
 62
  256
370
   -1
100
AcDbPolyline
 90
    2
 70
    0
 43
0
 10
-411.723717433798
 20
1463.163896539003
 10
-411.723717433798
 20
1460.362424584438
  0
LINE
  5
8D8
100
AcDbEntity
  8
6 Spar
  6
ByLayer
 62
  256
370
   -1
100
AcDbLine
 10
-453.7450407980209
 20
1459.967092019648
 11
-448.2858864873656
 21
1459.967092019648
  0
LINE
  5
8D9
100
AcDbEntity
  8
6 Spar
  6
ByLayer
 62
  256
370
   -1
100
AcDbLine
 10
-411.723717433798
 20
1459.967092019648
 11
-406.2645631231427
 21
1459.967092019648
  0
DIMENSION
  5
8DA
100
AcDbEntity
  8
4 Text
  6
ByLayer
 62
  256
370
   -1
100
AcDbDimension
  2
*D108
 10
-406.2645631231427
 20
1479.468049382559
 30
0
 11
-430.0048019605818
 21
1484.155549382559
 31
0
 70
   32
 71
    5
 72
    0
  3
Standard
 53
0
210
0
220
0
230
1
100
AcDbAlignedDimension
 13
-453.7450407980209
 23
1459.967092019648
 33
0
 14
-406.2645631231427
 24
1459.967092019648
 34
0
100
AcDbRotatedDimension
  0
SPLINE
  5
8DB
100
AcDbEntity
  8
6 Spar
  6
ByLayer
 62
  256
370
   -1
100
AcDbSpline
210
0
220
0
230
0
 70
    8
 71
    2
 72
   12
 73
    9
 74
    0
 42
1e-07
 43
1e-07
 40
0
 40
0
 40
0
 40
0.1428571428571428
 40
0.2857142857142857
 40
0.4285714285714285
 40
0.5714285714285714
 40
0.7142857142857143
 40
0.8571428571428571
 40
1
 40
1
 40
1
 10
-413.7433172960612
 20
1441.681722010506
 30
0
 10
-413.8954011494896
 20
1444.109496269343
 30
0
 10
-414.733217300594
 20
1446.599221552076
 30
0
 10
-416.2661128990314
 20
1448.486277444297
 30
0
 10
-419.2947690677735
 20
1450.688261907673
 30
0
 10
-422.0115549541356
 20
1452.083203364667
 30
0
 10
-425.3225375761618
 20
1453.37552535026
 30
0
 10
-429.3517456669048
 20
1454.264037862231
 30
0
 10
-431.0551586477129
 20
1454.175396432587
 30
0
  0
SPLINE
  5
8DC
100
AcDbEntity
  8
6 Spar
  6
ByLayer
 62
  256
370
   -1
100
AcDbSpline
210
0
220
0
230
0
 70
    8
 71
    2
 72
   12
 73
    9
 74
    0
 42
1e-07
 43
1e-07
 40
0
 40
0
 40
0
 40
0.1428571428571428
 40
0.2857142857142857
 40
0.4285714285714285
 40
0.5714285714285714
 40
0.7142857142857143
 40
0.8571428571428571
 40
1
 40
1
 40
1
 10
-448.7700671767755
 20
1441.681722010506
 30
0
 10
-448.6179833233472
 20
1444.109496269343
 30
0
 10
-447.7801671722425
 20
1446.599221552076
 30
0
 10
-446.2472715738051
 20
1448.486277444297
 30
0
 10
-443.2186154050631
 20
1450.688261907673
 30
0
 10
-440.5018295187012
 20
1452.083203364667
 30
0
 10
-437.1908468966749
 20
1453.37552535026
 30
0
 10
-433.161638805932
 20
1454.264037862231
 30
0
 10
-431.4582258251239
 20
1454.175396432587
 30
0
  0
LINE
  5
8DD
100
AcDbEntity
  8
6 Spar
  6
ByLayer
 62
  256
370
   -1
100
AcDbLine
 10
-448.7700671767756
 20
1441.681722010506
 11
-448.7700671767756
 21
1438.880250055941
  0
SPLINE
  5
8DE
100
AcDbEntity
  8
6 Spar
  6
ByLayer
 62
  256
370
   -1
100
AcDbSpline
210
0
220
0
230
0
 70
    8
 71
    2
 72
   12
 73
    9
 74
    0
 42
1e-07
 43
1e-07
 40
0
 40
0
 40
0
 40
0.1428571428571428
 40
0.2857142857142857
 40
0.4285714285714285
 40
0.5714285714285714
 40
0.7142857142857143
 40
0.8571428571428571
 40
1
 40
1
 40
1
 10
-453.9999656633614
 20
1438.484917491151
 30
0
 10
-454.4336440496997
 20
1441.647622122648
 30
0
 10
-452.0355368556588
 20
1446.684523664599
 30
0
 10
-448.9148892750999
 20
1450.304537618904
 30
0
 10
-445.2577518279837
 20
1452.813682718549
 30
0
 10
-441.7543399182696
 20
1454.665661762069
 30
0
 10
-437.9117005287225
 20
1456.107952132336
 30
0
 10
-433.5194313185305
 20
1457.061082116812
 30
0
 10
-431.2697708058792
 20
1456.970104005239
 30
0
  0
SPLINE
  5
8DF
100
AcDbEntity
  8
6 Spar
  6
ByLayer
 62
  256
370
   -1
100
AcDbSpline
210
0
220
0
230
0
 70
    8
 71
    2
 72
   12
 73
    9
 74
    0
 42
1e-07
 43
1e-07
 40
0
 40
0
 40
0
 40
0.1428571428571428
 40
0.2857142857142857
 40
0.4285714285714285
 40
0.5714285714285714
 40
0.7142857142857143
 40
0.8571428571428571
 40
1
 40
1
 40
1
 10
-408.5134188094754
 20
1438.484917491151
 30
0
 10
-408.0797404231371
 20
1441.647622122648
 30
0
 10
-410.477847617178
 20
1446.684523664599
 30
0
 10
-413.5984951977369
 20
1450.304537618904
 30
0
 10
-417.2556326448532
 20
1452.813682718549
 30
0
 10
-420.7590445545673
 20
1454.665661762069
 30
0
 10
-424.6016839441143
 20
1456.107952132336
 30
0
 10
-428.9939531543063
 20
1457.061082116812
 30
0
 10
-431.2436136669576
 20
1456.970104005239
 30
0
  0
LWPOLYLINE
  5
8E0
100
AcDbEntity
  8
6 Spar
  6
ByLayer
 62
  256
370
   -1
100
AcDbPolyline
 90
    2
 70
    0
 43
0
 10
-413.7433172960612
 20
1441.681722010506
 10
-413.7433172960612
 20
1438.880250055941
  0
LINE
  5
8E1
100
AcDbEntity
  8
6 Spar
  6
ByLayer
 62
  256
370
   -1
100
AcDbLine
 10
-453.9999656633614
 20
1438.484917491151
 11
-448.7700671767756
 21
1438.484917491151
  0
LINE
  5
8E2
100
AcDbEntity
  8
6 Spar
  6
ByLayer
 62
  256
370
   -1
100
AcDbLine
 10
-413.7433172960612
 20
1438.484917491151
 11
-408.5134188094754
 21
1438.484917491151
  0
DIMENSION
  5
8E3
100
AcDbEntity
  8
4 Text
  6
ByLayer
 62
  256
370
   -1
100
AcDbDimension
  2
*D109
 10
-408.5134188094754
 20
1458.054677500962
 30
0
 11
-431.2566922364184
 21
1462.742177500962
 31
0
 70
   32
 71
    5
 72
    0
  3
Standard
 53
0
210
0
220
0
230
1
100
AcDbAlignedDimension
 13
-453.9999656633614
 23
1438.484917491151
 33
0
 14
-408.5134188094754
 24
1438.484917491151
 34
0
100
AcDbRotatedDimension
  0
SPLINE
  5
8E4
100
AcDbEntity
  8
6 Spar
  6
ByLayer
 62
  256
370
   -1
100
AcDbSpline
210
0
220
0
230
0
 70
    8
 71
    2
 72
   12
 73
    9
 74
    0
 42
1e-07
 43
1e-07
 40
0
 40
0
 40
0
 40
0.1428571428571428
 40
0.2857142857142857
 40
0.4285714285714285
 40
0.5714285714285714
 40
0.7142857142857143
 40
0.8571428571428571
 40
1
 40
1
 40
1
 10
-356.0063054988574
 20
1463.231508396777
 30
0
 10
-356.1518615521844
 20
1465.659282655614
 30
0
 10
-356.9537166447482
 20
1468.149007938347
 30
0
 10
-358.4208167243486
 20
1470.036063830568
 30
0
 10
-361.3194757789985
 20
1472.238048293944
 30
0
 10
-363.9196507643021
 20
1473.632989750938
 30
0
 10
-367.088518150497
 20
1474.925311736531
 30
0
 10
-370.9447830629159
 20
1475.813824248502
 30
0
 10
-372.5750815139542
 20
1475.725182818858
 30
0
  0
SPLINE
  5
8E5
100
AcDbEntity
  8
6 Spar
  6
ByLayer
 62
  256
370
   -1
100
AcDbSpline
210
0
220
0
230
0
 70
    8
 71
    2
 72
   12
 73
    9
 74
    0
 42
1e-07
 43
1e-07
 40
0
 40
0
 40
0
 40
0.1428571428571428
 40
0.2857142857142857
 40
0.4285714285714285
 40
0.5714285714285714
 40
0.7142857142857143
 40
0.8571428571428571
 40
1
 40
1
 40
1
 10
-389.5296241061529
 20
1463.231508396777
 30
0
 10
-389.3840680528261
 20
1465.659282655614
 30
0
 10
-388.582212960262
 20
1468.149007938347
 30
0
 10
-387.1151128806617
 20
1470.036063830568
 30
0
 10
-384.2164538260117
 20
1472.238048293944
 30
0
 10
-381.6162788407083
 20
1473.632989750938
 30
0
 10
-378.4474114545134
 20
1474.925311736531
 30
0
 10
-374.5911465420945
 20
1475.813824248502
 30
0
 10
-372.9608480910562
 20
1475.725182818858
 30
0
  0
LINE
  5
8E6
100
AcDbEntity
  8
6 Spar
  6
ByLayer
 62
  256
370
   -1
100
AcDbLine
 10
-350.7732120310702
 20
1463.488137690043
 11
-350.7732120310702
 21
1460.430036442212
  0
LINE
  5
8E7
100
AcDbEntity
  8
6 Spar
  6
ByLayer
 62
  256
370
   -1
100
AcDbLine
 10
-394.7627175739402
 20
1463.488137690043
 11
-394.7627175739402
 21
1460.430036442212
  0
LINE
  5
8E8
100
AcDbEntity
  8
6 Spar
  6
ByLayer
 62
  256
370
   -1
100
AcDbLine
 10
-389.5296241061531
 20
1463.231508396777
 11
-389.5296241061531
 21
1460.430036442212
  0
SPLINE
  5
8E9
100
AcDbEntity
  8
6 Spar
  6
ByLayer
 62
  256
370
   -1
100
AcDbSpline
210
0
220
0
230
0
 70
    8
 71
    2
 72
   12
 73
    9
 74
    0
 42
1e-07
 43
1e-07
 40
0
 40
0
 40
0
 40
0.1428571428571428
 40
0.2857142857142857
 40
0.4285714285714285
 40
0.5714285714285714
 40
0.7142857142857143
 40
0.8571428571428571
 40
1
 40
1
 40
1
 10
-394.5350429316708
 20
1460.034703877421
 30
0
 10
-394.9501068119288
 20
1463.197408508919
 30
0
 10
-392.654932072792
 20
1468.23431005087
 30
0
 10
-389.6682300961475
 20
1471.854324005174
 30
0
 10
-386.1680656718755
 20
1474.36346910482
 30
0
 10
-382.81502851993
 20
1476.21544814834
 30
0
 10
-379.1373243370575
 20
1477.657738518606
 30
0
 10
-374.9335817504993
 20
1478.610868503083
 30
0
 10
-372.7804820087107
 20
1478.519890391509
 30
0
  0
SPLINE
  5
8EA
100
AcDbEntity
  8
6 Spar
  6
ByLayer
 62
  256
370
   -1
100
AcDbSpline
210
0
220
0
230
0
 70
    8
 71
    2
 72
   12
 73
    9
 74
    0
 42
1e-07
 43
1e-07
 40
0
 40
0
 40
0
 40
0.1428571428571428
 40
0.2857142857142857
 40
0.4285714285714285
 40
0.5714285714285714
 40
0.7142857142857143
 40
0.8571428571428571
 40
1
 40
1
 40
1
 10
-351.0008866733397
 20
1460.034703877421
 30
0
 10
-350.5858227930817
 20
1463.197408508919
 30
0
 10
-352.8809975322185
 20
1468.23431005087
 30
0
 10
-355.867699508863
 20
1471.854324005174
 30
0
 10
-359.367863933135
 20
1474.36346910482
 30
0
 10
-362.7209010850806
 20
1476.21544814834
 30
0
 10
-366.398605267953
 20
1477.657738518606
 30
0
 10
-370.6023478545112
 20
1478.610868503083
 30
0
 10
-372.7554475962998
 20
1478.519890391509
 30
0
  0
LWPOLYLINE
  5
8EB
100
AcDbEntity
  8
6 Spar
  6
ByLayer
 62
  256
370
   -1
100
AcDbPolyline
 90
    2
 70
    0
 43
0
 10
-356.0063054988574
 20
1463.231508396777
 10
-356.0063054988574
 20
1460.430036442212
  0
LINE
  5
8EC
100
AcDbEntity
  8
6 Spar
  6
ByLayer
 62
  256
370
   -1
100
AcDbLine
 10
-394.5350429316708
 20
1460.034703877421
 11
-389.5296241061531
 21
1460.034703877421
  0
LINE
  5
8ED
100
AcDbEntity
  8
6 Spar
  6
ByLayer
 62
  256
370
   -1
100
AcDbLine
 10
-356.0063054988574
 20
1460.034703877421
 11
-351.0008866733397
 21
1460.034703877421
  0
DIMENSION
  5
8EE
100
AcDbEntity
  8
4 Text
  6
ByLayer
 62
  256
370
   -1
100
AcDbDimension
  2
*D110
 10
-351.0008866733397
 20
1482.792568114156
 30
0
 11
-372.7679648025053
 21
1487.480068114156
 31
0
 70
   32
 71
    5
 72
    0
  3
Standard
 53
0
210
0
220
0
230
1
100
AcDbAlignedDimension
 13
-394.5350429316708
 23
1460.034703877421
 33
0
 14
-351.0008866733397
 24
1460.034703877421
 34
0
100
AcDbRotatedDimension
  0
DIMENSION
  5
8EF
100
AcDbEntity
  8
4 Text
  6
ByLayer
 62
  256
370
   -1
100
AcDbDimension
  2
*D111
 10
-257.7141778082066
 20
1451.416818180079
 30
0
 11
-321.315656941611
 21
1456.104318180079
 31
0
 70
   32
 71
    5
 72
    0
  3
Standard
 53
0
210
0
220
0
230
1
100
AcDbAlignedDimension
 13
-384.9171360750154
 23
1423.940972801335
 33
0
 14
-257.7141778082066
 24
1423.795454278888
 34
0
100
AcDbRotatedDimension
  0
POINT
  5
8F0
100
AcDbEntity
  8
7 Rib
  6
ByLayer
 62
  256
370
   -1
100
AcDbPoint
 10
375.766316803269
 20
1880.790421156954
  0
POINT
  5
8F1
100
AcDbEntity
  8
7 Rib
  6
ByLayer
 62
  256
370
   -1
100
AcDbPoint
 10
375.766316803269
 20
1880.790421156954
  0
MTEXT
  5
8F2
100
AcDbEntity
  8
4 Text
  6
ByLayer
 62
  256
370
   -1
100
AcDbMText
 10
671.0954313948798
 20
1855.277052401189
 30
0
 40
6
 41
140.3333364190591
 71
    1
 72
    1
  1
Upper Plunk 1mm balsa W = 60mm
  7
STANDARD
210
0
220
0
230
1
 50
0
 73
    2
 44
1
  0
DIMENSION
  5
8F3
100
AcDbEntity
  8
4 Text
  6
ByLayer
 62
  256
370
   -1
100
AcDbDimension
  2
*D112
 10
307.766316803269
 20
1897.980365622948
 30
0
 11
-8.233683196731022
 21
1902.667865622948
 31
0
 70
   32
 71
    5
  3
Standard
 53
0
210
0
220
0
230
1
100
AcDbAlignedDimension
 13
-324.233683196731
 23
1880.790421156954
 33
0
 14
307.766316803269
 24
1880.790421156954
 34
0
100
AcDbRotatedDimension
  0
DIMENSION
  5
8F4
100
AcDbEntity
  8
4 Text
  6
ByLayer
 62
  256
370
   -1
100
AcDbDimension
  2
*D113
 10
429.6527817105062
 20
1910.339855006214
 30
0
 11
368.7095492568876
 21
1915.027355006214
 31
0
 70
   32
 71
    5
  3
Standard
 53
0
210
0
220
0
230
1
100
AcDbAlignedDimension
 13
307.766316803269
 23
1880.790421156954
 33
0
 14
429.6527817105062
 24
1870.767932841547
 34
0
100
AcDbRotatedDimension
  0
LINE
  5
8F5
100
AcDbEntity
  8
7 Rib
  6
ByLayer
 62
  256
370
   -1
100
AcDbLine
 10
645.9214310949208
 20
1731.019811120208
 11
645.5825438007457
 21
1724.290900673349
  0
LINE
  5
8F6
100
AcDbEntity
  8
7 Rib
  6
ByLayer
 62
  256
370
   -1
100
AcDbLine
 10
645.5821553482427
 20
1724.283703949535
 11
645.2360053880069
 21
1718.273229674985
  0
LINE
  5
8F7
100
AcDbEntity
  8
7 Rib
  6
ByLayer
 62
  256
370
   -1
100
AcDbLine
 10
645.2356371165127
 20
1718.26715696612
 11
644.9033408765068
 21
1713.050361791985
  0
LINE
  5
8F8
100
AcDbEntity
  8
7 Rib
  6
ByLayer
 62
  256
370
   -1
100
AcDbLine
 10
657.812111911347
 20
1864.753990020585
 11
655.6035590248924
 21
1869.829707639576
  0
LINE
  5
8F9
100
AcDbEntity
  8
7 Rib
  6
ByLayer
 62
  256
370
   -1
100
AcDbLine
 10
659.875251698736
 20
1858.84379633142
 11
657.7850845945926
 21
1864.822985436704
  0
LINE
  5
8FA
100
AcDbEntity
  8
7 Rib
  6
ByLayer
 62
  256
370
   -1
100
AcDbLine
 10
661.7401773183744
 20
1852.092685606883
 11
659.8554202329869
 21
1858.907217039716
  0
LINE
  5
8FB
100
AcDbEntity
  8
7 Rib
  6
ByLayer
 62
  256
370
   -1
100
AcDbLine
 10
663.318002541751
 20
1844.585967788313
 11
661.72542839691
 21
1852.153314583141
  0
LINE
  5
8FC
100
AcDbEntity
  8
7 Rib
  6
ByLayer
 62
  256
370
   -1
100
AcDbLine
 10
664.5284804878064
 20
1836.421669600748
 11
663.3074119872459
 21
1844.645032642529
  0
LINE
  5
8FD
100
AcDbEntity
  8
7 Rib
  6
ByLayer
 62
  256
370
   -1
100
AcDbLine
 10
665.3101426367739
 20
1827.710488891046
 11
664.5216539110618
 21
1836.478985401248
  0
LINE
  5
8FE
100
AcDbEntity
  8
7 Rib
  6
ByLayer
 62
  256
370
   -1
100
AcDbLine
 10
665.4011696430973
 20
1809.119143411616
 11
665.6102621486398
 21
1818.622741688275
  0
LINE
  5
8FF
100
AcDbEntity
  8
7 Rib
  6
ByLayer
 62
  256
370
   -1
100
AcDbLine
 10
664.7641189181389
 20
1799.677265441194
 11
665.4031888304797
 21
1809.164357063348
  0
LINE
  5
900
100
AcDbEntity
  8
7 Rib
  6
ByLayer
 62
  256
370
   -1
100
AcDbLine
 10
663.8258901365091
 20
1790.159673450971
 11
664.7666765962822
 21
1799.708108736247
  0
LINE
  5
901
100
AcDbEntity
  8
7 Rib
  6
ByLayer
 62
  256
370
   -1
100
AcDbLine
 10
662.6169087840482
 20
1780.665806868239
 11
663.8290768753862
 21
1790.187901879229
  0
LINE
  5
902
100
AcDbEntity
  8
7 Rib
  6
ByLayer
 62
  256
370
   -1
100
AcDbLine
 10
661.1679034997092
 20
1771.309660193041
 11
662.6206785061008
 21
1780.692534830422
  0
LINE
  5
903
100
AcDbEntity
  8
7 Rib
  6
ByLayer
 62
  256
370
   -1
100
AcDbLine
 10
659.5200694253338
 20
1762.192718409133
 11
661.1720667611507
 21
1771.334479414675
  0
LINE
  5
904
100
AcDbEntity
  8
7 Rib
  6
ByLayer
 62
  256
370
   -1
100
AcDbLine
 10
657.7165620645587
 20
1753.417385558266
 11
659.5245974183213
 21
1762.216171088074
  0
LINE
  5
905
100
AcDbEntity
  8
7 Rib
  6
ByLayer
 62
  256
370
   -1
100
AcDbLine
 10
655.8074477644592
 20
1745.076109962772
 11
657.72129499294
 21
1753.43918245953
  0
LINE
  5
906
100
AcDbEntity
  8
7 Rib
  6
ByLayer
 62
  256
370
   -1
100
AcDbLine
 10
653.8480972393617
 20
1737.255929352883
 11
655.8122252647744
 21
1745.096044679827
  0
LINE
  5
907
100
AcDbEntity
  8
7 Rib
  6
ByLayer
 62
  256
370
   -1
100
AcDbLine
 10
651.8904711604916
 20
1730.041313863044
 11
653.8530111854161
 21
1737.274764506449
  0
LINE
  5
908
100
AcDbEntity
  8
7 Rib
  6
ByLayer
 62
  256
370
   -1
100
AcDbLine
 10
649.9914049311649
 20
1723.504454477162
 11
651.8952774666159
 21
1730.058425521403
  0
LINE
  5
909
100
AcDbEntity
  8
7 Rib
  6
ByLayer
 62
  256
370
   -1
100
AcDbLine
 10
648.2058921455633
 20
1717.70738787922
 11
649.996005914397
 21
1723.519831349451
  0
LINE
  5
90A
100
AcDbEntity
  8
7 Rib
  6
ByLayer
 62
  256
370
   -1
100
AcDbLine
 10
646.5888652435261
 20
1712.710237720883
 11
648.2101603829304
 21
1717.720905368108
  0
POINT
  5
90B
100
AcDbEntity
  8
7 Rib
  6
ByLayer
 62
  256
370
   -1
100
AcDbPoint
 10
643.0133526540054
 20
1700.790421156954
  0
LINE
  5
90C
100
AcDbEntity
  8
3 RefLine
  6
ByLayer
 62
  256
370
   -1
100
AcDbLine
 10
375.766316803269
 20
1730.790421156954
 11
675.7663168032691
 21
1730.790421156954
  0
POINT
  5
90D
100
AcDbEntity
  8
3 RefLine
  6
ByLayer
 62
  256
370
   -1
100
AcDbPoint
 10
643.0133526540054
 20
1700.790421156954
  0
LWPOLYLINE
  5
90E
100
AcDbEntity
  8
6 Spar
  6
ByLayer
 62
  256
370
   -1
100
AcDbPolyline
 90
    4
 70
    1
 43
0
 10
643.0133526540054
 20
1700.790421156954
 10
644.011473575261
 20
1700.729146149391
 10
645.8497238021648
 20
1730.672773787058
 10
644.8516028809092
 20
1730.734048794621
  0
DIMENSION
  5
90F
100
AcDbEntity
  8
4 Text
  6
ByLayer
 62
  256
370
   -1
100
AcDbDimension
  2
*D114
 10
621.9020782280272
 20
1702.086449997326
 30
0
 11
618.1425115230935
 21
1717.345490414113
 31
0
 70
   33
 71
    5
  3
Standard
 53
0
210
0
220
0
230
1
100
AcDbAlignedDimension
 13
644.8516028809092
 23
1730.734048794621
 33
0
 14
643.0133526540054
 24
1700.790421156954
 34
0
  0
LINE
  5
910
100
AcDbEntity
  8
7 Rib
  6
ByLayer
 62
  256
370
   -1
100
AcDbLine
 10
644.3321103756449
 20
1706.143817709728
 11
646.5927587652568
 21
1712.722020667752
  0
LINE
  5
911
100
AcDbEntity
  8
7 Rib
  6
ByLayer
 62
  256
370
   -1
100
AcDbLine
 10
644.9030433489806
 20
1713.045851538637
 11
644.3690751000082
 21
1706.032923536638
  0
DIMENSION
  5
912
100
AcDbEntity
  8
1 JPG
  6
ByLayer
 62
  256
370
   -1
100
AcDbDimension
  2
*D115
 10
389.2136110002442
 20
1250.978335591373
 30
0
 11
-5.4947803905917
 21
1255.665835591373
 31
0
 70
   32
 71
    5
 72
    0
  3
Standard
 53
0
210
0
220
0
230
1
100
AcDbAlignedDimension
 13
-400.2031717814276
 23
1403.916389796175
 33
0
 14
389.2136110002442
 24
1444.211445993847
 34
0
100
AcDbRotatedDimension
  0
DIMENSION
  5
913
100
AcDbEntity
  8
1 JPG
  6
ByLayer
 62
  256
370
   -1
100
AcDbDimension
  2
*D116
 10
401.9267012306099
 20
1216.192712532001
 30
0
 11
39.04728315064222
 21
1220.880212532001
 31
0
 70
   32
 71
    5
 72
    0
  3
Standard
 53
0
210
0
220
0
230
1
100
AcDbAlignedDimension
 13
-323.8321349293256
 23
1708.709110672101
 33
0
 14
401.9267012306099
 24
1815.958981725865
 34
0
100
AcDbRotatedDimension
  0
LWPOLYLINE
  5
914
100
AcDbEntity
  8
7 Rib
  6
ByLayer
 62
  256
370
   -1
100
AcDbPolyline
 90
    4
 70
    1
 43
0
 10
-324.2088786074041
 20
1880.759231271207
 10
-320.2088786074041
 20
1880.759231271207
 10
-320.2088786074041
 20
1700.759231271207
 10
-324.2088786074041
 20
1700.759231271207
  0
LWPOLYLINE
  5
915
100
AcDbEntity
  8
7 Rib
  6
ByLayer
 62
  256
370
   -1
100
AcDbPolyline
 90
    4
 70
    1
 43
0
 10
305.5913627536011
 20
1880.759231271207
 10
309.5913627536011
 20
1880.759231271207
 10
309.5913627536011
 20
1700.759231271207
 10
305.5913627536011
 20
1700.759231271207
  0
LWPOLYLINE
  5
916
100
AcDbEntity
  8
7 Rib
  6
ByLayer
 62
  256
370
   -1
100
AcDbPolyline
 90
    4
 70
    1
 43
0
 10
373.5354545058472
 20
1880.759231271207
 10
377.5354545058472
 20
1880.759231271207
 10
377.5354545058472
 20
1700.759231271207
 10
373.5354545058472
 20
1700.759231271207
  0
DIMENSION
  5
917
100
AcDbEntity
  8
4 Text
  6
ByLayer
 62
  256
370
   -1
100
AcDbDimension
  2
*D117
 10
309.5913627536011
 20
1920.30048138418
 30
0
 11
307.5913627536011
 21
1924.98798138418
 31
0
 70
   32
 71
    5
 72
    0
  3
Standard
 53
0
210
0
220
0
230
1
100
AcDbAlignedDimension
 13
305.5913627536011
 23
1880.759231271207
 33
0
 14
309.5913627536011
 24
1880.759231271207
 34
0
100
AcDbRotatedDimension
  0
DIMENSION
  5
918
100
AcDbEntity
  8
4 Text
  6
ByLayer
 62
  256
370
   -1
100
AcDbDimension
  2
*D118
 10
377.5354545058472
 20
1924.959310838522
 30
0
 11
375.5354545058472
 21
1929.646810838522
 31
0
 70
   32
 71
    5
 72
    0
  3
Standard
 53
0
210
0
220
0
230
1
100
AcDbAlignedDimension
 13
373.5354545058472
 23
1880.759231271207
 33
0
 14
377.5354545058472
 24
1880.759231271207
 34
0
100
AcDbRotatedDimension
  0
SPLINE
  5
919
100
AcDbEntity
  8
6 Spar
  6
ByLayer
 62
  256
370
   -1
100
AcDbSpline
210
0
220
0
230
0
 70
    8
 71
    2
 72
    8
 73
    5
 74
    0
 42
1e-07
 43
1e-07
 40
0
 40
0
 40
0
 40
0.3333333333333333
 40
0.6666666666666666
 40
1
 40
1
 40
1
 10
652.060013319681
 20
1730.754460745067
 30
0
 10
650.7106378605339
 20
1725.883153744737
 30
0
 10
648.6622947390119
 20
1719.149932883591
 30
0
 10
646.3726646429405
 20
1711.971967607707
 30
0
 10
644.4033520763572
 20
1706.351122113418
 30
0
  0
SPLINE
  5
91A
100
AcDbEntity
  8
6 Spar
  6
ByLayer
 62
  256
370
   -1
100
AcDbSpline
210
0
220
0
230
0
 70
    8
 71
    2
 72
   10
 73
    7
 74
    0
 42
1e-07
 43
1e-07
 40
0
 40
0
 40
0
 40
0.2
 40
0.4
 40
0.6
 40
0.8
 40
1
 40
1
 40
1
 10
653.2337831210144
 20
1730.790421156954
 30
0
 10
651.6637727414185
 20
1725.657239693014
 30
0
 10
649.5960875317743
 20
1718.772742699088
 30
0
 10
648.0167906617356
 20
1713.857730146579
 30
0
 10
646.5157789546519
 20
1709.336752411576
 30
0
 10
645.0269291652875
 20
1705.045689919769
 30
0
 10
644.2331407122416
 20
1702.828653936298
 30
0
  0
LINE
  5
91B
100
AcDbEntity
  8
6 Spar
  6
ByLayer
 62
  256
370
   -1
100
AcDbLine
 10
644.3690751000082
 20
1706.032923536638
 11
644.3690751000082
 21
1703.197378202403
  0
LINE
  5
91C
100
AcDbEntity
  8
6 Spar
  6
ByLayer
 62
  256
370
   -1
100
AcDbLine
 10
652.060013319681
 20
1730.754460745067
 11
653.2337831210144
 21
1730.790421156954
  0
DIMENSION
  5
91D
100
AcDbEntity
  8
4 Text
  6
ByLayer
 62
  256
370
   -1
100
AcDbDimension
  2
*D119
 10
660.3545763443947
 20
1697.375408032657
 30
0
 11
660.434687172987
 21
1712.910030924597
 31
0
 70
   33
 71
    5
 72
    0
  3
Standard
 53
0
210
0
220
0
230
1
100
AcDbAlignedDimension
 13
653.2337831210144
 23
1730.790421156954
 33
0
 14
644.1502384589215
 24
1702.596054770559
 34
0
  0
LINE
  5
91E
100
AcDbEntity
  8
7 Rib
  6
ByLayer
 62
  256
370
   -1
100
AcDbLine
 10
537.0194167603897
 20
1825.131089598757
 11
536.8290144706705
 21
1827.750525392584
  0
LINE
  5
91F
100
AcDbEntity
  8
7 Rib
  6
ByLayer
 62
  256
370
   -1
100
AcDbLine
 10
537.1324558641828
 20
1819.589994777075
 11
533.0944745950317
 21
1819.589994777075
  0
LINE
  5
920
100
AcDbEntity
  8
7 Rib
  6
ByLayer
 62
  256
370
   -1
100
AcDbLine
 10
533.0944745950317
 20
1819.589994777075
 11
533.0944745950317
 21
1825.263020427844
  0
LINE
  5
921
100
AcDbEntity
  8
7 Rib
  6
ByLayer
 62
  256
370
   -1
100
AcDbLine
 10
533.0944745950317
 20
1825.263020427844
 11
536.9864340531178
 21
1825.263020427844
  0
LINE
  5
922
100
AcDbEntity
  8
7 Rib
  6
ByLayer
 62
  256
370
   -1
100
AcDbLine
 10
536.9864340531178
 20
1825.263020427844
 11
536.9864340531178
 21
1825.197055013301
  0
LINE
  5
923
100
AcDbEntity
  8
7 Rib
  6
ByLayer
 62
  256
370
   -1
100
AcDbLine
 10
516.3614427126305
 20
1866.99492785222
 11
516.4268544714261
 21
1861.769390384953
  0
LINE
  5
924
100
AcDbEntity
  8
7 Rib
  6
ByLayer
 62
  256
370
   -1
100
AcDbLine
 10
518.7177650669477
 20
1825.149825009511
 11
524.0488767707519
 21
1825.41400781373
  0
LINE
  5
925
100
AcDbEntity
  8
7 Rib
  6
ByLayer
 62
  256
370
   -1
100
AcDbLine
 10
516.4251198590148
 20
1861.830187411026
 11
516.6890050247493
 21
1855.90808001422
  0
LINE
  5
926
100
AcDbEntity
  8
7 Rib
  6
ByLayer
 62
  256
370
   -1
100
AcDbLine
 10
516.6871191654415
 20
1855.943122189468
 11
517.1002791588793
 21
1849.393714046756
  0
LINE
  5
927
100
AcDbEntity
  8
7 Rib
  6
ByLayer
 62
  256
370
   -1
100
AcDbLine
 10
517.0992936706792
 20
1849.40842710352
 11
517.6034370403337
 21
1842.295745292639
  0
LINE
  5
928
100
AcDbEntity
  8
7 Rib
  6
ByLayer
 62
  256
370
   -1
100
AcDbLine
 10
517.6034527770754
 20
1842.295523086895
 11
518.1420877973113
 21
1834.683563271251
  0
LINE
  5
929
100
AcDbEntity
  8
7 Rib
  6
ByLayer
 62
  256
370
   -1
100
AcDbLine
 10
526.640787217093
 20
1870.583971978271
 11
516.5882067694675
 21
1870.583971978271
  0
LINE
  5
92A
100
AcDbEntity
  8
7 Rib
  6
ByLayer
 62
  256
370
   -1
100
AcDbLine
 10
516.3833326986078
 20
1870.595115247673
 11
516.3601039830306
 21
1866.895975893884
  0
LINE
  5
92B
100
AcDbEntity
  8
7 Rib
  6
ByLayer
 62
  256
370
   -1
100
AcDbLine
 10
518.4818973760072
 20
1809.419323197886
 11
518.6611950752225
 21
1800.301405318509
  0
LINE
  5
92C
100
AcDbEntity
  8
7 Rib
  6
ByLayer
 62
  256
370
   -1
100
AcDbLine
 10
518.6612603044933
 20
1800.297747876195
 11
518.8093749008875
 21
1791.043553461428
  0
LINE
  5
92D
100
AcDbEntity
  8
7 Rib
  6
ByLayer
 62
  256
370
   -1
100
AcDbLine
 10
518.8094519352156
 20
1791.037652051017
 11
518.9031663697609
 21
1781.761003630129
  0
LINE
  5
92E
100
AcDbEntity
  8
7 Rib
  6
ByLayer
 62
  256
370
   -1
100
AcDbLine
 10
518.9032142751619
 20
1781.753399068077
 11
518.9261962489193
 21
1772.549996254504
  0
LINE
  5
92F
100
AcDbEntity
  8
7 Rib
  6
ByLayer
 62
  256
370
   -1
100
AcDbLine
 10
518.926180808029
 20
1772.541406772975
 11
518.8711594799796
 21
1763.510391560195
  0
LINE
  5
930
100
AcDbEntity
  8
7 Rib
  6
ByLayer
 62
  256
370
   -1
100
AcDbLine
 10
518.8710594819128
 20
1763.501085899417
 11
518.7361631885911
 21
1754.741506037915
  0
LINE
  5
931
100
AcDbEntity
  8
7 Rib
  6
ByLayer
 62
  256
370
   -1
100
AcDbLine
 10
518.7359755744774
 20
1754.732160426046
 11
518.5283312816746
 21
1746.342906594645
  0
LINE
  5
932
100
AcDbEntity
  8
7 Rib
  6
ByLayer
 62
  256
370
   -1
100
AcDbLine
 10
518.5280663916765
 20
1746.333859773605
 11
518.260105999743
 21
1738.408329230584
  0
LINE
  5
933
100
AcDbEntity
  8
7 Rib
  6
ByLayer
 62
  256
370
   -1
100
AcDbLine
 10
518.2597601641985
 20
1738.399306706812
 11
517.9438527448212
 21
1731.027297258746
  0
LINE
  5
934
100
AcDbEntity
  8
7 Rib
  6
ByLayer
 62
  256
370
   -1
100
AcDbLine
 10
524.0488767707519
 20
1825.41400781373
 11
524.2210240145863
 21
1819.937633092253
  0
LINE
  5
935
100
AcDbEntity
  8
7 Rib
  6
ByLayer
 62
  256
370
   -1
100
AcDbLine
 10
518.1428917252653
 20
1819.537993587391
 11
524.2210240145863
 21
1819.937633092253
  0
LINE
  5
936
100
AcDbEntity
  8
7 Rib
  6
ByLayer
 62
  256
370
   -1
100
AcDbLine
 10
518.1428917252653
 20
1819.537993587391
 11
518.4815317848551
 21
1809.43309085845
  0
LINE
  5
937
100
AcDbEntity
  8
7 Rib
  6
ByLayer
 62
  256
370
   -1
100
AcDbLine
 10
518.1429459677626
 20
1834.670828262752
 11
518.7177650669477
 21
1825.149825009511
  0
LINE
  5
938
100
AcDbEntity
  8
7 Rib
  6
ByLayer
 62
  256
370
   -1
100
AcDbLine
 10
517.9435038389354
 20
1731.019811120208
 11
517.6046165447603
 21
1724.290900673349
  0
LINE
  5
939
100
AcDbEntity
  8
7 Rib
  6
ByLayer
 62
  256
370
   -1
100
AcDbLine
 10
517.6042280922574
 20
1724.283703949535
 11
517.2580781320215
 21
1718.273229674985
  0
LINE
  5
93A
100
AcDbEntity
  8
7 Rib
  6
ByLayer
 62
  256
370
   -1
100
AcDbLine
 10
517.2577098605274
 20
1718.26715696612
 11
516.9254136205215
 21
1713.050361791985
  0
LINE
  5
93B
100
AcDbEntity
  8
7 Rib
  6
ByLayer
 62
  256
370
   -1
100
AcDbLine
 10
529.8341846553616
 20
1864.753990020585
 11
527.6256317689071
 21
1869.829707639576
  0
LINE
  5
93C
100
AcDbEntity
  8
7 Rib
  6
ByLayer
 62
  256
370
   -1
100
AcDbLine
 10
531.8973244427506
 20
1858.84379633142
 11
529.8071573386072
 21
1864.822985436704
  0
LINE
  5
93D
100
AcDbEntity
  8
7 Rib
  6
ByLayer
 62
  256
370
   -1
100
AcDbLine
 10
533.7622500623891
 20
1852.092685606883
 11
531.8774929770016
 21
1858.907217039716
  0
LINE
  5
93E
100
AcDbEntity
  8
7 Rib
  6
ByLayer
 62
  256
370
   -1
100
AcDbLine
 10
535.3400752857656
 20
1844.585967788313
 11
533.7475011409247
 21
1852.153314583141
  0
LINE
  5
93F
100
AcDbEntity
  8
7 Rib
  6
ByLayer
 62
  256
370
   -1
100
AcDbLine
 10
536.550553231821
 20
1836.421669600748
 11
535.3294847312605
 21
1844.645032642529
  0
LINE
  5
940
100
AcDbEntity
  8
7 Rib
  6
ByLayer
 62
  256
370
   -1
100
AcDbLine
 10
537.3322153807885
 20
1827.710488891046
 11
536.5437266550764
 21
1836.478985401248
  0
LINE
  5
941
100
AcDbEntity
  8
7 Rib
  6
ByLayer
 62
  256
370
   -1
100
AcDbLine
 10
537.4232423871119
 20
1809.119143411616
 11
537.6323348926544
 21
1818.622741688275
  0
LINE
  5
942
100
AcDbEntity
  8
7 Rib
  6
ByLayer
 62
  256
370
   -1
100
AcDbLine
 10
536.7861916621536
 20
1799.677265441194
 11
537.4252615744944
 21
1809.164357063348
  0
LINE
  5
943
100
AcDbEntity
  8
7 Rib
  6
ByLayer
 62
  256
370
   -1
100
AcDbLine
 10
535.8479628805237
 20
1790.159673450971
 11
536.7887493402968
 21
1799.708108736247
  0
LINE
  5
944
100
AcDbEntity
  8
7 Rib
  6
ByLayer
 62
  256
370
   -1
100
AcDbLine
 10
534.6389815280628
 20
1780.665806868239
 11
535.8511496194009
 21
1790.187901879229
  0
LINE
  5
945
100
AcDbEntity
  8
7 Rib
  6
ByLayer
 62
  256
370
   -1
100
AcDbLine
 10
533.1899762437238
 20
1771.309660193041
 11
534.6427512501155
 21
1780.692534830422
  0
LINE
  5
946
100
AcDbEntity
  8
7 Rib
  6
ByLayer
 62
  256
370
   -1
100
AcDbLine
 10
531.5421421693484
 20
1762.192718409133
 11
533.1941395051654
 21
1771.334479414675
  0
LINE
  5
947
100
AcDbEntity
  8
7 Rib
  6
ByLayer
 62
  256
370
   -1
100
AcDbLine
 10
529.7386348085734
 20
1753.417385558266
 11
531.5466701623359
 21
1762.216171088074
  0
LINE
  5
948
100
AcDbEntity
  8
7 Rib
  6
ByLayer
 62
  256
370
   -1
100
AcDbLine
 10
527.8295205084738
 20
1745.076109962772
 11
529.7433677369546
 21
1753.43918245953
  0
LINE
  5
949
100
AcDbEntity
  8
7 Rib
  6
ByLayer
 62
  256
370
   -1
100
AcDbLine
 10
525.8701699833763
 20
1737.255929352883
 11
527.834298008789
 21
1745.096044679827
  0
LINE
  5
94A
100
AcDbEntity
  8
7 Rib
  6
ByLayer
 62
  256
370
   -1
100
AcDbLine
 10
523.9125439045063
 20
1730.041313863044
 11
525.8750839294307
 21
1737.274764506449
  0
LINE
  5
94B
100
AcDbEntity
  8
7 Rib
  6
ByLayer
 62
  256
370
   -1
100
AcDbLine
 10
522.0134776751795
 20
1723.504454477162
 11
523.9173502106305
 21
1730.058425521403
  0
LINE
  5
94C
100
AcDbEntity
  8
7 Rib
  6
ByLayer
 62
  256
370
   -1
100
AcDbLine
 10
520.2279648895779
 20
1717.70738787922
 11
522.0180786584116
 21
1723.519831349451
  0
LINE
  5
94D
100
AcDbEntity
  8
7 Rib
  6
ByLayer
 62
  256
370
   -1
100
AcDbLine
 10
518.6109379875408
 20
1712.710237720883
 11
520.2322331269451
 21
1717.720905368108
  0
LINE
  5
94E
100
AcDbEntity
  8
7 Rib
  6
ByLayer
 62
  256
370
   -1
100
AcDbLine
 10
516.3541831196595
 20
1706.143817709728
 11
518.6148315092714
 21
1712.722020667752
  0
LINE
  5
94F
100
AcDbEntity
  8
7 Rib
  6
ByLayer
 62
  256
370
   -1
100
AcDbLine
 10
516.9251160929953
 20
1713.045851538637
 11
516.3911478440228
 21
1706.032923536638
  0
DIMENSION
  5
950
100
AcDbEntity
  8
4 Text
  6
ByLayer
 62
  256
370
   -1
100
AcDbDimension
  2
*D120
 10
537.5615128177111
 20
1910.42684307229
 30
0
 11
526.9724227581594
 21
1915.11434307229
 31
0
 70
   32
 71
    5
 72
    0
  3
Standard
 53
0
210
0
220
0
230
1
100
AcDbAlignedDimension
 13
516.3833326986078
 23
1870.595115247673
 33
0
 14
537.5615128177111
 24
1815.403761899239
 34
0
100
AcDbRotatedDimension
  0
DIMENSION
  5
951
100
AcDbEntity
  8
4 Text
  6
ByLayer
 62
  256
370
   -1
100
AcDbDimension
  2
*D121
 10
489.6553159842198
 20
1706.032923536638
 30
0
 11
484.9678159842198
 21
1788.314019392155
 31
0
 70
   32
 71
    5
 72
    0
  3
Standard
 53
0
210
0
220
0
230
1
100
AcDbAlignedDimension
 13
516.3833326986078
 23
1870.595115247673
 33
0
 14
516.3911478440228
 24
1706.032923536638
 34
0
 50
90
100
AcDbRotatedDimension
  0
MTEXT
  5
952
100
AcDbEntity
  8
4 Text
  6
ByLayer
 62
  256
370
   -1
100
AcDbMText
 10
581.8797291496828
 20
1694.879079990454
 30
0
 40
6
 41
178.6666697523927
 71
    1
 72
    1
  1
Upper and Lower L.E. 1mm balsa W = 30mm
  7
STANDARD
210
0
220
0
230
1
 50
0
 73
    2
 44
1
  0
POINT
  5
953
100
AcDbEntity
  8
7 Rib
  6
ByLayer
 62
  256
370
   -1
100
AcDbPoint
 10
-320.050009541752
 20
1819.556804082872
  0
LWPOLYLINE
  5
954
100
AcDbEntity
  8
7 Rib
  6
ByLayer
 62
  256
370
   -1
100
AcDbPolyline
 90
    4
 70
    1
 43
0
 10
-320.050009541752
 20
1819.556804082872
 10
379.949990458248
 20
1819.556804082872
 10
379.949990458248
 20
1818.556804082872
 10
-320.050009541752
 20
1818.556804082872
  0
POINT
  5
955
100
AcDbEntity
  8
7 Rib
  6
ByLayer
 62
  256
370
   -1
100
AcDbPoint
 10
-319.9239228669532
 20
1825.104617774231
  0
DIMENSION
  5
956
100
AcDbEntity
  8
4 Text
  6
ByLayer
 62
  256
370
   -1
100
AcDbDimension
  2
*D122
 10
-320.2088786074041
 20
1885.676062939764
 30
0
 11
-322.2212809020675
 21
1890.363562939764
 31
0
 70
   32
 71
    5
  3
Standard
 53
0
210
0
220
0
230
1
100
AcDbAlignedDimension
 13
-324.233683196731
 23
1880.790421156954
 33
0
 14
-320.2088786074041
 24
1880.759231271207
 34
0
100
AcDbRotatedDimension
  0
POINT
  5
957
100
AcDbEntity
  8
6 Spar
  6
ByLayer
 62
  256
370
   -1
100
AcDbPoint
 10
-324.4846724446878
 20
1700.953436512878
  0
LINE
  5
958
100
AcDbEntity
  8
3 RefLine
  6
ByLayer
 62
  256
370
   -1
100
AcDbLine
 10
-155.6593377356705
 20
1617.049304154496
 11
-99.42945630626919
 21
1622.214470715861
  0
LINE
  5
959
100
AcDbEntity
  8
3 RefLine
  6
ByLayer
 62
  256
370
   -1
100
AcDbLine
 10
-155.6593377356705
 20
1617.049304154496
 11
-98.72511541153764
 21
1617.049304154496
  0
DIMENSION
  5
95A
100
AcDbEntity
  8
3 RefLine
  6
ByLayer
 62
  256
370
   -1
100
AcDbDimension
  2
*D123
 10
-99.42945630626919
 20
1622.214470715861
 30
0
 11
0
 21
0
 31
0
 70
   34
 71
    5
  3
Standard
 53
0
210
0
220
0
230
1
100
AcDb2LineAngularDimension
 13
-155.6593377356705
 23
1617.049304154496
 33
0
 14
-98.72511541153764
 24
1617.049304154496
 34
0
 15
-155.6593377356705
 25
1617.049304154496
 35
0
 16
-85.69480885900414
 26
1621.744910119373
 36
0
  0
LWPOLYLINE
  5
95B
100
AcDbEntity
  8
7 Rib
  6
ByLayer
 62
  256
370
   -1
100
AcDbPolyline
 90
    4
 70
    1
 43
0
 10
-505.766316803269
 20
1880.790421156954
 10
-507.766316803269
 20
1880.790421156954
 10
-507.766316803269
 20
1700.790421156954
 10
-505.766316803269
 20
1700.790421156954
  0
LWPOLYLINE
  5
95C
100
AcDbEntity
  8
7 Rib
  6
ByLayer
 62
  256
370
   -1
100
AcDbPolyline
 90
    4
 70
    1
 43
0
 10
-575.766316803269
 20
1880.790421156954
 10
-577.766316803269
 20
1880.790421156954
 10
-577.766316803269
 20
1700.790421156954
 10
-575.766316803269
 20
1700.790421156954
  0
LWPOLYLINE
  5
95D
100
AcDbEntity
  8
7 Rib
  6
ByLayer
 62
  256
370
   -1
100
AcDbPolyline
 90
    4
 70
    1
 43
0
 10
-645.766316803269
 20
1880.790421156954
 10
-647.766316803269
 20
1880.790421156954
 10
-647.766316803269
 20
1700.790421156954
 10
-645.766316803269
 20
1700.790421156954
  0
POINT
  5
95E
100
AcDbEntity
  8
7 Rib
  6
ByLayer
 62
  256
370
   -1
100
AcDbPoint
 10
-715.7663168032691
 20
1880.790421156954
  0
LWPOLYLINE
  5
95F
100
AcDbEntity
  8
7 Rib
  6
ByLayer
 62
  256
370
   -1
100
AcDbPolyline
 90
    4
 70
    1
 43
0
 10
-715.7663168032691
 20
1880.790421156954
 10
-717.7663168032691
 20
1880.790421156954
 10
-717.7663168032691
 20
1700.790421156954
 10
-715.7663168032691
 20
1700.790421156954
  0
POINT
  5
960
100
AcDbEntity
  8
7 Rib
  6
ByLayer
 62
  256
370
   -1
100
AcDbPoint
 10
-785.7663168032691
 20
1880.790421156954
  0
LWPOLYLINE
  5
961
100
AcDbEntity
  8
7 Rib
  6
ByLayer
 62
  256
370
   -1
100
AcDbPolyline
 90
    4
 70
    1
 43
0
 10
-785.7663168032691
 20
1880.790421156954
 10
-787.7663168032691
 20
1880.790421156954
 10
-787.7663168032691
 20
1700.790421156954
 10
-785.7663168032691
 20
1700.790421156954
  0
POINT
  5
962
100
AcDbEntity
  8
7 Rib
  6
ByLayer
 62
  256
370
   -1
100
AcDbPoint
 10
-855.7663168032691
 20
1880.790421156954
  0
LWPOLYLINE
  5
963
100
AcDbEntity
  8
7 Rib
  6
ByLayer
 62
  256
370
   -1
100
AcDbPolyline
 90
    4
 70
    1
 43
0
 10
-855.7663168032691
 20
1880.790421156954
 10
-857.7663168032691
 20
1880.790421156954
 10
-857.7663168032691
 20
1700.790421156954
 10
-855.7663168032691
 20
1700.790421156954
  0
POINT
  5
964
100
AcDbEntity
  8
7 Rib
  6
ByLayer
 62
  256
370
   -1
100
AcDbPoint
 10
-925.766316803269
 20
1880.790421156954
  0
LWPOLYLINE
  5
965
100
AcDbEntity
  8
7 Rib
  6
ByLayer
 62
  256
370
   -1
100
AcDbPolyline
 90
    4
 70
    1
 43
0
 10
-925.766316803269
 20
1880.790421156954
 10
-927.766316803269
 20
1880.790421156954
 10
-927.766316803269
 20
1700.790421156954
 10
-925.766316803269
 20
1700.790421156954
  0
POINT
  5
966
100
AcDbEntity
  8
7 Rib
  6
ByLayer
 62
  256
370
   -1
100
AcDbPoint
 10
-995.766316803269
 20
1880.790421156954
  0
LWPOLYLINE
  5
967
100
AcDbEntity
  8
7 Rib
  6
ByLayer
 62
  256
370
   -1
100
AcDbPolyline
 90
    4
 70
    1
 43
0
 10
-995.766316803269
 20
1880.790421156954
 10
-997.766316803269
 20
1880.790421156954
 10
-997.766316803269
 20
1700.790421156954
 10
-995.766316803269
 20
1700.790421156954
  0
POINT
  5
968
100
AcDbEntity
  8
7 Rib
  6
ByLayer
 62
  256
370
   -1
100
AcDbPoint
 10
-1065.766316803269
 20
1880.790421156954
  0
LINE
  5
969
100
AcDbEntity
  8
2 BaseLine
  6
ByLayer
 62
  256
370
   -1
100
AcDbLine
 10
-435.5153275553122
 20
1700.953436512878
 11
-1135.515327555312
 21
1700.953436512878
  0
LINE
  5
96A
100
AcDbEntity
  8
2 BaseLine
  6
ByLayer
 62
  256
370
   -1
100
AcDbLine
 10
-435.766316803269
 20
1880.790421156954
 11
-1135.766316803269
 21
1880.790421156954
  0
LINE
  5
96B
100
AcDbEntity
  8
2 BaseLine
  6
ByLayer
 62
  256
370
   -1
100
AcDbLine
 10
-435.766316803269
 20
1880.790421156954
 11
-435.766316803269
 21
1700.790421156954
  0
LINE
  5
96C
100
AcDbEntity
  8
2 BaseLine
  6
ByLayer
 62
  256
370
   -1
100
AcDbLine
 10
-1135.766316803269
 20
1880.790421156954
 11
-1135.515327555312
 21
1700.953436512878
  0
LWPOLYLINE
  5
96D
100
AcDbEntity
  8
6 Spar
  6
ByLayer
 62
  256
370
   -1
100
AcDbPolyline
 90
    4
 70
    1
 43
0
 10
-435.766316803269
 20
1880.790421156954
 10
-1135.511083076371
 20
1880.790421156954
 10
-1135.511083076371
 20
1870.756783823442
 10
-435.766316803269
 20
1870.756783823442
  0
POINT
  5
96E
100
AcDbEntity
  8
6 Spar
  6
ByLayer
 62
  256
370
   -1
100
AcDbPoint
 10
-435.7454205308513
 20
1870.756783823442
  0
POINT
  5
96F
100
AcDbEntity
  8
6 Spar
  6
ByLayer
 62
  256
370
   -1
100
AcDbPoint
 10
-435.6968721584162
 20
1826.244125751026
  0
LWPOLYLINE
  5
970
100
AcDbEntity
  8
6 Spar
  6
ByLayer
 62
  256
370
   -1
100
AcDbPolyline
 90
    4
 70
    1
 43
0
 10
-435.766316803269
 20
1880.790421156954
 10
-1135.766316803269
 20
1880.790421156954
 10
-1135.766316803269
 20
1819.790421156954
 10
-435.766316803269
 20
1819.790421156954
  0
LINE
  5
971
100
AcDbEntity
  8
2 BaseLine
  6
ByLayer
 62
  256
370
   -1
100
AcDbLine
 10
-1135.766316803269
 20
1880.790421156954
 11
-1135.766316803269
 21
1700.953436512878
  0
LWPOLYLINE
  5
972
100
AcDbEntity
  8
6 Spar
  6
ByLayer
 62
  256
370
   -1
100
AcDbPolyline
 90
    4
 70
    1
 43
0
 10
-435.6968721584162
 20
1824.868909006857
 10
-1135.696872158416
 20
1824.868909006857
 10
-1135.696872158416
 20
1819.868909006857
 10
-435.6968721584162
 20
1819.868909006857
  0
POINT
  5
973
100
AcDbEntity
  8
2 BaseLine
  6
ByLayer
 62
  256
370
   -1
100
AcDbPoint
 10
-435.766316803269
 20
1700.790421156954
  0
POINT
  5
974
100
AcDbEntity
  8
6 Spar
  6
ByLayer
 62
  256
370
   -1
100
AcDbPoint
 10
-435.766316803269
 20
1700.790421156954
  0
LWPOLYLINE
  5
975
100
AcDbEntity
  8
6 Spar
  6
ByLayer
 62
  256
370
   -1
100
AcDbPolyline
 90
    4
 70
    1
 43
0
 10
-435.766316803269
 20
1700.790421156954
 10
-1135.766316803269
 20
1700.790421156954
 10
-1135.766316803269
 20
1730.790421156954
 10
-435.766316803269
 20
1730.790421156954
  0
POINT
  5
976
100
AcDbEntity
  8
5 Aerofoil
  6
ByLayer
 62
  256
370
   -1
100
AcDbPoint
 10
-435.766316803269
 20
1700.790421156954
  0
SPLINE
  5
977
100
AcDbEntity
  8
2 BaseLine
  6
ByLayer
 62
  256
370
   -1
100
AcDbSpline
210
0
220
0
230
0
 70
    8
 71
    2
 72
   14
 73
   11
 74
    0
 42
1e-07
 43
1e-07
 40
0
 40
0
 40
0
 40
0.1111111111111111
 40
0.2222222222222222
 40
0.3333333333333333
 40
0.4444444444444444
 40
0.5555555555555556
 40
0.6666666666666666
 40
0.7777777777777778
 40
0.8888888888888888
 40
1
 40
1
 40
1
 10
-1135.766316803269
 20
1700.953436512878
 30
0
 10
-1156.2650775251
 20
1727.103887593846
 30
0
 10
-1173.78498436226
 20
1760.389525389043
 30
0
 10
-1184.277155122634
 20
1785.964191617455
 30
0
 10
-1189.942707372949
 20
1817.719882513284
 30
0
 10
-1188.327025259843
 20
1837.867354389222
 30
0
 10
-1182.905844854075
 20
1852.032601501836
 30
0
 10
-1176.900530198593
 20
1861.828720745717
 30
0
 10
-1162.384825463552
 20
1874.747482273367
 30
0
 10
-1147.200492427192
 20
1880.614156401052
 30
0
 10
-1135.766316803269
 20
1880.790421156954
 30
0
  0
LWPOLYLINE
  5
978
100
AcDbEntity
  8
6 Spar
  6
ByLayer
 62
  256
370
   -1
100
AcDbPolyline
 90
    4
 70
    1
 43
0
 10
-435.766316803269
 20
1880.790421156954
 10
-1167.015883140789
 20
1880.790421156954
 10
-1167.015883140789
 20
1870.781250984464
 10
-435.766316803269
 20
1870.781250984464
  0
LWPOLYLINE
  5
979
100
AcDbEntity
  8
5 Aerofoil
  6
ByLayer
 62
  256
370
   -1
100
AcDbPolyline
 90
    4
 70
    1
 43
0
 10
-1067.841638827088
 20
1870.767932841547
 10
-1189.652781710506
 20
1870.767932841547
 10
-1189.848774007042
 20
1700.4564346259
 10
-1067.841638827088
 20
1700.4564346259
  0
POINT
  5
97A
100
AcDbEntity
  8
7 Rib
  6
ByLayer
 62
  256
370
   -1
100
AcDbPoint
 10
-1135.766316803269
 20
1880.790421156954
  0
POINT
  5
97B
100
AcDbEntity
  8
7 Rib
  6
ByLayer
 62
  256
370
   -1
100
AcDbPoint
 10
-1135.766316803269
 20
1880.790421156954
  0
LWPOLYLINE
  5
97C
100
AcDbEntity
  8
7 Rib
  6
ByLayer
 62
  256
370
   -1
100
AcDbPolyline
 90
    4
 70
    1
 43
0
 10
-435.7911213925959
 20
1880.759231271207
 10
-439.7911213925959
 20
1880.759231271207
 10
-439.7911213925959
 20
1700.759231271207
 10
-435.7911213925959
 20
1700.759231271207
  0
LWPOLYLINE
  5
97D
100
AcDbEntity
  8
7 Rib
  6
ByLayer
 62
  256
370
   -1
100
AcDbPolyline
 90
    4
 70
    1
 43
0
 10
-1065.591362753601
 20
1880.759231271207
 10
-1069.591362753601
 20
1880.759231271207
 10
-1069.591362753601
 20
1700.759231271207
 10
-1065.591362753601
 20
1700.759231271207
  0
LWPOLYLINE
  5
97E
100
AcDbEntity
  8
7 Rib
  6
ByLayer
 62
  256
370
   -1
100
AcDbPolyline
 90
    4
 70
    1
 43
0
 10
-1133.535454505847
 20
1880.759231271207
 10
-1137.535454505847
 20
1880.759231271207
 10
-1137.535454505847
 20
1700.759231271207
 10
-1133.535454505847
 20
1700.759231271207
  0
POINT
  5
97F
100
AcDbEntity
  8
7 Rib
  6
ByLayer
 62
  256
370
   -1
100
AcDbPoint
 10
-439.949990458248
 20
1819.556804082872
  0
LWPOLYLINE
  5
980
100
AcDbEntity
  8
7 Rib
  6
ByLayer
 62
  256
370
   -1
100
AcDbPolyline
 90
    4
 70
    1
 43
0
 10
-439.949990458248
 20
1819.556804082872
 10
-1139.949990458248
 20
1819.556804082872
 10
-1139.949990458248
 20
1818.556804082872
 10
-439.949990458248
 20
1818.556804082872
  0
POINT
  5
981
100
AcDbEntity
  8
7 Rib
  6
ByLayer
 62
  256
370
   -1
100
AcDbPoint
 10
-440.0760771330468
 20
1825.104617774231
  0
POINT
  5
982
100
AcDbEntity
  8
6 Spar
  6
ByLayer
 62
  256
370
   -1
100
AcDbPoint
 10
-435.5153275553122
 20
1700.953436512878
  0
SPLINE
  5
983
100
AcDbEntity
  8
2 BaseLine
  6
ByLayer
 62
  256
370
   -1
100
AcDbSpline
210
0
220
0
230
0
 70
    8
 71
    2
 72
   14
 73
   11
 74
    0
 42
1e-07
 43
1e-07
 40
0
 40
0
 40
0
 40
0.1111111111111111
 40
0.2222222222222222
 40
0.3333333333333333
 40
0.4444444444444444
 40
0.5555555555555556
 40
0.6666666666666666
 40
0.7777777777777778
 40
0.8888888888888888
 40
1
 40
1
 40
1
 10
467.2780546747687
 20
1319.93718334841
 30
0
 10
490.0232745841046
 20
1346.087634429378
 30
0
 10
509.463188011549
 20
1379.373272224575
 30
0
 10
521.1051957655527
 20
1404.947938452987
 30
0
 10
527.3916358869801
 20
1436.703629348816
 30
0
 10
525.5988911710983
 20
1456.851101224754
 30
0
 10
519.5836036046628
 20
1471.016348337368
 30
0
 10
512.9201665160864
 20
1480.812467581249
 30
0
 10
496.8136856991321
 20
1493.7312291089
 30
0
 10
479.9653016053169
 20
1499.597903236585
 30
0
 10
467.2780546747687
 20
1499.774167992486
 30
0
  0
DIMENSION
  5
984
100
AcDbEntity
  8
4 Text
  6
ByLayer
 62
  256
370
   -1
100
AcDbDimension
  2
*D124
 10
526.5359489112113
 20
1508.191872164249
 30
0
 11
496.9070017929901
 21
1512.879372164249
 31
0
 70
   32
 71
    5
  3
Standard
 53
0
210
0
220
0
230
1
100
AcDbAlignedDimension
 13
467.2780546747687
 23
1449.940484367465
 33
0
 14
526.5359489112113
 24
1437.29653588185
 34
0
100
AcDbRotatedDimension
  0
LINE
  5
985
100
AcDbEntity
  8
3 RefLine
  6
ByLayer
 62
  256
370
   -1
100
AcDbLine
 10
-435.766316803269
 20
1880.790421156954
 11
260.3990099545219
 21
1953.960345444311
  0
LINE
  5
986
100
AcDbEntity
  8
3 RefLine
  6
ByLayer
 62
  256
370
   -1
100
AcDbLine
 10
-435.766316803269
 20
1880.790421156954
 11
-435.766316803269
 21
1898.790421156954
  0
LINE
  5
987
100
AcDbEntity
  8
3 RefLine
  6
ByLayer
 62
  256
370
   -1
100
AcDbLine
 10
-435.741512213942
 20
1898.821611042701
 11
260.4238145438489
 21
1971.991535330058
  0
LINE
  5
988
100
AcDbEntity
  8
3 RefLine
  6
ByLayer
 62
  256
370
   -1
100
AcDbLine
 10
-435.766316803269
 20
1898.790421156954
 11
-1131.93164356106
 21
1971.960345444311
  0
LINE
  5
989
100
AcDbEntity
  8
3 RefLine
  6
ByLayer
 62
  256
370
   -1
100
AcDbLine
 10
-575.766316803269
 20
1880.790421156954
 11
-575.766316803269
 21
1940.790421156954
  0
POINT
  5
98A
100
AcDbEntity
  8
7 Rib
  6
ByLayer
 62
  256
370
   -1
100
AcDbPoint
 10
-831.6854540762392
 20
1612.54465191972
  0
POINT
  5
98B
100
AcDbEntity
  8
7 Rib
  6
ByLayer
 62
  256
370
   -1
100
AcDbPoint
 10
-831.6606494869123
 20
1612.513462033973
  0
POINT
  5
98C
100
AcDbEntity
  8
7 Rib
  6
ByLayer
 62
  256
370
   -1
100
AcDbPoint
 10
-831.6606494869123
 20
1612.513462033973
  0
POINT
  5
98D
100
AcDbEntity
  8
7 Rib
  6
ByLayer
 62
  256
370
   -1
100
AcDbPoint
 10
-943.2180876827772
 20
1612.54465191972
  0
POINT
  5
98E
100
AcDbEntity
  8
7 Rib
  6
ByLayer
 62
  256
370
   -1
100
AcDbPoint
 10
-1013.218087682777
 20
1612.54465191972
  0
POINT
  5
98F
100
AcDbEntity
  8
7 Rib
  6
ByLayer
 62
  256
370
   -1
100
AcDbPoint
 10
-1083.218087682777
 20
1612.54465191972
  0
POINT
  5
990
100
AcDbEntity
  8
7 Rib
  6
ByLayer
 62
  256
370
   -1
100
AcDbPoint
 10
-1153.218087682777
 20
1612.54465191972
  0
POINT
  5
991
100
AcDbEntity
  8
7 Rib
  6
ByLayer
 62
  256
370
   -1
100
AcDbPoint
 10
-943.2428922721042
 20
1612.513462033973
  0
POINT
  5
992
100
AcDbEntity
  8
7 Rib
  6
ByLayer
 62
  256
370
   -1
100
AcDbPoint
 10
-943.2428922721042
 20
1612.513462033973
  0
LINE
  5
993
100
AcDbEntity
  8
7 Rib
  6
ByLayer
 62
  256
370
   -1
100
AcDbLine
 10
-943.1932830934503
 20
1630.575841805467
 11
-1083.119689744051
 21
1645.248902816813
  0
LINE
  5
994
100
AcDbEntity
  8
7 Rib
  6
ByLayer
 62
  256
370
   -1
100
AcDbLine
 10
-1083.119689744051
 20
1645.248902816813
 11
-1060.249801979743
 21
1624.910223846215
  0
LINE
  5
995
100
AcDbEntity
  8
7 Rib
  6
ByLayer
 62
  256
370
   -1
100
AcDbLine
 10
-1060.249801979743
 20
1624.910223846215
 11
-943.2180876827772
 21
1612.54465191972
  0
POINT
  5
996
100
AcDbEntity
  8
7 Rib
  6
ByLayer
 62
  256
370
   -1
100
AcDbPoint
 10
-943.2180876827772
 20
1612.54465191972
  0
POINT
  5
997
100
AcDbEntity
  8
7 Rib
  6
ByLayer
 62
  256
370
   -1
100
AcDbPoint
 10
-873.2180876827772
 20
1612.54465191972
  0
POINT
  5
998
100
AcDbEntity
  8
7 Rib
  6
ByLayer
 62
  256
370
   -1
100
AcDbPoint
 10
-803.2180876827772
 20
1612.54465191972
  0
POINT
  5
999
100
AcDbEntity
  8
7 Rib
  6
ByLayer
 62
  256
370
   -1
100
AcDbPoint
 10
-943.1932830934503
 20
1612.513462033973
  0
POINT
  5
99A
100
AcDbEntity
  8
7 Rib
  6
ByLayer
 62
  256
370
   -1
100
AcDbPoint
 10
-943.1932830934503
 20
1612.513462033973
  0
LINE
  5
99B
100
AcDbEntity
  8
7 Rib
  6
ByLayer
 62
  256
370
   -1
100
AcDbLine
 10
-943.2428922721042
 20
1630.575841805467
 11
-803.3164856215033
 21
1645.248902816813
  0
LINE
  5
99C
100
AcDbEntity
  8
7 Rib
  6
ByLayer
 62
  256
370
   -1
100
AcDbLine
 10
-803.3164856215033
 20
1645.248902816813
 11
-826.1863733858111
 21
1624.910223846215
  0
LINE
  5
99D
100
AcDbEntity
  8
7 Rib
  6
ByLayer
 62
  256
370
   -1
100
AcDbLine
 10
-826.1863733858111
 20
1624.910223846215
 11
-943.2180876827772
 21
1612.54465191972
  0
LINE
  5
99E
100
AcDbEntity
  8
3 RefLine
  6
ByLayer
 62
  256
370
   -1
100
AcDbLine
 10
-435.766316803269
 20
1880.790421156954
 11
-1120.469637316933
 21
2026.328604729385
  0
LINE
  5
99F
100
AcDbEntity
  8
3 RefLine
  6
ByLayer
 62
  256
370
   -1
100
AcDbLine
 10
672.0891865275272
 20
1880.74685007829
 11
-1162.483349173446
 21
1880.74685007829
  0
LINE
  5
9A0
100
AcDbEntity
  8
3 RefLine
  6
ByLayer
 62
  256
370
   -1
100
AcDbLine
 10
-1120.469637316933
 20
2026.328604729385
 11
-1120.469637316933
 21
1880.74685007829
  0
DIMENSION
  5
9A1
100
AcDbEntity
  8
4 Text
  6
ByLayer
 62
  256
370
   -1
100
AcDbDimension
  2
*D125
 10
-578.7936540800235
 20
1880.802140327352
 30
0
 11
-583.4811540800235
 21
1895.696761809362
 31
0
 70
   32
 71
    5
  3
Standard
 53
0
210
0
220
0
230
1
100
AcDbAlignedDimension
 13
-575.7049754697837
 23
1910.591383291371
 33
0
 14
-575.7049754697837
 24
1880.802140327352
 34
0
 50
90
100
AcDbRotatedDimension
  0
DIMENSION
  5
9A2
100
AcDbEntity
  8
4 Text
  6
ByLayer
 62
  256
370
   -1
100
AcDbDimension
  2
*D126
 10
-1189.70722022267
 20
1987.185404655489
 30
0
 11
-812.7367685129695
 21
1991.872904655489
 31
0
 70
   32
 71
    5
  3
Standard
 53
0
210
0
220
0
230
1
100
AcDbAlignedDimension
 13
-435.766316803269
 23
1880.790421156954
 33
0
 14
-1189.70722022267
 24
1823.4624788459
 34
0
100
AcDbRotatedDimension
  0
ENDSEC
  0
SECTION
  2
OBJECTS
  0
DICTIONARY
  5
C
330
0
100
AcDbDictionary
281
    1
  3
ACAD_GROUP
350
D
  3
ACAD_IMAGE_DICT
350
9A3
  0
DICTIONARY
  5
D
330
C
100
AcDbDictionary
281
    1
  0
IMAGEDEF_REACTOR
  5
4CC
330
4CD
100
AcDbRasterImageDefReactor
 90
    2
330
4CD
  0
IMAGEDEF_REACTOR
  5
4FF
330
500
100
AcDbRasterImageDefReactor
 90
    2
330
500
  0
DICTIONARY
  5
9A3
330
C
100
AcDbDictionary
281
    1
  3
7
350
4CB
  3
+++ElectraGlide_62_oz5272
350
4FE
  0
IMAGEDEF
  5
4CB
102
{ACAD_REACTORS
330
4CC
102
}
100
AcDbRasterImageDef
 90
    0
  1
C:/Users/takes/Documents/RC AirPlane Plans DXFs/__My Plan for build/ElectraGlide 62/7.gif
 10
360
 20
146
 11
1
 21
1
280
    1
281
    0
  0
IMAGEDEF
  5
4FE
102
{ACAD_REACTORS
330
4FF
102
}
100
AcDbRasterImageDef
 90
    0
  1
C:/Users/takes/Documents/RC AirPlane Plans DXFs/__My Plan for build/ElectraGlide 62/+++ElectraGlide_62_oz5272.jpg
 10
2755
 20
1936
 11
1
 21
1
280
    1
281
    0
  0
PLOTSETTINGS
  5
9A4
100
AcDbPlotSettings
  6
1x1
 40
4.23
 41
4.23
 42
4.23
 43
4.23
  0
ENDSEC
  0
EOF
